# Time, Layer_QualityIndex,bl_height,Mean_Layer_Height,n_BL,cloud_stat,cloud_dat
21/05/2022 10:00:00,2,380,340,3,1,290
21/05/2022 10:00:16,2,380,340,3,1,290
21/05/2022 10:00:32,2,380,340,3,1,340
21/05/2022 10:00:48,2,380,340,3,1,340
21/05/2022 10:01:04,2,370,340,3,1,270
21/05/2022 10:01:20,2,370,340,3,1,270
21/05/2022 10:01:36,2,370,340,3,1,280
21/05/2022 10:01:52,2,370,340,3,1,280
21/05/2022 10:02:08,2,370,340,3,1,280
21/05/2022 10:02:24,2,360,340,3,1,260
21/05/2022 10:02:40,2,360,340,3,1,260
21/05/2022 10:02:56,2,360,340,3,1,260
21/05/2022 10:03:12,2,360,340,3,1,260
21/05/2022 10:03:28,2,360,340,3,1,290
21/05/2022 10:03:44,2,360,340,3,1,290
21/05/2022 10:04:00,2,360,340,3,1,280
21/05/2022 10:04:16,2,360,340,3,1,280
21/05/2022 10:04:32,2,360,340,3,1,280
21/05/2022 10:04:48,2,360,340,3,1,260
21/05/2022 10:05:04,2,360,340,3,1,260
21/05/2022 10:05:20,2,360,340,3,1,330
21/05/2022 10:05:36,2,360,340,3,1,330
21/05/2022 10:05:52,2,360,340,3,1,310
21/05/2022 10:06:08,2,360,340,3,1,310
21/05/2022 10:06:24,2,360,340,3,1,310
21/05/2022 10:06:40,2,390,340,3,1,310
21/05/2022 10:06:56,2,390,340,3,1,310
21/05/2022 10:07:12,2,400,340,3,1,360
21/05/2022 10:07:28,2,400,340,3,1,360
21/05/2022 10:07:44,2,440,340,3,1,340
21/05/2022 10:08:00,2,440,340,3,1,340
21/05/2022 10:08:16,2,440,340,3,1,360
21/05/2022 10:08:32,2,440,340,3,1,360
21/05/2022 10:08:48,2,440,340,3,1,310
21/05/2022 10:09:04,2,440,340,3,1,310
21/05/2022 10:09:20,2,440,340,3,1,310
21/05/2022 10:09:36,2,440,340,3,1,290
21/05/2022 10:09:52,2,440,340,3,1,290
21/05/2022 10:10:08,2,440,340,3,1,280
21/05/2022 10:10:24,2,440,340,3,1,280
21/05/2022 10:10:40,2,410,340,3,1,320
21/05/2022 10:10:56,2,410,340,3,1,320
21/05/2022 10:11:12,2,410,340,3,1,340
21/05/2022 10:11:28,2,410,340,3,1,340
21/05/2022 10:11:44,2,410,340,3,1,340
21/05/2022 10:12:00,2,410,340,3,1,340
21/05/2022 10:12:16,2,410,340,3,1,340
21/05/2022 10:12:32,2,410,340,3,1,280
21/05/2022 10:12:48,2,380,340,3,1,280
21/05/2022 10:13:04,2,380,340,3,1,270
21/05/2022 10:13:20,2,380,340,3,1,270
21/05/2022 10:13:36,2,380,340,3,1,270
21/05/2022 10:13:52,2,370,340,3,1,270
21/05/2022 10:14:08,2,370,340,3,1,270
21/05/2022 10:14:24,2,370,340,3,1,290
21/05/2022 10:14:40,2,370,340,3,1,290
21/05/2022 10:14:56,2,370,340,3,1,310
21/05/2022 10:15:12,2,370,340,3,1,310
21/05/2022 10:15:28,2,370,340,3,1,290
21/05/2022 10:15:44,2,370,340,3,1,290
21/05/2022 10:16:00,2,370,340,3,1,280
21/05/2022 10:16:16,2,370,340,3,1,280
21/05/2022 10:16:32,2,370,340,3,1,280
21/05/2022 10:16:48,2,360,340,3,1,270
21/05/2022 10:17:04,2,360,340,3,1,270
21/05/2022 10:17:20,2,360,340,3,1,280
21/05/2022 10:17:36,2,360,340,3,1,280
21/05/2022 10:17:52,2,380,340,3,0,-999
21/05/2022 10:18:08,2,380,340,3,0,-999
21/05/2022 10:18:24,2,380,340,3,1,280
21/05/2022 10:18:40,2,380,340,3,1,280
21/05/2022 10:18:56,2,380,340,3,1,280
21/05/2022 10:19:12,2,380,340,3,1,310
21/05/2022 10:19:28,2,380,340,3,1,310
21/05/2022 10:19:44,2,380,340,3,1,300
21/05/2022 10:20:00,2,380,340,3,1,300
21/05/2022 10:20:16,2,380,340,3,0,-999
21/05/2022 10:20:32,2,370,340,3,0,-999
21/05/2022 10:20:48,2,370,340,3,0,-999
21/05/2022 10:21:04,2,370,340,3,0,-999
21/05/2022 10:21:20,2,370,340,3,0,-999
21/05/2022 10:21:36,2,380,340,3,1,330
21/05/2022 10:21:52,2,380,340,3,1,330
21/05/2022 10:22:08,2,370,340,3,1,280
21/05/2022 10:22:24,2,370,340,3,1,280
21/05/2022 10:22:40,2,370,340,3,1,280
21/05/2022 10:22:56,2,370,340,3,1,280
21/05/2022 10:23:12,2,370,340,3,1,270
21/05/2022 10:23:28,2,370,340,3,1,270
21/05/2022 10:23:44,2,370,340,3,1,270
21/05/2022 10:24:00,2,370,340,3,1,270
21/05/2022 10:24:16,2,360,340,3,1,270
21/05/2022 10:24:32,2,360,340,3,0,-999
21/05/2022 10:24:48,2,370,340,3,0,-999
21/05/2022 10:25:04,2,370,340,3,1,340
21/05/2022 10:25:20,2,370,340,3,1,340
21/05/2022 10:25:36,2,370,340,3,1,320
21/05/2022 10:25:52,2,370,340,3,1,320
21/05/2022 10:26:08,2,370,340,3,1,320
21/05/2022 10:26:24,2,400,340,3,1,340
21/05/2022 10:26:40,2,400,340,3,1,340
21/05/2022 10:26:56,2,400,340,3,1,280
21/05/2022 10:27:12,2,400,340,3,1,280
21/05/2022 10:27:28,2,400,340,3,1,280
21/05/2022 10:27:44,2,400,340,3,1,280
21/05/2022 10:28:00,2,400,340,3,1,290
21/05/2022 10:28:16,2,400,340,3,1,290
21/05/2022 10:28:32,2,400,340,3,1,290
21/05/2022 10:28:48,2,380,340,3,1,290
21/05/2022 10:29:04,2,380,340,3,1,290
21/05/2022 10:29:20,2,380,340,3,1,310
21/05/2022 10:29:36,2,380,340,3,1,310
21/05/2022 10:29:52,2,380,340,3,1,270
21/05/2022 10:30:08,2,380,340,3,1,270
21/05/2022 10:30:24,2,380,340,3,1,300
21/05/2022 10:30:40,2,380,340,3,1,300
21/05/2022 10:30:56,2,380,340,3,1,300
21/05/2022 10:31:12,2,380,340,3,1,260
21/05/2022 10:31:28,2,380,340,3,1,260
21/05/2022 10:31:44,2,380,340,3,1,260
21/05/2022 10:32:00,2,380,340,3,1,260
21/05/2022 10:32:16,2,390,340,3,1,310
21/05/2022 10:32:32,2,390,340,3,1,310
21/05/2022 10:32:48,2,390,340,3,1,310
21/05/2022 10:33:04,2,390,340,3,1,310
21/05/2022 10:33:20,2,390,340,3,1,310
21/05/2022 10:33:36,2,400,340,3,1,350
21/05/2022 10:33:52,2,400,340,3,1,350
21/05/2022 10:34:08,2,400,340,3,1,370
21/05/2022 10:34:24,2,400,340,3,1,370
21/05/2022 10:34:40,2,400,340,3,1,360
21/05/2022 10:34:56,2,420,340,3,1,360
21/05/2022 10:35:12,2,420,340,3,0,-999
21/05/2022 10:35:28,2,430,340,3,0,-999
21/05/2022 10:35:44,2,430,340,3,0,-999
21/05/2022 10:36:00,2,430,340,3,1,320
21/05/2022 10:36:16,2,430,340,3,1,320
21/05/2022 10:36:32,2,420,340,3,1,300
21/05/2022 10:36:48,2,420,340,3,1,300
21/05/2022 10:37:04,2,420,340,3,1,330
21/05/2022 10:37:20,2,420,340,3,1,330
21/05/2022 10:37:36,2,420,340,3,1,330
21/05/2022 10:37:52,2,420,340,3,1,330
21/05/2022 10:38:08,2,420,340,3,1,330
21/05/2022 10:38:24,2,400,340,3,1,330
21/05/2022 10:38:40,2,400,340,3,1,330
21/05/2022 10:38:56,2,400,340,3,1,310
21/05/2022 10:39:12,2,390,340,3,1,310
21/05/2022 10:39:28,2,390,340,3,1,350
21/05/2022 10:39:44,2,390,340,3,1,350
21/05/2022 10:40:00,2,400,340,3,1,350
21/05/2022 10:40:16,2,400,340,3,1,350
21/05/2022 10:40:32,2,400,340,3,1,350
21/05/2022 10:40:48,2,400,340,3,1,330
21/05/2022 10:41:04,2,400,340,3,1,330
21/05/2022 10:41:20,2,400,340,3,0,-999
21/05/2022 10:41:36,2,390,340,3,0,-999
21/05/2022 10:41:52,2,390,340,3,0,-999
21/05/2022 10:42:08,2,390,340,3,0,-999
21/05/2022 10:42:24,2,390,340,3,0,-999
21/05/2022 10:42:40,2,390,340,3,0,-999
21/05/2022 10:42:56,2,480,340,3,0,-999
21/05/2022 10:43:12,2,380,340,3,1,300
21/05/2022 10:43:28,2,380,340,3,1,300
21/05/2022 10:43:44,2,380,340,3,1,300
21/05/2022 10:44:00,2,380,340,3,1,300
21/05/2022 10:44:16,2,380,340,3,0,-999
21/05/2022 10:44:32,2,380,340,3,0,-999
21/05/2022 10:44:48,2,380,340,3,0,-999
21/05/2022 10:45:04,2,380,340,3,0,-999
21/05/2022 10:45:20,2,380,340,3,0,-999
21/05/2022 10:45:36,2,380,340,3,0,-999
21/05/2022 10:45:52,2,380,340,3,0,-999
21/05/2022 10:46:08,2,380,340,3,0,-999
21/05/2022 10:46:24,2,380,340,3,0,-999
21/05/2022 10:46:40,2,390,340,3,0,-999
21/05/2022 10:46:56,2,390,340,3,0,-999
21/05/2022 10:47:12,2,400,340,3,1,380
21/05/2022 10:47:28,2,400,340,3,1,380
21/05/2022 10:47:44,2,400,340,3,1,380
21/05/2022 10:48:00,2,420,340,3,1,370
21/05/2022 10:48:16,2,420,340,3,1,370
21/05/2022 10:48:32,2,410,340,3,1,320
21/05/2022 10:48:48,2,410,340,3,1,320
21/05/2022 10:49:04,2,420,340,3,0,-999
21/05/2022 10:49:20,2,420,340,3,0,-999
21/05/2022 10:49:36,2,450,340,3,1,410
21/05/2022 10:49:52,2,450,340,3,1,410
21/05/2022 10:50:08,2,450,340,3,1,410
21/05/2022 10:50:24,2,450,340,3,1,420
21/05/2022 10:50:40,2,470,340,3,1,420
21/05/2022 10:50:56,2,470,340,3,1,320
21/05/2022 10:51:12,2,450,340,3,1,320
21/05/2022 10:51:28,2,450,340,3,1,310
21/05/2022 10:51:44,2,450,340,3,1,310
21/05/2022 10:52:00,2,450,340,3,1,420
21/05/2022 10:52:16,2,500,340,3,1,420
21/05/2022 10:52:32,2,500,340,3,1,420
21/05/2022 10:52:48,2,500,340,3,1,400
21/05/2022 10:53:04,2,510,340,3,1,400
21/05/2022 10:53:20,2,510,340,3,1,440
21/05/2022 10:53:36,2,550,340,3,1,440
21/05/2022 10:53:52,2,550,340,3,1,410
21/05/2022 10:54:08,2,550,340,3,1,410
21/05/2022 10:54:24,2,550,340,3,2,370
21/05/2022 10:54:40,2,550,340,3,2,370
21/05/2022 10:54:56,2,550,340,3,2,370
21/05/2022 10:55:12,2,550,340,3,1,430
21/05/2022 10:55:28,2,550,340,3,1,430
21/05/2022 10:55:44,2,550,340,3,2,340
21/05/2022 10:56:00,2,550,340,3,2,340
21/05/2022 10:56:16,2,670,340,3,0,-999
21/05/2022 10:56:32,2,670,340,3,0,-999
21/05/2022 10:56:48,2,10,340,3,0,-999
21/05/2022 10:57:04,2,10,340,3,0,-999
21/05/2022 10:57:20,2,10,340,3,0,-999
21/05/2022 10:57:36,2,690,340,3,0,-999
21/05/2022 10:57:52,2,680,340,3,0,-999
21/05/2022 10:58:08,2,530,340,3,1,490
21/05/2022 10:58:24,2,530,340,3,1,490
21/05/2022 10:58:40,2,550,340,3,1,470
21/05/2022 10:58:56,2,550,340,3,1,470
21/05/2022 10:59:12,2,550,340,3,1,390
21/05/2022 10:59:28,2,530,340,3,1,390
21/05/2022 10:59:44,2,530,340,3,1,390
21/05/2022 11:00:00,-999,550,-999,3,1,360
21/05/2022 11:00:16,-999,530,-999,3,1,360
21/05/2022 11:00:32,-999,530,-999,3,1,420
21/05/2022 11:00:48,-999,530,-999,3,1,420
21/05/2022 11:01:04,-999,530,-999,3,1,410
21/05/2022 11:01:20,-999,520,-999,3,1,410
21/05/2022 11:01:36,-999,520,-999,3,2,400
21/05/2022 11:01:52,-999,530,-999,3,2,400
21/05/2022 11:02:08,-999,530,-999,3,2,400
21/05/2022 11:02:24,-999,530,-999,3,1,500
21/05/2022 11:02:40,-999,530,-999,3,1,500
21/05/2022 11:02:56,-999,530,-999,3,1,410
21/05/2022 11:03:12,-999,530,-999,3,1,410
21/05/2022 11:03:28,-999,10,-999,3,0,-999
21/05/2022 11:03:44,-999,10,-999,3,0,-999
21/05/2022 11:04:00,-999,600,-999,3,0,-999
21/05/2022 11:04:16,-999,600,-999,3,0,-999
21/05/2022 11:04:32,-999,600,-999,3,0,-999
21/05/2022 11:04:48,-999,530,-999,3,1,490
21/05/2022 11:05:04,-999,530,-999,3,1,490
21/05/2022 11:05:20,-999,590,-999,3,1,510
21/05/2022 11:05:36,-999,590,-999,3,1,510
21/05/2022 11:05:52,-999,590,-999,3,1,500
21/05/2022 11:06:08,-999,590,-999,3,1,500
21/05/2022 11:06:24,-999,550,-999,3,1,430
21/05/2022 11:06:40,-999,550,-999,3,1,430
21/05/2022 11:06:56,-999,550,-999,3,1,430
21/05/2022 11:07:12,-999,550,-999,3,1,420
21/05/2022 11:07:28,-999,550,-999,3,1,420
21/05/2022 11:07:44,-999,680,-999,3,0,-999
21/05/2022 11:08:00,-999,680,-999,3,0,-999
21/05/2022 11:08:16,-999,590,-999,3,1,500
21/05/2022 11:08:32,-999,610,-999,3,1,500
21/05/2022 11:08:48,-999,610,-999,3,1,480
21/05/2022 11:09:04,-999,610,-999,3,1,480
21/05/2022 11:09:20,-999,600,-999,3,1,480
21/05/2022 11:09:36,-999,600,-999,3,1,490
21/05/2022 11:09:52,-999,600,-999,3,1,490
21/05/2022 11:10:08,-999,600,-999,3,1,550
21/05/2022 11:10:24,-999,600,-999,3,1,550
21/05/2022 11:10:40,-999,600,-999,3,1,470
21/05/2022 11:10:56,-999,600,-999,3,1,470
21/05/2022 11:11:12,-999,600,-999,3,1,400
21/05/2022 11:11:28,-999,600,-999,3,1,400
21/05/2022 11:11:44,-999,600,-999,3,1,400
21/05/2022 11:12:00,-999,590,-999,3,2,350
21/05/2022 11:12:16,-999,590,-999,3,2,350
21/05/2022 11:12:32,-999,590,-999,3,1,580
21/05/2022 11:12:48,-999,590,-999,3,1,580
21/05/2022 11:13:04,-999,-999,-999,3,1,530
21/05/2022 11:13:20,-999,-999,-999,3,1,530
21/05/2022 11:13:36,-999,-999,-999,3,1,490
21/05/2022 11:13:52,-999,650,-999,3,1,490
21/05/2022 11:14:08,-999,650,-999,3,1,490
21/05/2022 11:14:24,-999,-999,-999,3,1,460
21/05/2022 11:14:40,-999,-999,-999,3,1,460
21/05/2022 11:14:56,-999,-999,-999,3,1,430
21/05/2022 11:15:12,-999,570,-999,3,1,430
21/05/2022 11:15:28,-999,630,-999,3,1,490
21/05/2022 11:15:44,-999,630,-999,3,1,490
21/05/2022 11:16:00,-999,600,-999,3,1,460
21/05/2022 11:16:16,-999,600,-999,3,1,460
21/05/2022 11:16:32,-999,600,-999,3,1,460
21/05/2022 11:16:48,-999,570,-999,3,1,420
21/05/2022 11:17:04,-999,570,-999,3,1,420
21/05/2022 11:17:20,-999,570,-999,3,1,580
21/05/2022 11:17:36,-999,570,-999,3,1,580
21/05/2022 11:17:52,-999,750,-999,3,0,-999
21/05/2022 11:18:08,-999,730,-999,3,0,-999
21/05/2022 11:18:24,-999,570,-999,3,1,520
21/05/2022 11:18:40,-999,570,-999,3,1,520
21/05/2022 11:18:56,-999,600,-999,3,1,520
21/05/2022 11:19:12,-999,720,-999,3,0,-999
21/05/2022 11:19:28,-999,730,-999,3,0,-999
21/05/2022 11:19:44,-999,630,-999,3,1,590
21/05/2022 11:20:00,-999,660,-999,3,1,590
21/05/2022 11:20:16,-999,660,-999,3,1,530
21/05/2022 11:20:32,-999,670,-999,3,1,530
21/05/2022 11:20:48,-999,670,-999,3,1,540
21/05/2022 11:21:04,-999,700,-999,3,1,540
21/05/2022 11:21:20,-999,700,-999,3,1,540
21/05/2022 11:21:36,-999,700,-999,3,1,580
21/05/2022 11:21:52,-999,700,-999,3,1,580
21/05/2022 11:22:08,-999,700,-999,3,1,600
21/05/2022 11:22:24,-999,720,-999,3,1,600
21/05/2022 11:22:40,-999,720,-999,3,1,640
21/05/2022 11:22:56,-999,730,-999,3,1,640
21/05/2022 11:23:12,-999,730,-999,3,1,600
21/05/2022 11:23:28,-999,730,-999,3,1,600
21/05/2022 11:23:44,-999,730,-999,3,1,600
21/05/2022 11:24:00,-999,750,-999,3,1,580
21/05/2022 11:24:16,-999,750,-999,3,1,580
21/05/2022 11:24:32,-999,750,-999,3,1,600
21/05/2022 11:24:48,-999,750,-999,3,1,600
21/05/2022 11:25:04,-999,750,-999,3,1,530
21/05/2022 11:25:20,-999,750,-999,3,1,530
21/05/2022 11:25:36,-999,750,-999,3,1,420
21/05/2022 11:25:52,-999,760,-999,3,1,420
21/05/2022 11:26:08,-999,750,-999,3,1,420
21/05/2022 11:26:24,-999,750,-999,3,1,400
21/05/2022 11:26:40,-999,750,-999,3,1,400
21/05/2022 11:26:56,-999,-999,-999,3,1,390
21/05/2022 11:27:12,-999,-999,-999,3,1,390
21/05/2022 11:27:28,-999,640,-999,3,0,-999
21/05/2022 11:27:44,-999,640,-999,3,0,-999
21/05/2022 11:28:00,-999,510,-999,3,1,480
21/05/2022 11:28:16,-999,540,-999,3,1,480
21/05/2022 11:28:32,-999,540,-999,3,1,480
21/05/2022 11:28:48,-999,540,-999,3,1,450
21/05/2022 11:29:04,-999,530,-999,3,1,450
21/05/2022 11:29:20,-999,530,-999,3,1,420
21/05/2022 11:29:36,-999,510,-999,3,1,420
21/05/2022 11:29:52,-999,510,-999,3,1,390
21/05/2022 11:30:08,-999,500,-999,3,1,390
21/05/2022 11:30:24,-999,680,-999,3,0,-999
21/05/2022 11:30:40,-999,680,-999,3,0,-999
21/05/2022 11:30:56,-999,690,-999,3,0,-999
21/05/2022 11:31:12,-999,530,-999,3,1,440
21/05/2022 11:31:28,-999,550,-999,3,1,440
21/05/2022 11:31:44,-999,550,-999,3,1,430
21/05/2022 11:32:00,-999,540,-999,3,1,430
21/05/2022 11:32:16,-999,540,-999,3,1,420
21/05/2022 11:32:32,-999,530,-999,3,1,420
21/05/2022 11:32:48,-999,540,-999,3,1,480
21/05/2022 11:33:04,-999,540,-999,3,1,480
21/05/2022 11:33:20,-999,540,-999,3,1,480
21/05/2022 11:33:36,-999,540,-999,3,1,560
21/05/2022 11:33:52,-999,540,-999,3,1,560
21/05/2022 11:34:08,-999,550,-999,3,1,510
21/05/2022 11:34:24,-999,550,-999,3,1,510
21/05/2022 11:34:40,-999,550,-999,3,1,430
21/05/2022 11:34:56,-999,550,-999,3,1,430
21/05/2022 11:35:12,-999,550,-999,3,1,410
21/05/2022 11:35:28,-999,600,-999,3,1,410
21/05/2022 11:35:44,-999,600,-999,3,1,410
21/05/2022 11:36:00,-999,600,-999,3,1,460
21/05/2022 11:36:16,-999,600,-999,3,1,460
21/05/2022 11:36:32,-999,600,-999,3,1,410
21/05/2022 11:36:48,-999,600,-999,3,1,410
21/05/2022 11:37:04,-999,600,-999,3,1,410
21/05/2022 11:37:20,-999,600,-999,3,1,410
21/05/2022 11:37:36,-999,600,-999,3,1,400
21/05/2022 11:37:52,-999,540,-999,3,1,400
21/05/2022 11:38:08,-999,540,-999,3,1,400
21/05/2022 11:38:24,-999,520,-999,3,1,400
21/05/2022 11:38:40,-999,520,-999,3,1,400
21/05/2022 11:38:56,-999,500,-999,3,2,400
21/05/2022 11:39:12,-999,500,-999,3,2,400
21/05/2022 11:39:28,-999,490,-999,3,1,390
21/05/2022 11:39:44,-999,490,-999,3,1,390
21/05/2022 11:40:00,-999,490,-999,3,2,420
21/05/2022 11:40:16,-999,490,-999,3,2,420
21/05/2022 11:40:32,-999,490,-999,3,2,420
21/05/2022 11:40:48,-999,490,-999,3,2,480
21/05/2022 11:41:04,-999,490,-999,3,2,480
21/05/2022 11:41:20,-999,490,-999,3,1,840
21/05/2022 11:41:36,-999,490,-999,3,1,840
21/05/2022 11:41:52,-999,490,-999,3,1,690
21/05/2022 11:42:08,-999,490,-999,3,1,690
21/05/2022 11:42:24,-999,490,-999,3,2,500
21/05/2022 11:42:40,-999,570,-999,3,2,500
21/05/2022 11:42:56,-999,570,-999,3,2,500
21/05/2022 11:43:12,-999,570,-999,3,1,450
21/05/2022 11:43:28,-999,570,-999,3,1,450
21/05/2022 11:43:44,-999,570,-999,3,2,440
21/05/2022 11:44:00,-999,570,-999,3,2,440
21/05/2022 11:44:16,-999,570,-999,3,1,920
21/05/2022 11:44:32,-999,570,-999,3,1,920
21/05/2022 11:44:48,-999,-999,-999,3,2,610
21/05/2022 11:45:04,-999,-999,-999,3,2,610
21/05/2022 11:45:20,-999,-999,-999,3,2,610
21/05/2022 11:45:36,-999,-999,-999,3,1,850
21/05/2022 11:45:52,-999,-999,-999,3,1,850
21/05/2022 11:46:08,-999,-999,-999,3,1,820
21/05/2022 11:46:24,-999,990,-999,3,1,820
21/05/2022 11:46:40,-999,990,-999,3,2,540
21/05/2022 11:46:56,-999,970,-999,3,2,540
21/05/2022 11:47:12,-999,460,-999,3,2,720
21/05/2022 11:47:28,-999,430,-999,3,2,720
21/05/2022 11:47:44,-999,430,-999,3,2,720
21/05/2022 11:48:00,-999,390,-999,3,2,690
21/05/2022 11:48:16,-999,390,-999,3,2,690
21/05/2022 11:48:32,-999,390,-999,3,1,550
21/05/2022 11:48:48,-999,930,-999,3,1,550
21/05/2022 11:49:04,-999,-999,-999,3,1,470
21/05/2022 11:49:20,-999,-999,-999,3,1,470
21/05/2022 11:49:36,-999,-999,-999,3,1,530
21/05/2022 11:49:52,-999,-999,-999,3,1,530
21/05/2022 11:50:08,-999,-999,-999,3,1,530
21/05/2022 11:50:24,-999,-999,-999,3,2,420
21/05/2022 11:50:40,-999,-999,-999,3,2,420
21/05/2022 11:50:56,-999,-999,-999,3,2,400
21/05/2022 11:51:12,-999,-999,-999,3,2,400
21/05/2022 11:51:28,-999,-999,-999,3,1,420
21/05/2022 11:51:44,-999,-999,-999,3,1,420
21/05/2022 11:52:00,-999,-999,-999,3,2,480
21/05/2022 11:52:16,-999,520,-999,3,2,480
21/05/2022 11:52:32,-999,500,-999,3,2,480
21/05/2022 11:52:48,-999,500,-999,3,1,600
21/05/2022 11:53:04,-999,500,-999,3,1,600
21/05/2022 11:53:20,-999,890,-999,3,0,-999
21/05/2022 11:53:36,-999,890,-999,3,0,-999
21/05/2022 11:53:52,-999,500,-999,3,1,1060
21/05/2022 11:54:08,-999,500,-999,3,1,1060
21/05/2022 11:54:24,-999,500,-999,3,1,970
21/05/2022 11:54:40,-999,500,-999,3,1,970
21/05/2022 11:54:56,-999,500,-999,3,1,970
21/05/2022 11:55:12,-999,500,-999,3,1,990
21/05/2022 11:55:28,-999,500,-999,3,1,990
21/05/2022 11:55:44,-999,500,-999,3,1,1040
21/05/2022 11:56:00,-999,500,-999,3,1,1040
21/05/2022 11:56:16,-999,500,-999,3,1,1060
21/05/2022 11:56:32,-999,1160,-999,3,1,1060
21/05/2022 11:56:48,-999,540,-999,3,1,1030
21/05/2022 11:57:04,-999,540,-999,3,1,1030
21/05/2022 11:57:20,-999,620,-999,3,1,1030
21/05/2022 11:57:36,-999,620,-999,3,1,1110
21/05/2022 11:57:52,-999,620,-999,3,1,1110
21/05/2022 11:58:08,-999,620,-999,3,2,380
21/05/2022 11:58:24,-999,620,-999,3,2,380
21/05/2022 11:58:40,-999,630,-999,3,2,360
21/05/2022 11:58:56,-999,630,-999,3,2,360
21/05/2022 11:59:12,-999,630,-999,3,1,420
21/05/2022 11:59:28,-999,630,-999,3,1,420
21/05/2022 11:59:44,-999,630,-999,3,1,420
21/05/2022 12:00:00,1,490,590,3,1,410
21/05/2022 12:00:16,1,490,590,3,1,410
21/05/2022 12:00:32,1,490,590,3,2,390
21/05/2022 12:00:48,1,490,590,3,2,390
21/05/2022 12:01:04,1,490,590,3,1,1240
21/05/2022 12:01:20,1,490,590,3,1,1240
21/05/2022 12:01:36,1,490,590,3,1,420
21/05/2022 12:01:52,1,490,590,3,1,420
21/05/2022 12:02:08,1,490,590,3,1,420
21/05/2022 12:02:24,1,490,590,3,1,390
21/05/2022 12:02:40,1,490,590,3,1,390
21/05/2022 12:02:56,1,490,590,3,2,380
21/05/2022 12:03:12,1,490,590,3,2,380
21/05/2022 12:03:28,1,490,590,3,2,860
21/05/2022 12:03:44,1,490,590,3,2,860
21/05/2022 12:04:00,1,490,590,3,1,740
21/05/2022 12:04:16,1,490,590,3,1,740
21/05/2022 12:04:32,1,490,590,3,1,740
21/05/2022 12:04:48,1,490,590,3,2,580
21/05/2022 12:05:04,1,490,590,3,2,580
21/05/2022 12:05:20,1,490,590,3,3,650
21/05/2022 12:05:36,1,-999,590,3,3,650
21/05/2022 12:05:52,1,-999,590,3,1,920
21/05/2022 12:06:08,1,-999,590,3,1,920
21/05/2022 12:06:24,1,-999,590,3,1,1000
21/05/2022 12:06:40,1,-999,590,3,1,1000
21/05/2022 12:06:56,1,-999,590,3,1,1000
21/05/2022 12:07:12,1,-999,590,3,1,1080
21/05/2022 12:07:28,1,-999,590,3,1,1080
21/05/2022 12:07:44,1,-999,590,3,2,710
21/05/2022 12:08:00,1,-999,590,3,2,710
21/05/2022 12:08:16,1,-999,590,3,2,730
21/05/2022 12:08:32,1,-999,590,3,2,730
21/05/2022 12:08:48,1,-999,590,3,1,520
21/05/2022 12:09:04,1,-999,590,3,1,520
21/05/2022 12:09:20,1,-999,590,3,1,520
21/05/2022 12:09:36,1,-999,590,3,1,590
21/05/2022 12:09:52,1,-999,590,3,1,590
21/05/2022 12:10:08,1,-999,590,3,1,630
21/05/2022 12:10:24,1,-999,590,3,1,630
21/05/2022 12:10:40,1,-999,590,3,1,550
21/05/2022 12:10:56,1,-999,590,3,1,550
21/05/2022 12:11:12,1,-999,590,3,1,460
21/05/2022 12:11:28,1,-999,590,3,1,460
21/05/2022 12:11:44,1,-999,590,3,1,460
21/05/2022 12:12:00,1,690,590,3,0,-999
21/05/2022 12:12:16,1,690,590,3,0,-999
21/05/2022 12:12:32,1,620,590,3,1,470
21/05/2022 12:12:48,1,620,590,3,1,470
21/05/2022 12:13:04,1,660,590,3,0,-999
21/05/2022 12:13:20,1,650,590,3,0,-999
21/05/2022 12:13:36,1,700,590,3,0,-999
21/05/2022 12:13:52,1,680,590,3,0,-999
21/05/2022 12:14:08,1,690,590,3,0,-999
21/05/2022 12:14:24,1,10,590,3,0,-999
21/05/2022 12:14:40,1,10,590,3,0,-999
21/05/2022 12:14:56,1,610,590,3,0,-999
21/05/2022 12:15:12,1,610,590,3,0,-999
21/05/2022 12:15:28,1,620,590,3,0,-999
21/05/2022 12:15:44,1,600,590,3,0,-999
21/05/2022 12:16:00,1,620,590,3,0,-999
21/05/2022 12:16:16,1,640,590,3,0,-999
21/05/2022 12:16:32,1,670,590,3,0,-999
21/05/2022 12:16:48,1,690,590,3,0,-999
21/05/2022 12:17:04,1,380,590,3,0,-999
21/05/2022 12:17:20,1,380,590,3,1,340
21/05/2022 12:17:36,1,380,590,3,1,340
21/05/2022 12:17:52,1,390,590,3,1,350
21/05/2022 12:18:08,1,390,590,3,1,350
21/05/2022 12:18:24,1,380,590,3,1,280
21/05/2022 12:18:40,1,380,590,3,1,280
21/05/2022 12:18:56,1,380,590,3,1,280
21/05/2022 12:19:12,1,380,590,3,0,-999
21/05/2022 12:19:28,1,380,590,3,0,-999
21/05/2022 12:19:44,1,380,590,3,0,-999
21/05/2022 12:20:00,1,750,590,3,0,-999
21/05/2022 12:20:16,1,390,590,3,1,480
21/05/2022 12:20:32,1,390,590,3,1,480
21/05/2022 12:20:48,1,420,590,3,1,450
21/05/2022 12:21:04,1,960,590,3,1,450
21/05/2022 12:21:20,1,960,590,3,1,450
21/05/2022 12:21:36,1,480,590,3,1,380
21/05/2022 12:21:52,1,480,590,3,1,380
21/05/2022 12:22:08,1,480,590,3,1,360
21/05/2022 12:22:24,1,480,590,3,1,360
21/05/2022 12:22:40,1,490,590,3,1,400
21/05/2022 12:22:56,1,490,590,3,1,400
21/05/2022 12:23:12,1,490,590,3,1,360
21/05/2022 12:23:28,1,490,590,3,1,360
21/05/2022 12:23:44,1,490,590,3,1,360
21/05/2022 12:24:00,1,490,590,3,1,360
21/05/2022 12:24:16,1,490,590,3,1,360
21/05/2022 12:24:32,1,490,590,3,1,420
21/05/2022 12:24:48,1,490,590,3,1,420
21/05/2022 12:25:04,1,490,590,3,2,400
21/05/2022 12:25:20,1,490,590,3,2,400
21/05/2022 12:25:36,1,490,590,3,1,440
21/05/2022 12:25:52,1,500,590,3,1,440
21/05/2022 12:26:08,1,500,590,3,1,440
21/05/2022 12:26:24,1,550,590,3,1,440
21/05/2022 12:26:40,1,550,590,3,1,440
21/05/2022 12:26:56,1,550,590,3,1,680
21/05/2022 12:27:12,1,550,590,3,1,680
21/05/2022 12:27:28,1,550,590,3,1,860
21/05/2022 12:27:44,1,550,590,3,1,860
21/05/2022 12:28:00,1,550,590,3,1,820
21/05/2022 12:28:16,1,550,590,3,1,820
21/05/2022 12:28:32,1,550,590,3,1,820
21/05/2022 12:28:48,1,500,590,3,3,380
21/05/2022 12:29:04,1,500,590,3,3,380
21/05/2022 12:29:20,1,500,590,3,2,370
21/05/2022 12:29:36,1,500,590,3,2,370
21/05/2022 12:29:52,1,500,590,3,2,520
21/05/2022 12:30:08,1,500,590,3,2,520
21/05/2022 12:30:24,1,480,590,3,1,500
21/05/2022 12:30:40,1,480,590,3,1,500
21/05/2022 12:30:56,1,1030,590,3,1,500
21/05/2022 12:31:12,1,1030,590,3,2,400
21/05/2022 12:31:28,1,-999,590,3,2,400
21/05/2022 12:31:44,1,-999,590,3,2,380
21/05/2022 12:32:00,1,640,590,3,2,380
21/05/2022 12:32:16,1,640,590,3,3,430
21/05/2022 12:32:32,1,640,590,3,3,430
21/05/2022 12:32:48,1,640,590,3,2,490
21/05/2022 12:33:04,1,630,590,3,2,490
21/05/2022 12:33:20,1,630,590,3,2,490
21/05/2022 12:33:36,1,630,590,3,2,400
21/05/2022 12:33:52,1,610,590,3,2,400
21/05/2022 12:34:08,1,610,590,3,2,690
21/05/2022 12:34:24,1,610,590,3,2,690
21/05/2022 12:34:40,1,600,590,3,1,650
21/05/2022 12:34:56,1,600,590,3,1,650
21/05/2022 12:35:12,1,-999,590,3,1,680
21/05/2022 12:35:28,1,-999,590,3,1,680
21/05/2022 12:35:44,1,-999,590,3,1,680
21/05/2022 12:36:00,1,-999,590,3,2,700
21/05/2022 12:36:16,1,-999,590,3,2,700
21/05/2022 12:36:32,1,-999,590,3,1,800
21/05/2022 12:36:48,1,-999,590,3,1,800
21/05/2022 12:37:04,1,-999,590,3,2,690
21/05/2022 12:37:20,1,780,590,3,2,690
21/05/2022 12:37:36,1,780,590,3,3,660
21/05/2022 12:37:52,1,780,590,3,3,660
21/05/2022 12:38:08,1,-999,590,3,3,660
21/05/2022 12:38:24,1,-999,590,3,2,800
21/05/2022 12:38:40,1,1050,590,3,2,800
21/05/2022 12:38:56,1,1050,590,3,1,850
21/05/2022 12:39:12,1,1050,590,3,1,850
21/05/2022 12:39:28,1,400,590,3,2,780
21/05/2022 12:39:44,1,400,590,3,2,780
21/05/2022 12:40:00,1,400,590,3,1,940
21/05/2022 12:40:16,1,400,590,3,1,940
21/05/2022 12:40:32,1,400,590,3,1,940
21/05/2022 12:40:48,1,400,590,3,1,870
21/05/2022 12:41:04,1,410,590,3,1,870
21/05/2022 12:41:20,1,420,590,3,1,940
21/05/2022 12:41:36,1,420,590,3,1,940
21/05/2022 12:41:52,1,420,590,3,1,1020
21/05/2022 12:42:08,1,420,590,3,1,1020
21/05/2022 12:42:24,1,420,590,3,1,1060
21/05/2022 12:42:40,1,420,590,3,1,1060
21/05/2022 12:42:56,1,420,590,3,1,1060
21/05/2022 12:43:12,1,500,590,3,1,1140
21/05/2022 12:43:28,1,500,590,3,1,1140
21/05/2022 12:43:44,1,500,590,3,1,1060
21/05/2022 12:44:00,1,500,590,3,1,1060
21/05/2022 12:44:16,1,500,590,3,1,1040
21/05/2022 12:44:32,1,500,590,3,1,1040
21/05/2022 12:44:48,1,500,590,3,1,1180
21/05/2022 12:45:04,1,500,590,3,1,1180
21/05/2022 12:45:20,1,500,590,3,1,1180
21/05/2022 12:45:36,1,490,590,3,1,1100
21/05/2022 12:45:52,1,480,590,3,1,1100
21/05/2022 12:46:08,1,480,590,3,1,1070
21/05/2022 12:46:24,1,480,590,3,1,1070
21/05/2022 12:46:40,1,470,590,3,0,-999
21/05/2022 12:46:56,1,470,590,3,0,-999
21/05/2022 12:47:12,1,470,590,3,1,1040
21/05/2022 12:47:28,1,470,590,3,1,1040
21/05/2022 12:47:44,1,460,590,3,1,1040
21/05/2022 12:48:00,1,460,590,3,1,1050
21/05/2022 12:48:16,1,460,590,3,1,1050
21/05/2022 12:48:32,1,460,590,3,1,1010
21/05/2022 12:48:48,1,460,590,3,1,1010
21/05/2022 12:49:04,1,460,590,3,1,1060
21/05/2022 12:49:20,1,450,590,3,1,1060
21/05/2022 12:49:36,1,450,590,3,1,1060
21/05/2022 12:49:52,1,450,590,3,1,1060
21/05/2022 12:50:08,1,450,590,3,1,1060
21/05/2022 12:50:24,1,440,590,3,1,1020
21/05/2022 12:50:40,1,440,590,3,1,1020
21/05/2022 12:50:56,1,440,590,3,1,950
21/05/2022 12:51:12,1,430,590,3,1,950
21/05/2022 12:51:28,1,430,590,3,0,-999
21/05/2022 12:51:44,1,430,590,3,0,-999
21/05/2022 12:52:00,1,430,590,3,1,1040
21/05/2022 12:52:16,1,430,590,3,1,1040
21/05/2022 12:52:32,1,430,590,3,1,1040
21/05/2022 12:52:48,1,430,590,3,1,980
21/05/2022 12:53:04,1,430,590,3,1,980
21/05/2022 12:53:20,1,430,590,3,1,1010
21/05/2022 12:53:36,1,430,590,3,1,1010
21/05/2022 12:53:52,1,430,590,3,1,1000
21/05/2022 12:54:08,1,430,590,3,1,1000
21/05/2022 12:54:24,1,430,590,3,1,970
21/05/2022 12:54:40,1,430,590,3,1,970
21/05/2022 12:54:56,1,430,590,3,1,970
21/05/2022 12:55:12,1,430,590,3,1,960
21/05/2022 12:55:28,1,410,590,3,1,960
21/05/2022 12:55:44,1,410,590,3,2,910
21/05/2022 12:56:00,1,400,590,3,2,910
21/05/2022 12:56:16,1,400,590,3,1,1200
21/05/2022 12:56:32,1,400,590,3,1,1200
21/05/2022 12:56:48,1,400,590,3,1,1160
21/05/2022 12:57:04,1,400,590,3,1,1160
21/05/2022 12:57:20,1,400,590,3,1,1160
21/05/2022 12:57:36,1,400,590,3,1,1110
21/05/2022 12:57:52,1,390,590,3,1,1110
21/05/2022 12:58:08,1,390,590,3,2,830
21/05/2022 12:58:24,1,390,590,3,2,830
21/05/2022 12:58:40,1,390,590,3,1,830
21/05/2022 12:58:56,1,390,590,3,1,830
21/05/2022 12:59:12,1,390,590,3,3,540
21/05/2022 12:59:28,1,390,590,3,3,540
21/05/2022 12:59:44,1,390,590,3,3,540
21/05/2022 13:00:00,1,390,460,3,1,940
21/05/2022 13:00:16,1,390,460,3,1,940
21/05/2022 13:00:32,1,390,460,3,2,500
21/05/2022 13:00:48,1,-999,460,3,2,500
21/05/2022 13:01:04,1,-999,460,3,2,590
21/05/2022 13:01:20,1,-999,460,3,2,590
21/05/2022 13:01:36,1,630,460,3,2,550
21/05/2022 13:01:52,1,630,460,3,2,550
21/05/2022 13:02:08,1,630,460,3,2,550
21/05/2022 13:02:24,1,630,460,3,2,590
21/05/2022 13:02:40,1,640,460,3,2,590
21/05/2022 13:02:56,1,640,460,3,3,620
21/05/2022 13:03:12,1,640,460,3,3,620
21/05/2022 13:03:28,1,670,460,3,2,910
21/05/2022 13:03:44,1,670,460,3,2,910
21/05/2022 13:04:00,1,670,460,3,1,860
21/05/2022 13:04:16,1,670,460,3,1,860
21/05/2022 13:04:32,1,670,460,3,1,860
21/05/2022 13:04:48,1,670,460,3,1,920
21/05/2022 13:05:04,1,-999,460,3,1,920
21/05/2022 13:05:20,1,-999,460,3,1,860
21/05/2022 13:05:36,1,1050,460,3,1,860
21/05/2022 13:05:52,1,1050,460,3,1,750
21/05/2022 13:06:08,1,1050,460,3,1,750
21/05/2022 13:06:24,1,1050,460,3,1,970
21/05/2022 13:06:40,1,1050,460,3,1,970
21/05/2022 13:06:56,1,1050,460,3,1,970
21/05/2022 13:07:12,1,1050,460,3,2,1050
21/05/2022 13:07:28,1,1050,460,3,2,1050
21/05/2022 13:07:44,1,1050,460,3,2,500
21/05/2022 13:08:00,1,-999,460,3,2,500
21/05/2022 13:08:16,1,-999,460,3,1,1170
21/05/2022 13:08:32,1,-999,460,3,1,1170
21/05/2022 13:08:48,1,-999,460,3,1,1160
21/05/2022 13:09:04,1,-999,460,3,1,1160
21/05/2022 13:09:20,1,-999,460,3,1,1160
21/05/2022 13:09:36,1,-999,460,3,2,610
21/05/2022 13:09:52,1,-999,460,3,2,610
21/05/2022 13:10:08,1,1320,460,3,2,560
21/05/2022 13:10:24,1,1320,460,3,2,560
21/05/2022 13:10:40,1,1320,460,3,1,1170
21/05/2022 13:10:56,1,1320,460,3,1,1170
21/05/2022 13:11:12,1,1320,460,3,2,650
21/05/2022 13:11:28,1,740,460,3,2,650
21/05/2022 13:11:44,1,770,460,3,2,650
21/05/2022 13:12:00,1,740,460,3,2,580
21/05/2022 13:12:16,1,740,460,3,2,580
21/05/2022 13:12:32,1,740,460,3,2,840
21/05/2022 13:12:48,1,740,460,3,2,840
21/05/2022 13:13:04,1,740,460,3,1,1040
21/05/2022 13:13:20,1,730,460,3,1,1040
21/05/2022 13:13:36,1,720,460,3,1,1030
21/05/2022 13:13:52,1,720,460,3,1,1030
21/05/2022 13:14:08,1,720,460,3,1,1030
21/05/2022 13:14:24,1,720,460,3,2,630
21/05/2022 13:14:40,1,720,460,3,2,630
21/05/2022 13:14:56,1,720,460,3,1,540
21/05/2022 13:15:12,1,720,460,3,1,540
21/05/2022 13:15:28,1,720,460,3,1,520
21/05/2022 13:15:44,1,690,460,3,1,520
21/05/2022 13:16:00,1,1020,460,3,0,-999
21/05/2022 13:16:16,1,1020,460,3,0,-999
21/05/2022 13:16:32,1,1020,460,3,0,-999
21/05/2022 13:16:48,1,1330,460,3,0,-999
21/05/2022 13:17:04,1,1330,460,3,0,-999
21/05/2022 13:17:20,1,1040,460,3,0,-999
21/05/2022 13:17:36,1,1010,460,3,0,-999
21/05/2022 13:17:52,1,1010,460,3,0,-999
21/05/2022 13:18:08,1,980,460,3,0,-999
21/05/2022 13:18:24,1,990,460,3,0,-999
21/05/2022 13:18:40,1,150,460,3,0,-999
21/05/2022 13:18:56,1,170,460,3,0,-999
21/05/2022 13:19:12,1,220,460,3,0,-999
21/05/2022 13:19:28,1,940,460,3,0,-999
21/05/2022 13:19:44,1,950,460,3,0,-999
21/05/2022 13:20:00,1,960,460,3,0,-999
21/05/2022 13:20:16,1,970,460,3,0,-999
21/05/2022 13:20:32,1,980,460,3,0,-999
21/05/2022 13:20:48,1,820,460,3,1,650
21/05/2022 13:21:04,1,820,460,3,1,650
21/05/2022 13:21:20,1,820,460,3,1,650
21/05/2022 13:21:36,1,820,460,3,1,650
21/05/2022 13:21:52,1,820,460,3,1,650
21/05/2022 13:22:08,1,820,460,3,1,570
21/05/2022 13:22:24,1,820,460,3,1,570
21/05/2022 13:22:40,1,780,460,3,1,700
21/05/2022 13:22:56,1,780,460,3,1,700
21/05/2022 13:23:12,1,750,460,3,1,630
21/05/2022 13:23:28,1,750,460,3,1,630
21/05/2022 13:23:44,1,750,460,3,1,630
21/05/2022 13:24:00,1,740,460,3,1,620
21/05/2022 13:24:16,1,740,460,3,1,620
21/05/2022 13:24:32,1,990,460,3,0,-999
21/05/2022 13:24:48,1,990,460,3,0,-999
21/05/2022 13:25:04,1,970,460,3,0,-999
21/05/2022 13:25:20,1,980,460,3,0,-999
21/05/2022 13:25:36,1,950,460,3,0,-999
21/05/2022 13:25:52,1,950,460,3,0,-999
21/05/2022 13:26:08,1,950,460,3,0,-999
21/05/2022 13:26:24,1,1020,460,3,0,-999
21/05/2022 13:26:40,1,1030,460,3,0,-999
21/05/2022 13:26:56,1,420,460,3,1,1070
21/05/2022 13:27:12,1,420,460,3,1,1070
21/05/2022 13:27:28,1,420,460,3,1,1180
21/05/2022 13:27:44,1,420,460,3,1,1180
21/05/2022 13:28:00,1,1090,460,3,0,-999
21/05/2022 13:28:16,1,1090,460,3,0,-999
21/05/2022 13:28:32,1,1090,460,3,0,-999
21/05/2022 13:28:48,1,1100,460,3,0,-999
21/05/2022 13:29:04,1,1100,460,3,0,-999
21/05/2022 13:29:20,1,1320,460,3,0,-999
21/05/2022 13:29:36,1,1320,460,3,0,-999
21/05/2022 13:29:52,1,1140,460,3,1,5220
21/05/2022 13:30:08,1,1170,460,3,1,5220
21/05/2022 13:30:24,1,1270,460,3,1,680
21/05/2022 13:30:40,1,1270,460,3,1,680
21/05/2022 13:30:56,1,1260,460,3,1,680
21/05/2022 13:31:12,1,1240,460,3,1,640
21/05/2022 13:31:28,1,-999,460,3,1,640
21/05/2022 13:31:44,1,-999,460,3,1,600
21/05/2022 13:32:00,1,-999,460,3,1,600
21/05/2022 13:32:16,1,750,460,3,0,-999
21/05/2022 13:32:32,1,760,460,3,0,-999
21/05/2022 13:32:48,1,780,460,3,0,-999
21/05/2022 13:33:04,1,780,460,3,0,-999
21/05/2022 13:33:20,1,780,460,3,0,-999
21/05/2022 13:33:36,1,890,460,3,0,-999
21/05/2022 13:33:52,1,900,460,3,0,-999
21/05/2022 13:34:08,1,460,460,3,1,610
21/05/2022 13:34:24,1,1140,460,3,1,610
21/05/2022 13:34:40,1,1140,460,3,1,1250
21/05/2022 13:34:56,1,1140,460,3,1,1250
21/05/2022 13:35:12,1,460,460,3,1,1280
21/05/2022 13:35:28,1,460,460,3,1,1280
21/05/2022 13:35:44,1,470,460,3,1,1280
21/05/2022 13:36:00,1,460,460,3,1,1280
21/05/2022 13:36:16,1,460,460,3,1,1280
21/05/2022 13:36:32,1,470,460,3,1,1250
21/05/2022 13:36:48,1,470,460,3,1,1250
21/05/2022 13:37:04,1,470,460,3,1,1280
21/05/2022 13:37:20,1,470,460,3,1,1280
21/05/2022 13:37:36,1,960,460,3,0,-999
21/05/2022 13:37:52,1,950,460,3,0,-999
21/05/2022 13:38:08,1,940,460,3,0,-999
21/05/2022 13:38:24,1,710,460,3,0,-999
21/05/2022 13:38:40,1,710,460,3,0,-999
21/05/2022 13:38:56,1,740,460,3,1,1250
21/05/2022 13:39:12,1,740,460,3,1,1250
21/05/2022 13:39:28,1,740,460,3,1,1200
21/05/2022 13:39:44,1,760,460,3,1,1200
21/05/2022 13:40:00,1,770,460,3,1,1200
21/05/2022 13:40:16,1,770,460,3,1,1200
21/05/2022 13:40:32,1,770,460,3,1,1200
21/05/2022 13:40:48,1,780,460,3,1,1220
21/05/2022 13:41:04,1,780,460,3,1,1220
21/05/2022 13:41:20,1,1020,460,3,0,-999
21/05/2022 13:41:36,1,1020,460,3,0,-999
21/05/2022 13:41:52,1,920,460,3,0,-999
21/05/2022 13:42:08,1,920,460,3,0,-999
21/05/2022 13:42:24,1,890,460,3,0,-999
21/05/2022 13:42:40,1,890,460,3,0,-999
21/05/2022 13:42:56,1,880,460,3,0,-999
21/05/2022 13:43:12,1,850,460,3,0,-999
21/05/2022 13:43:28,1,840,460,3,0,-999
21/05/2022 13:43:44,1,850,460,3,0,-999
21/05/2022 13:44:00,1,920,460,3,0,-999
21/05/2022 13:44:16,1,920,460,3,0,-999
21/05/2022 13:44:32,1,920,460,3,0,-999
21/05/2022 13:44:48,1,920,460,3,0,-999
21/05/2022 13:45:04,1,940,460,3,0,-999
21/05/2022 13:45:20,1,960,460,3,0,-999
21/05/2022 13:45:36,1,530,460,3,1,730
21/05/2022 13:45:52,1,530,460,3,1,730
21/05/2022 13:46:08,1,1070,460,3,0,-999
21/05/2022 13:46:24,1,1060,460,3,0,-999
21/05/2022 13:46:40,1,530,460,3,1,1060
21/05/2022 13:46:56,1,520,460,3,1,1060
21/05/2022 13:47:12,1,520,460,3,2,740
21/05/2022 13:47:28,1,520,460,3,2,740
21/05/2022 13:47:44,1,1410,460,3,2,740
21/05/2022 13:48:00,1,1410,460,3,1,710
21/05/2022 13:48:16,1,-999,460,3,1,710
21/05/2022 13:48:32,1,-999,460,3,1,700
21/05/2022 13:48:48,1,-999,460,3,1,700
21/05/2022 13:49:04,1,840,460,3,1,690
21/05/2022 13:49:20,1,840,460,3,1,690
21/05/2022 13:49:36,1,990,460,3,0,-999
21/05/2022 13:49:52,1,980,460,3,0,-999
21/05/2022 13:50:08,1,980,460,3,0,-999
21/05/2022 13:50:24,1,840,460,3,1,720
21/05/2022 13:50:40,1,840,460,3,1,720
21/05/2022 13:50:56,1,840,460,3,1,720
21/05/2022 13:51:12,1,840,460,3,1,720
21/05/2022 13:51:28,1,820,460,3,1,920
21/05/2022 13:51:44,1,820,460,3,1,920
21/05/2022 13:52:00,1,820,460,3,1,700
21/05/2022 13:52:16,1,820,460,3,1,700
21/05/2022 13:52:32,1,820,460,3,1,700
21/05/2022 13:52:48,1,1080,460,3,0,-999
21/05/2022 13:53:04,1,1080,460,3,0,-999
21/05/2022 13:53:20,1,790,460,3,1,710
21/05/2022 13:53:36,1,790,460,3,1,710
21/05/2022 13:53:52,1,790,460,3,1,690
21/05/2022 13:54:08,1,1100,460,3,1,690
21/05/2022 13:54:24,1,-999,460,3,1,830
21/05/2022 13:54:40,1,-999,460,3,1,830
21/05/2022 13:54:56,1,-999,460,3,1,830
21/05/2022 13:55:12,1,-999,460,3,1,660
21/05/2022 13:55:28,1,-999,460,3,1,660
21/05/2022 13:55:44,1,-999,460,3,2,650
21/05/2022 13:56:00,1,-999,460,3,2,650
21/05/2022 13:56:16,1,-999,460,3,2,670
21/05/2022 13:56:32,1,-999,460,3,2,670
21/05/2022 13:56:48,1,-999,460,3,1,690
21/05/2022 13:57:04,1,-999,460,3,1,690
21/05/2022 13:57:20,1,840,460,3,1,690
21/05/2022 13:57:36,1,840,460,3,2,680
21/05/2022 13:57:52,1,840,460,3,2,680
21/05/2022 13:58:08,1,840,460,3,1,1060
21/05/2022 13:58:24,1,800,460,3,1,1060
21/05/2022 13:58:40,1,790,460,3,2,710
21/05/2022 13:58:56,1,790,460,3,2,710
21/05/2022 13:59:12,1,790,460,3,1,680
21/05/2022 13:59:28,1,790,460,3,1,680
21/05/2022 13:59:44,1,790,460,3,1,680
21/05/2022 14:00:00,1,790,920,3,1,700
21/05/2022 14:00:16,1,790,920,3,1,700
21/05/2022 14:00:32,1,790,920,3,2,760
21/05/2022 14:00:48,1,790,920,3,2,760
21/05/2022 14:01:04,1,790,920,3,2,730
21/05/2022 14:01:20,1,790,920,3,2,730
21/05/2022 14:01:36,1,790,920,3,1,740
21/05/2022 14:01:52,1,790,920,3,1,740
21/05/2022 14:02:08,1,-999,920,3,1,740
21/05/2022 14:02:24,1,-999,920,3,1,760
21/05/2022 14:02:40,1,890,920,3,1,760
21/05/2022 14:02:56,1,890,920,3,1,720
21/05/2022 14:03:12,1,890,920,3,1,720
21/05/2022 14:03:28,1,890,920,3,2,720
21/05/2022 14:03:44,1,890,920,3,2,720
21/05/2022 14:04:00,1,890,920,3,1,1200
21/05/2022 14:04:16,1,890,920,3,1,1200
21/05/2022 14:04:32,1,890,920,3,1,1200
21/05/2022 14:04:48,1,890,920,3,1,1170
21/05/2022 14:05:04,1,890,920,3,1,1170
21/05/2022 14:05:20,1,-999,920,3,1,1240
21/05/2022 14:05:36,1,1370,920,3,1,1240
21/05/2022 14:05:52,1,1360,920,3,1,1230
21/05/2022 14:06:08,1,1360,920,3,1,1230
21/05/2022 14:06:24,1,850,920,3,1,1200
21/05/2022 14:06:40,1,560,920,3,1,1200
21/05/2022 14:06:56,1,560,920,3,1,1200
21/05/2022 14:07:12,1,560,920,3,2,1160
21/05/2022 14:07:28,1,560,920,3,2,1160
21/05/2022 14:07:44,1,560,920,3,1,1390
21/05/2022 14:08:00,1,560,920,3,1,1390
21/05/2022 14:08:16,1,870,920,3,0,-999
21/05/2022 14:08:32,1,870,920,3,0,-999
21/05/2022 14:08:48,1,850,920,3,0,-999
21/05/2022 14:09:04,1,840,920,3,0,-999
21/05/2022 14:09:20,1,840,920,3,0,-999
21/05/2022 14:09:36,1,830,920,3,0,-999
21/05/2022 14:09:52,1,830,920,3,0,-999
21/05/2022 14:10:08,1,840,920,3,0,-999
21/05/2022 14:10:24,1,830,920,3,0,-999
21/05/2022 14:10:40,1,830,920,3,0,-999
21/05/2022 14:10:56,1,820,920,3,0,-999
21/05/2022 14:11:12,1,830,920,3,0,-999
21/05/2022 14:11:28,1,840,920,3,0,-999
21/05/2022 14:11:44,1,850,920,3,0,-999
21/05/2022 14:12:00,1,850,920,3,0,-999
21/05/2022 14:12:16,1,860,920,3,0,-999
21/05/2022 14:12:32,1,860,920,3,0,-999
21/05/2022 14:12:48,1,870,920,3,0,-999
21/05/2022 14:13:04,1,870,920,3,0,-999
21/05/2022 14:13:20,1,870,920,3,0,-999
21/05/2022 14:13:36,1,860,920,3,0,-999
21/05/2022 14:13:52,1,860,920,3,0,-999
21/05/2022 14:14:08,1,860,920,3,0,-999
21/05/2022 14:14:24,1,850,920,3,0,-999
21/05/2022 14:14:40,1,850,920,3,0,-999
21/05/2022 14:14:56,1,850,920,3,0,-999
21/05/2022 14:15:12,1,850,920,3,0,-999
21/05/2022 14:15:28,1,850,920,3,0,-999
21/05/2022 14:15:44,1,850,920,3,0,-999
21/05/2022 14:16:00,1,860,920,3,0,-999
21/05/2022 14:16:16,1,860,920,3,0,-999
21/05/2022 14:16:32,1,860,920,3,0,-999
21/05/2022 14:16:48,1,870,920,3,0,-999
21/05/2022 14:17:04,1,870,920,3,0,-999
21/05/2022 14:17:20,1,870,920,3,0,-999
21/05/2022 14:17:36,1,870,920,3,0,-999
21/05/2022 14:17:52,1,870,920,3,0,-999
21/05/2022 14:18:08,1,870,920,3,0,-999
21/05/2022 14:18:24,1,870,920,3,0,-999
21/05/2022 14:18:40,1,870,920,3,0,-999
21/05/2022 14:18:56,1,870,920,3,0,-999
21/05/2022 14:19:12,1,870,920,3,0,-999
21/05/2022 14:19:28,1,870,920,3,0,-999
21/05/2022 14:19:44,1,450,920,3,0,-999
21/05/2022 14:20:00,1,450,920,3,0,-999
21/05/2022 14:20:16,1,440,920,3,0,-999
21/05/2022 14:20:32,1,440,920,3,0,-999
21/05/2022 14:20:48,1,440,920,3,0,-999
21/05/2022 14:21:04,1,440,920,3,0,-999
21/05/2022 14:21:20,1,440,920,3,0,-999
21/05/2022 14:21:36,1,440,920,3,0,-999
21/05/2022 14:21:52,1,440,920,3,0,-999
21/05/2022 14:22:08,1,440,920,3,0,-999
21/05/2022 14:22:24,1,440,920,3,0,-999
21/05/2022 14:22:40,1,440,920,3,0,-999
21/05/2022 14:22:56,1,450,920,3,0,-999
21/05/2022 14:23:12,1,450,920,3,0,-999
21/05/2022 14:23:28,1,450,920,3,0,-999
21/05/2022 14:23:44,1,460,920,3,0,-999
21/05/2022 14:24:00,1,460,920,3,0,-999
21/05/2022 14:24:16,1,460,920,3,0,-999
21/05/2022 14:24:32,1,460,920,3,1,1250
21/05/2022 14:24:48,1,460,920,3,1,1250
21/05/2022 14:25:04,1,460,920,3,1,1220
21/05/2022 14:25:20,1,460,920,3,1,1220
21/05/2022 14:25:36,1,460,920,3,1,1240
21/05/2022 14:25:52,1,460,920,3,1,1240
21/05/2022 14:26:08,1,460,920,3,1,1240
21/05/2022 14:26:24,1,470,920,3,1,1220
21/05/2022 14:26:40,1,470,920,3,1,1220
21/05/2022 14:26:56,1,470,920,3,1,1150
21/05/2022 14:27:12,1,480,920,3,1,1150
21/05/2022 14:27:28,1,480,920,3,1,1210
21/05/2022 14:27:44,1,480,920,3,1,1210
21/05/2022 14:28:00,1,490,920,3,1,1230
21/05/2022 14:28:16,1,490,920,3,1,1230
21/05/2022 14:28:32,1,490,920,3,1,1230
21/05/2022 14:28:48,1,490,920,3,1,1240
21/05/2022 14:29:04,1,490,920,3,1,1240
21/05/2022 14:29:20,1,490,920,3,1,1240
21/05/2022 14:29:36,1,490,920,3,1,1240
21/05/2022 14:29:52,1,490,920,3,1,1210
21/05/2022 14:30:08,1,500,920,3,1,1210
21/05/2022 14:30:24,1,500,920,3,1,1080
21/05/2022 14:30:40,1,510,920,3,1,1080
21/05/2022 14:30:56,1,530,920,3,1,1080
21/05/2022 14:31:12,1,550,920,3,1,1100
21/05/2022 14:31:28,1,560,920,3,1,1100
21/05/2022 14:31:44,1,560,920,3,2,910
21/05/2022 14:32:00,1,560,920,3,2,910
21/05/2022 14:32:16,1,570,920,3,2,790
21/05/2022 14:32:32,1,570,920,3,2,790
21/05/2022 14:32:48,1,580,920,3,1,700
21/05/2022 14:33:04,1,580,920,3,1,700
21/05/2022 14:33:20,1,590,920,3,1,700
21/05/2022 14:33:36,1,1310,920,3,2,840
21/05/2022 14:33:52,1,1310,920,3,2,840
21/05/2022 14:34:08,1,1310,920,3,2,860
21/05/2022 14:34:24,1,1310,920,3,2,860
21/05/2022 14:34:40,1,1310,920,3,2,900
21/05/2022 14:34:56,1,880,920,3,2,900
21/05/2022 14:35:12,1,880,920,3,3,720
21/05/2022 14:35:28,1,880,920,3,3,720
21/05/2022 14:35:44,1,880,920,3,3,720
21/05/2022 14:36:00,1,880,920,3,2,720
21/05/2022 14:36:16,1,880,920,3,2,720
21/05/2022 14:36:32,1,1190,920,3,0,-999
21/05/2022 14:36:48,1,1190,920,3,0,-999
21/05/2022 14:37:04,1,830,920,3,1,1220
21/05/2022 14:37:20,1,830,920,3,1,1220
21/05/2022 14:37:36,1,830,920,3,2,760
21/05/2022 14:37:52,1,830,920,3,2,760
21/05/2022 14:38:08,1,830,920,3,2,760
21/05/2022 14:38:24,1,830,920,3,1,780
21/05/2022 14:38:40,1,830,920,3,1,780
21/05/2022 14:38:56,1,830,920,3,1,1230
21/05/2022 14:39:12,1,850,920,3,1,1230
21/05/2022 14:39:28,1,850,920,3,1,1240
21/05/2022 14:39:44,1,860,920,3,1,1240
21/05/2022 14:40:00,1,860,920,3,2,740
21/05/2022 14:40:16,1,860,920,3,2,740
21/05/2022 14:40:32,1,860,920,3,2,740
21/05/2022 14:40:48,1,860,920,3,2,750
21/05/2022 14:41:04,1,850,920,3,2,750
21/05/2022 14:41:20,1,860,920,3,2,660
21/05/2022 14:41:36,1,860,920,3,2,660
21/05/2022 14:41:52,1,860,920,3,2,600
21/05/2022 14:42:08,1,860,920,3,2,600
21/05/2022 14:42:24,1,850,920,3,1,590
21/05/2022 14:42:40,1,850,920,3,1,590
21/05/2022 14:42:56,1,830,920,3,1,590
21/05/2022 14:43:12,1,830,920,3,2,560
21/05/2022 14:43:28,1,820,920,3,2,560
21/05/2022 14:43:44,1,740,920,3,1,570
21/05/2022 14:44:00,1,740,920,3,1,570
21/05/2022 14:44:16,1,740,920,3,1,560
21/05/2022 14:44:32,1,700,920,3,1,560
21/05/2022 14:44:48,1,700,920,3,2,630
21/05/2022 14:45:04,1,700,920,3,2,630
21/05/2022 14:45:20,1,700,920,3,2,630
21/05/2022 14:45:36,1,700,920,3,1,820
21/05/2022 14:45:52,1,700,920,3,1,820
21/05/2022 14:46:08,1,700,920,3,1,860
21/05/2022 14:46:24,1,-999,920,3,1,860
21/05/2022 14:46:40,1,-999,920,3,1,740
21/05/2022 14:46:56,1,-999,920,3,1,740
21/05/2022 14:47:12,1,-999,920,3,1,740
21/05/2022 14:47:28,1,-999,920,3,1,740
21/05/2022 14:47:44,1,-999,920,3,1,740
21/05/2022 14:48:00,1,890,920,3,1,780
21/05/2022 14:48:16,1,890,920,3,1,780
21/05/2022 14:48:32,1,890,920,3,1,850
21/05/2022 14:48:48,1,940,920,3,1,850
21/05/2022 14:49:04,1,940,920,3,1,920
21/05/2022 14:49:20,1,950,920,3,1,920
21/05/2022 14:49:36,1,950,920,3,1,840
21/05/2022 14:49:52,1,950,920,3,1,840
21/05/2022 14:50:08,1,950,920,3,1,840
21/05/2022 14:50:24,1,430,920,3,1,860
21/05/2022 14:50:40,1,430,920,3,1,860
21/05/2022 14:50:56,1,430,920,3,2,900
21/05/2022 14:51:12,1,430,920,3,2,900
21/05/2022 14:51:28,1,430,920,3,1,1040
21/05/2022 14:51:44,1,430,920,3,1,1040
21/05/2022 14:52:00,1,430,920,3,1,990
21/05/2022 14:52:16,1,1020,920,3,1,990
21/05/2022 14:52:32,1,-999,920,3,1,990
21/05/2022 14:52:48,1,-999,920,3,2,740
21/05/2022 14:53:04,1,-999,920,3,2,740
21/05/2022 14:53:20,1,-999,920,3,1,870
21/05/2022 14:53:36,1,-999,920,3,1,870
21/05/2022 14:53:52,1,-999,920,3,1,870
21/05/2022 14:54:08,1,-999,920,3,1,870
21/05/2022 14:54:24,1,1120,920,3,1,880
21/05/2022 14:54:40,1,1120,920,3,1,880
21/05/2022 14:54:56,1,1070,920,3,1,880
21/05/2022 14:55:12,1,1070,920,3,1,970
21/05/2022 14:55:28,1,1110,920,3,1,970
21/05/2022 14:55:44,1,1110,920,3,1,910
21/05/2022 14:56:00,1,1110,920,3,1,910
21/05/2022 14:56:16,1,1080,920,3,2,880
21/05/2022 14:56:32,1,1080,920,3,2,880
21/05/2022 14:56:48,1,1080,920,3,2,1040
21/05/2022 14:57:04,1,1070,920,3,2,1040
21/05/2022 14:57:20,1,1080,920,3,2,1040
21/05/2022 14:57:36,1,120,920,3,1,1140
21/05/2022 14:57:52,1,120,920,3,1,1140
21/05/2022 14:58:08,1,120,920,3,2,1100
21/05/2022 14:58:24,1,120,920,3,2,1100
21/05/2022 14:58:40,1,120,920,3,1,1340
21/05/2022 14:58:56,1,120,920,3,1,1340
21/05/2022 14:59:12,1,-999,920,3,2,1270
21/05/2022 14:59:28,1,-999,920,3,2,1270
21/05/2022 14:59:44,1,-999,920,3,2,1270
21/05/2022 15:00:00,1,-999,860,3,1,1310
21/05/2022 15:00:16,1,-999,860,3,1,1310
21/05/2022 15:00:32,1,-999,860,3,1,1260
21/05/2022 15:00:48,1,460,860,3,1,1260
21/05/2022 15:01:04,1,460,860,3,1,1300
21/05/2022 15:01:20,1,460,860,3,1,1300
21/05/2022 15:01:36,1,450,860,3,1,1410
21/05/2022 15:01:52,1,450,860,3,1,1410
21/05/2022 15:02:08,1,450,860,3,1,1410
21/05/2022 15:02:24,1,460,860,3,1,1520
21/05/2022 15:02:40,1,460,860,3,1,1520
21/05/2022 15:02:56,1,460,860,3,2,900
21/05/2022 15:03:12,1,460,860,3,2,900
21/05/2022 15:03:28,1,460,860,3,2,980
21/05/2022 15:03:44,1,460,860,3,2,980
21/05/2022 15:04:00,1,460,860,3,2,410
21/05/2022 15:04:16,1,460,860,3,2,410
21/05/2022 15:04:32,1,460,860,3,2,410
21/05/2022 15:04:48,1,470,860,3,3,410
21/05/2022 15:05:04,1,470,860,3,3,410
21/05/2022 15:05:20,1,480,860,3,3,390
21/05/2022 15:05:36,1,480,860,3,3,390
21/05/2022 15:05:52,1,480,860,3,1,1620
21/05/2022 15:06:08,1,480,860,3,1,1620
21/05/2022 15:06:24,1,490,860,3,1,1650
21/05/2022 15:06:40,1,260,860,3,1,1650
21/05/2022 15:06:56,1,260,860,3,1,1650
21/05/2022 15:07:12,1,260,860,3,1,1600
21/05/2022 15:07:28,1,260,860,3,1,1600
21/05/2022 15:07:44,1,260,860,3,1,1590
21/05/2022 15:08:00,1,260,860,3,1,1590
21/05/2022 15:08:16,1,260,860,3,2,760
21/05/2022 15:08:32,1,260,860,3,2,760
21/05/2022 15:08:48,1,260,860,3,2,760
21/05/2022 15:09:04,1,260,860,3,2,760
21/05/2022 15:09:20,1,870,860,3,2,760
21/05/2022 15:09:36,1,870,860,3,2,820
21/05/2022 15:09:52,1,870,860,3,2,820
21/05/2022 15:10:08,1,880,860,3,2,350
21/05/2022 15:10:24,1,880,860,3,2,350
21/05/2022 15:10:40,1,910,860,3,1,920
21/05/2022 15:10:56,1,-999,860,3,1,920
21/05/2022 15:11:12,1,610,860,3,1,900
21/05/2022 15:11:28,1,610,860,3,1,900
21/05/2022 15:11:44,1,610,860,3,1,900
21/05/2022 15:12:00,1,610,860,3,1,900
21/05/2022 15:12:16,1,610,860,3,1,900
21/05/2022 15:12:32,1,610,860,3,1,920
21/05/2022 15:12:48,1,610,860,3,1,920
21/05/2022 15:13:04,1,610,860,3,1,930
21/05/2022 15:13:20,1,630,860,3,1,930
21/05/2022 15:13:36,1,630,860,3,1,950
21/05/2022 15:13:52,1,630,860,3,1,950
21/05/2022 15:14:08,1,650,860,3,1,950
21/05/2022 15:14:24,1,660,860,3,1,980
21/05/2022 15:14:40,1,660,860,3,1,980
21/05/2022 15:14:56,1,680,860,3,1,980
21/05/2022 15:15:12,1,680,860,3,1,980
21/05/2022 15:15:28,1,700,860,3,1,990
21/05/2022 15:15:44,1,700,860,3,1,990
21/05/2022 15:16:00,1,700,860,3,1,1020
21/05/2022 15:16:16,1,700,860,3,1,1020
21/05/2022 15:16:32,1,700,860,3,1,1020
21/05/2022 15:16:48,1,710,860,3,1,1070
21/05/2022 15:17:04,1,710,860,3,1,1070
21/05/2022 15:17:20,1,710,860,3,1,1110
21/05/2022 15:17:36,1,710,860,3,1,1110
21/05/2022 15:17:52,1,740,860,3,1,1170
21/05/2022 15:18:08,1,740,860,3,1,1170
21/05/2022 15:18:24,1,1330,860,3,0,-999
21/05/2022 15:18:40,1,1330,860,3,0,-999
21/05/2022 15:18:56,1,1330,860,3,0,-999
21/05/2022 15:19:12,1,420,860,3,1,1120
21/05/2022 15:19:28,1,410,860,3,1,1120
21/05/2022 15:19:44,1,410,860,3,1,1090
21/05/2022 15:20:00,1,410,860,3,1,1090
21/05/2022 15:20:16,1,410,860,3,0,-999
21/05/2022 15:20:32,1,410,860,3,0,-999
21/05/2022 15:20:48,1,410,860,3,0,-999
21/05/2022 15:21:04,1,410,860,3,0,-999
21/05/2022 15:21:20,1,410,860,3,0,-999
21/05/2022 15:21:36,1,410,860,3,0,-999
21/05/2022 15:21:52,1,410,860,3,0,-999
21/05/2022 15:22:08,1,410,860,3,0,-999
21/05/2022 15:22:24,1,410,860,3,0,-999
21/05/2022 15:22:40,1,410,860,3,0,-999
21/05/2022 15:22:56,1,410,860,3,0,-999
21/05/2022 15:23:12,1,1160,860,3,0,-999
21/05/2022 15:23:28,1,1150,860,3,0,-999
21/05/2022 15:23:44,1,1200,860,3,0,-999
21/05/2022 15:24:00,1,1210,860,3,0,-999
21/05/2022 15:24:16,1,1170,860,3,0,-999
21/05/2022 15:24:32,1,1240,860,3,0,-999
21/05/2022 15:24:48,1,1250,860,3,0,-999
21/05/2022 15:25:04,1,1270,860,3,0,-999
21/05/2022 15:25:20,1,1280,860,3,0,-999
21/05/2022 15:25:36,1,1310,860,3,0,-999
21/05/2022 15:25:52,1,1330,860,3,0,-999
21/05/2022 15:26:08,1,1370,860,3,0,-999
21/05/2022 15:26:24,1,1400,860,3,0,-999
21/05/2022 15:26:40,1,1420,860,3,0,-999
21/05/2022 15:26:56,1,1440,860,3,0,-999
21/05/2022 15:27:12,1,1450,860,3,0,-999
21/05/2022 15:27:28,1,1470,860,3,0,-999
21/05/2022 15:27:44,1,1480,860,3,0,-999
21/05/2022 15:28:00,1,1490,860,3,0,-999
21/05/2022 15:28:16,1,1500,860,3,0,-999
21/05/2022 15:28:32,1,1510,860,3,0,-999
21/05/2022 15:28:48,1,1530,860,3,0,-999
21/05/2022 15:29:04,1,1540,860,3,0,-999
21/05/2022 15:29:20,1,1540,860,3,0,-999
21/05/2022 15:29:36,1,1550,860,3,0,-999
21/05/2022 15:29:52,1,1550,860,3,0,-999
21/05/2022 15:30:08,1,1540,860,3,0,-999
21/05/2022 15:30:24,1,1530,860,3,0,-999
21/05/2022 15:30:40,1,1530,860,3,0,-999
21/05/2022 15:30:56,1,1520,860,3,0,-999
21/05/2022 15:31:12,1,1530,860,3,0,-999
21/05/2022 15:31:28,1,1540,860,3,0,-999
21/05/2022 15:31:44,1,1550,860,3,0,-999
21/05/2022 15:32:00,1,1550,860,3,0,-999
21/05/2022 15:32:16,1,1550,860,3,0,-999
21/05/2022 15:32:32,1,1550,860,3,0,-999
21/05/2022 15:32:48,1,1550,860,3,0,-999
21/05/2022 15:33:04,1,1560,860,3,0,-999
21/05/2022 15:33:20,1,1560,860,3,0,-999
21/05/2022 15:33:36,1,1560,860,3,0,-999
21/05/2022 15:33:52,1,1560,860,3,0,-999
21/05/2022 15:34:08,1,1560,860,3,0,-999
21/05/2022 15:34:24,1,1560,860,3,0,-999
21/05/2022 15:34:40,1,1560,860,3,0,-999
21/05/2022 15:34:56,1,1560,860,3,0,-999
21/05/2022 15:35:12,1,1550,860,3,0,-999
21/05/2022 15:35:28,1,1430,860,3,0,-999
21/05/2022 15:35:44,1,1380,860,3,0,-999
21/05/2022 15:36:00,1,1350,860,3,0,-999
21/05/2022 15:36:16,1,1320,860,3,0,-999
21/05/2022 15:36:32,1,610,860,3,1,1640
21/05/2022 15:36:48,1,600,860,3,1,1640
21/05/2022 15:37:04,1,1770,860,3,0,-999
21/05/2022 15:37:20,1,1770,860,3,0,-999
21/05/2022 15:37:36,1,1170,860,3,0,-999
21/05/2022 15:37:52,1,1150,860,3,0,-999
21/05/2022 15:38:08,1,1130,860,3,0,-999
21/05/2022 15:38:24,1,1130,860,3,0,-999
21/05/2022 15:38:40,1,1110,860,3,0,-999
21/05/2022 15:38:56,1,1070,860,3,0,-999
21/05/2022 15:39:12,1,1050,860,3,0,-999
21/05/2022 15:39:28,1,1030,860,3,0,-999
21/05/2022 15:39:44,1,1020,860,3,0,-999
21/05/2022 15:40:00,1,1000,860,3,0,-999
21/05/2022 15:40:16,1,980,860,3,0,-999
21/05/2022 15:40:32,1,960,860,3,0,-999
21/05/2022 15:40:48,1,950,860,3,0,-999
21/05/2022 15:41:04,1,940,860,3,0,-999
21/05/2022 15:41:20,1,930,860,3,0,-999
21/05/2022 15:41:36,1,920,860,3,0,-999
21/05/2022 15:41:52,1,920,860,3,0,-999
21/05/2022 15:42:08,1,920,860,3,0,-999
21/05/2022 15:42:24,1,920,860,3,0,-999
21/05/2022 15:42:40,1,910,860,3,0,-999
21/05/2022 15:42:56,1,910,860,3,0,-999
21/05/2022 15:43:12,1,910,860,3,0,-999
21/05/2022 15:43:28,1,920,860,3,0,-999
21/05/2022 15:43:44,1,920,860,3,0,-999
21/05/2022 15:44:00,1,920,860,3,0,-999
21/05/2022 15:44:16,1,930,860,3,0,-999
21/05/2022 15:44:32,1,940,860,3,0,-999
21/05/2022 15:44:48,1,940,860,3,0,-999
21/05/2022 15:45:04,1,950,860,3,0,-999
21/05/2022 15:45:20,1,950,860,3,0,-999
21/05/2022 15:45:36,1,960,860,3,0,-999
21/05/2022 15:45:52,1,960,860,3,0,-999
21/05/2022 15:46:08,1,970,860,3,0,-999
21/05/2022 15:46:24,1,980,860,3,0,-999
21/05/2022 15:46:40,1,520,860,3,1,1230
21/05/2022 15:46:56,1,520,860,3,1,1230
21/05/2022 15:47:12,1,1160,860,3,0,-999
21/05/2022 15:47:28,1,1170,860,3,0,-999
21/05/2022 15:47:44,1,1170,860,3,0,-999
21/05/2022 15:48:00,1,1120,860,3,0,-999
21/05/2022 15:48:16,1,1130,860,3,0,-999
21/05/2022 15:48:32,1,1080,860,3,0,-999
21/05/2022 15:48:48,1,1080,860,3,0,-999
21/05/2022 15:49:04,1,1110,860,3,0,-999
21/05/2022 15:49:20,1,1120,860,3,0,-999
21/05/2022 15:49:36,1,1160,860,3,0,-999
21/05/2022 15:49:52,1,1070,860,3,0,-999
21/05/2022 15:50:08,1,1080,860,3,0,-999
21/05/2022 15:50:24,1,1090,860,3,0,-999
21/05/2022 15:50:40,1,1090,860,3,0,-999
21/05/2022 15:50:56,1,510,860,3,1,430
21/05/2022 15:51:12,1,510,860,3,1,430
21/05/2022 15:51:28,1,10,860,3,0,-999
21/05/2022 15:51:44,1,10,860,3,0,-999
21/05/2022 15:52:00,1,510,860,3,1,490
21/05/2022 15:52:16,1,520,860,3,1,490
21/05/2022 15:52:32,1,520,860,3,1,490
21/05/2022 15:52:48,1,1050,860,3,0,-999
21/05/2022 15:53:04,1,1050,860,3,0,-999
21/05/2022 15:53:20,1,1010,860,3,0,-999
21/05/2022 15:53:36,1,1010,860,3,0,-999
21/05/2022 15:53:52,1,1030,860,3,0,-999
21/05/2022 15:54:08,1,1040,860,3,0,-999
21/05/2022 15:54:24,1,530,860,3,1,440
21/05/2022 15:54:40,1,530,860,3,1,440
21/05/2022 15:54:56,1,530,860,3,1,440
21/05/2022 15:55:12,1,530,860,3,1,410
21/05/2022 15:55:28,1,500,860,3,1,410
21/05/2022 15:55:44,1,500,860,3,1,420
21/05/2022 15:56:00,1,490,860,3,1,420
21/05/2022 15:56:16,1,790,860,3,0,-999
21/05/2022 15:56:32,1,790,860,3,0,-999
21/05/2022 15:56:48,1,500,860,3,1,410
21/05/2022 15:57:04,1,500,860,3,1,410
21/05/2022 15:57:20,1,500,860,3,1,410
21/05/2022 15:57:36,1,500,860,3,1,480
21/05/2022 15:57:52,1,500,860,3,1,480
21/05/2022 15:58:08,1,790,860,3,0,-999
21/05/2022 15:58:24,1,790,860,3,0,-999
21/05/2022 15:58:40,1,510,860,3,1,550
21/05/2022 15:58:56,1,510,860,3,1,550
21/05/2022 15:59:12,1,510,860,3,1,510
21/05/2022 15:59:28,1,570,860,3,1,510
21/05/2022 15:59:44,1,570,860,3,1,510
21/05/2022 16:00:00,1,570,1030,3,1,440
21/05/2022 16:00:16,1,570,1030,3,1,440
21/05/2022 16:00:32,1,570,1030,3,1,440
21/05/2022 16:00:48,1,570,1030,3,1,440
21/05/2022 16:01:04,1,570,1030,3,2,450
21/05/2022 16:01:20,1,570,1030,3,2,450
21/05/2022 16:01:36,1,570,1030,3,1,440
21/05/2022 16:01:52,1,560,1030,3,1,440
21/05/2022 16:02:08,1,560,1030,3,1,440
21/05/2022 16:02:24,1,560,1030,3,1,420
21/05/2022 16:02:40,1,560,1030,3,1,420
21/05/2022 16:02:56,1,560,1030,3,2,470
21/05/2022 16:03:12,1,560,1030,3,2,470
21/05/2022 16:03:28,1,550,1030,3,1,450
21/05/2022 16:03:44,1,550,1030,3,1,450
21/05/2022 16:04:00,1,550,1030,3,2,420
21/05/2022 16:04:16,1,550,1030,3,2,420
21/05/2022 16:04:32,1,550,1030,3,2,420
21/05/2022 16:04:48,1,550,1030,3,2,470
21/05/2022 16:05:04,1,550,1030,3,2,470
21/05/2022 16:05:20,1,550,1030,3,2,420
21/05/2022 16:05:36,1,550,1030,3,2,420
21/05/2022 16:05:52,1,550,1030,3,1,1880
21/05/2022 16:06:08,1,570,1030,3,1,1880
21/05/2022 16:06:24,1,550,1030,3,2,470
21/05/2022 16:06:40,1,550,1030,3,2,470
21/05/2022 16:06:56,1,550,1030,3,2,470
21/05/2022 16:07:12,1,550,1030,3,2,460
21/05/2022 16:07:28,1,550,1030,3,2,460
21/05/2022 16:07:44,1,550,1030,3,1,430
21/05/2022 16:08:00,1,550,1030,3,1,430
21/05/2022 16:08:16,1,550,1030,3,2,410
21/05/2022 16:08:32,1,550,1030,3,2,410
21/05/2022 16:08:48,1,550,1030,3,3,520
21/05/2022 16:09:04,1,550,1030,3,3,520
21/05/2022 16:09:20,1,550,1030,3,3,520
21/05/2022 16:09:36,1,570,1030,3,3,500
21/05/2022 16:09:52,1,570,1030,3,3,500
21/05/2022 16:10:08,1,570,1030,3,2,490
21/05/2022 16:10:24,1,570,1030,3,2,490
21/05/2022 16:10:40,1,570,1030,3,1,440
21/05/2022 16:10:56,1,570,1030,3,1,440
21/05/2022 16:11:12,1,570,1030,3,1,400
21/05/2022 16:11:28,1,540,1030,3,1,400
21/05/2022 16:11:44,1,540,1030,3,1,400
21/05/2022 16:12:00,1,540,1030,3,3,400
21/05/2022 16:12:16,1,540,1030,3,3,400
21/05/2022 16:12:32,1,530,1030,3,2,1920
21/05/2022 16:12:48,1,530,1030,3,2,1920
21/05/2022 16:13:04,1,530,1030,3,2,510
21/05/2022 16:13:20,1,530,1030,3,2,510
21/05/2022 16:13:36,1,530,1030,3,2,460
21/05/2022 16:13:52,1,530,1030,3,2,460
21/05/2022 16:14:08,1,530,1030,3,2,460
21/05/2022 16:14:24,1,530,1030,3,1,460
21/05/2022 16:14:40,1,530,1030,3,1,460
21/05/2022 16:14:56,1,510,1030,3,3,450
21/05/2022 16:15:12,1,510,1030,3,3,450
21/05/2022 16:15:28,1,520,1030,3,3,430
21/05/2022 16:15:44,1,520,1030,3,3,430
21/05/2022 16:16:00,1,550,1030,3,2,410
21/05/2022 16:16:16,1,550,1030,3,2,410
21/05/2022 16:16:32,1,550,1030,3,2,410
21/05/2022 16:16:48,1,550,1030,3,3,420
21/05/2022 16:17:04,1,550,1030,3,3,420
21/05/2022 16:17:20,1,550,1030,3,3,490
21/05/2022 16:17:36,1,550,1030,3,3,490
21/05/2022 16:17:52,1,550,1030,3,2,460
21/05/2022 16:18:08,1,550,1030,3,2,460
21/05/2022 16:18:24,1,550,1030,3,2,430
21/05/2022 16:18:40,1,540,1030,3,2,430
21/05/2022 16:18:56,1,540,1030,3,2,430
21/05/2022 16:19:12,1,550,1030,3,2,460
21/05/2022 16:19:28,1,550,1030,3,2,460
21/05/2022 16:19:44,1,550,1030,3,2,380
21/05/2022 16:20:00,1,550,1030,3,2,380
21/05/2022 16:20:16,1,540,1030,3,3,400
21/05/2022 16:20:32,1,540,1030,3,3,400
21/05/2022 16:20:48,1,540,1030,3,2,410
21/05/2022 16:21:04,1,540,1030,3,2,410
21/05/2022 16:21:20,1,540,1030,3,2,410
21/05/2022 16:21:36,1,520,1030,3,2,420
21/05/2022 16:21:52,1,520,1030,3,2,420
21/05/2022 16:22:08,1,520,1030,3,1,1260
21/05/2022 16:22:24,1,520,1030,3,1,1260
21/05/2022 16:22:40,1,520,1030,3,1,1160
21/05/2022 16:22:56,1,520,1030,3,1,1160
21/05/2022 16:23:12,1,520,1030,3,3,400
21/05/2022 16:23:28,1,520,1030,3,3,400
21/05/2022 16:23:44,1,520,1030,3,3,400
21/05/2022 16:24:00,1,520,1030,3,1,1160
21/05/2022 16:24:16,1,520,1030,3,1,1160
21/05/2022 16:24:32,1,520,1030,3,1,1160
21/05/2022 16:24:48,1,520,1030,3,1,1160
21/05/2022 16:25:04,1,520,1030,3,2,400
21/05/2022 16:25:20,1,520,1030,3,2,400
21/05/2022 16:25:36,1,520,1030,3,3,490
21/05/2022 16:25:52,1,520,1030,3,3,490
21/05/2022 16:26:08,1,520,1030,3,3,490
21/05/2022 16:26:24,1,-999,1030,3,1,1080
21/05/2022 16:26:40,1,-999,1030,3,1,1080
21/05/2022 16:26:56,1,-999,1030,3,2,1090
21/05/2022 16:27:12,1,-999,1030,3,2,1090
21/05/2022 16:27:28,1,740,1030,3,3,420
21/05/2022 16:27:44,1,740,1030,3,3,420
21/05/2022 16:28:00,1,-999,1030,3,2,400
21/05/2022 16:28:16,1,-999,1030,3,2,400
21/05/2022 16:28:32,1,-999,1030,3,2,400
21/05/2022 16:28:48,1,-999,1030,3,1,990
21/05/2022 16:29:04,1,-999,1030,3,1,990
21/05/2022 16:29:20,1,-999,1030,3,1,1000
21/05/2022 16:29:36,1,-999,1030,3,1,1000
21/05/2022 16:29:52,1,-999,1030,3,2,500
21/05/2022 16:30:08,1,-999,1030,3,2,500
21/05/2022 16:30:24,1,-999,1030,3,3,470
21/05/2022 16:30:40,1,-999,1030,3,3,470
21/05/2022 16:30:56,1,-999,1030,3,3,470
21/05/2022 16:31:12,1,-999,1030,3,3,400
21/05/2022 16:31:28,1,-999,1030,3,3,400
21/05/2022 16:31:44,1,-999,1030,3,2,540
21/05/2022 16:32:00,1,-999,1030,3,2,540
21/05/2022 16:32:16,1,-999,1030,3,2,500
21/05/2022 16:32:32,1,-999,1030,3,2,500
21/05/2022 16:32:48,1,-999,1030,3,3,460
21/05/2022 16:33:04,1,-999,1030,3,3,460
21/05/2022 16:33:20,1,-999,1030,3,3,460
21/05/2022 16:33:36,1,-999,1030,3,2,1100
21/05/2022 16:33:52,1,-999,1030,3,2,1100
21/05/2022 16:34:08,1,-999,1030,3,3,460
21/05/2022 16:34:24,1,-999,1030,3,3,460
21/05/2022 16:34:40,1,-999,1030,3,2,440
21/05/2022 16:34:56,1,-999,1030,3,2,440
21/05/2022 16:35:12,1,-999,1030,3,1,570
21/05/2022 16:35:28,1,-999,1030,3,1,570
21/05/2022 16:35:44,1,-999,1030,3,1,570
21/05/2022 16:36:00,1,-999,1030,3,1,430
21/05/2022 16:36:16,1,-999,1030,3,1,430
21/05/2022 16:36:32,1,-999,1030,3,1,410
21/05/2022 16:36:48,1,-999,1030,3,1,410
21/05/2022 16:37:04,1,-999,1030,3,2,410
21/05/2022 16:37:20,1,-999,1030,3,2,410
21/05/2022 16:37:36,1,-999,1030,3,3,560
21/05/2022 16:37:52,1,-999,1030,3,3,560
21/05/2022 16:38:08,1,-999,1030,3,3,560
21/05/2022 16:38:24,1,-999,1030,3,1,400
21/05/2022 16:38:40,1,-999,1030,3,1,400
21/05/2022 16:38:56,1,-999,1030,3,1,430
21/05/2022 16:39:12,1,-999,1030,3,1,430
21/05/2022 16:39:28,1,-999,1030,3,1,510
21/05/2022 16:39:44,1,-999,1030,3,1,510
21/05/2022 16:40:00,1,-999,1030,3,1,430
21/05/2022 16:40:16,1,-999,1030,3,1,430
21/05/2022 16:40:32,1,-999,1030,3,1,430
21/05/2022 16:40:48,1,-999,1030,3,2,430
21/05/2022 16:41:04,1,-999,1030,3,2,430
21/05/2022 16:41:20,1,-999,1030,3,3,400
21/05/2022 16:41:36,1,-999,1030,3,3,400
21/05/2022 16:41:52,1,-999,1030,3,1,1540
21/05/2022 16:42:08,1,-999,1030,3,1,1540
21/05/2022 16:42:24,1,-999,1030,3,2,850
21/05/2022 16:42:40,1,-999,1030,3,2,850
21/05/2022 16:42:56,1,-999,1030,3,2,850
21/05/2022 16:43:12,1,-999,1030,3,2,390
21/05/2022 16:43:28,1,-999,1030,3,2,390
21/05/2022 16:43:44,1,-999,1030,3,2,400
21/05/2022 16:44:00,1,-999,1030,3,2,400
21/05/2022 16:44:16,1,-999,1030,3,1,330
21/05/2022 16:44:32,1,-999,1030,3,1,330
21/05/2022 16:44:48,1,-999,1030,3,2,400
21/05/2022 16:45:04,1,-999,1030,3,2,400
21/05/2022 16:45:20,1,-999,1030,3,2,400
21/05/2022 16:45:36,1,-999,1030,3,1,1570
21/05/2022 16:45:52,1,-999,1030,3,1,1570
21/05/2022 16:46:08,1,-999,1030,3,2,1210
21/05/2022 16:46:24,1,-999,1030,3,2,1210
21/05/2022 16:46:40,1,-999,1030,3,2,450
21/05/2022 16:46:56,1,-999,1030,3,2,450
21/05/2022 16:47:12,1,-999,1030,3,1,360
21/05/2022 16:47:28,1,-999,1030,3,1,360
21/05/2022 16:47:44,1,-999,1030,3,1,360
21/05/2022 16:48:00,1,-999,1030,3,1,380
21/05/2022 16:48:16,1,-999,1030,3,1,380
21/05/2022 16:48:32,1,-999,1030,3,2,330
21/05/2022 16:48:48,1,-999,1030,3,2,330
21/05/2022 16:49:04,1,-999,1030,3,2,400
21/05/2022 16:49:20,1,-999,1030,3,2,400
21/05/2022 16:49:36,1,-999,1030,3,2,370
21/05/2022 16:49:52,1,-999,1030,3,2,370
21/05/2022 16:50:08,1,-999,1030,3,2,370
21/05/2022 16:50:24,1,-999,1030,3,1,500
21/05/2022 16:50:40,1,-999,1030,3,1,500
21/05/2022 16:50:56,1,-999,1030,3,2,390
21/05/2022 16:51:12,1,-999,1030,3,2,390
21/05/2022 16:51:28,1,-999,1030,3,3,380
21/05/2022 16:51:44,1,-999,1030,3,3,380
21/05/2022 16:52:00,1,-999,1030,3,2,390
21/05/2022 16:52:16,1,-999,1030,3,2,390
21/05/2022 16:52:32,1,-999,1030,3,2,390
21/05/2022 16:52:48,1,-999,1030,3,1,360
21/05/2022 16:53:04,1,470,1030,3,1,360
21/05/2022 16:53:20,1,470,1030,3,1,340
21/05/2022 16:53:36,1,470,1030,3,1,340
21/05/2022 16:53:52,1,460,1030,3,3,340
21/05/2022 16:54:08,1,460,1030,3,3,340
21/05/2022 16:54:24,1,460,1030,3,2,380
21/05/2022 16:54:40,1,470,1030,3,2,380
21/05/2022 16:54:56,1,470,1030,3,2,380
21/05/2022 16:55:12,1,470,1030,3,1,390
21/05/2022 16:55:28,1,470,1030,3,1,390
21/05/2022 16:55:44,1,470,1030,3,1,380
21/05/2022 16:56:00,1,470,1030,3,1,380
21/05/2022 16:56:16,1,470,1030,3,2,380
21/05/2022 16:56:32,1,470,1030,3,2,380
21/05/2022 16:56:48,1,470,1030,3,3,360
21/05/2022 16:57:04,1,470,1030,3,3,360
21/05/2022 16:57:20,1,470,1030,3,3,360
21/05/2022 16:57:36,1,470,1030,3,3,370
21/05/2022 16:57:52,1,470,1030,3,3,370
21/05/2022 16:58:08,1,470,1030,3,1,580
21/05/2022 16:58:24,1,470,1030,3,1,580
21/05/2022 16:58:40,1,470,1030,3,2,440
21/05/2022 16:58:56,1,470,1030,3,2,440
21/05/2022 16:59:12,1,470,1030,3,1,350
21/05/2022 16:59:28,1,470,1030,3,1,350
21/05/2022 16:59:44,1,460,1030,3,1,350
21/05/2022 17:00:00,-999,460,-999,3,1,370
21/05/2022 17:00:16,-999,460,-999,3,1,370
21/05/2022 17:00:32,-999,460,-999,3,1,360
21/05/2022 17:00:48,-999,460,-999,3,1,360
21/05/2022 17:01:04,-999,460,-999,3,2,370
21/05/2022 17:01:20,-999,460,-999,3,2,370
21/05/2022 17:01:36,-999,460,-999,3,2,330
21/05/2022 17:01:52,-999,450,-999,3,2,330
21/05/2022 17:02:08,-999,450,-999,3,2,330
21/05/2022 17:02:24,-999,460,-999,3,2,500
21/05/2022 17:02:40,-999,460,-999,3,2,500
21/05/2022 17:02:56,-999,460,-999,3,2,450
21/05/2022 17:03:12,-999,460,-999,3,2,450
21/05/2022 17:03:28,-999,460,-999,3,2,440
21/05/2022 17:03:44,-999,470,-999,3,2,440
21/05/2022 17:04:00,-999,470,-999,3,2,400
21/05/2022 17:04:16,-999,480,-999,3,2,400
21/05/2022 17:04:32,-999,480,-999,3,2,400
21/05/2022 17:04:48,-999,480,-999,3,2,700
21/05/2022 17:05:04,-999,480,-999,3,2,700
21/05/2022 17:05:20,-999,480,-999,3,3,690
21/05/2022 17:05:36,-999,480,-999,3,3,690
21/05/2022 17:05:52,-999,480,-999,3,1,730
21/05/2022 17:06:08,-999,480,-999,3,1,730
21/05/2022 17:06:24,-999,480,-999,3,2,710
21/05/2022 17:06:40,-999,420,-999,3,2,710
21/05/2022 17:06:56,-999,420,-999,3,2,710
21/05/2022 17:07:12,-999,420,-999,3,3,710
21/05/2022 17:07:28,-999,420,-999,3,3,710
21/05/2022 17:07:44,-999,420,-999,3,1,650
21/05/2022 17:08:00,-999,410,-999,3,1,650
21/05/2022 17:08:16,-999,410,-999,3,3,700
21/05/2022 17:08:32,-999,410,-999,3,3,700
21/05/2022 17:08:48,-999,410,-999,3,3,380
21/05/2022 17:09:04,-999,410,-999,3,3,380
21/05/2022 17:09:20,-999,410,-999,3,3,380
21/05/2022 17:09:36,-999,420,-999,3,3,360
21/05/2022 17:09:52,-999,420,-999,3,3,360
21/05/2022 17:10:08,-999,400,-999,3,2,910
21/05/2022 17:10:24,-999,400,-999,3,2,910
21/05/2022 17:10:40,-999,430,-999,3,1,2050
21/05/2022 17:10:56,-999,430,-999,3,1,2050
21/05/2022 17:11:12,-999,450,-999,3,3,450
21/05/2022 17:11:28,-999,450,-999,3,3,450
21/05/2022 17:11:44,-999,450,-999,3,3,450
21/05/2022 17:12:00,-999,450,-999,3,1,2060
21/05/2022 17:12:16,-999,450,-999,3,1,2060
21/05/2022 17:12:32,-999,450,-999,3,3,480
21/05/2022 17:12:48,-999,500,-999,3,3,480
21/05/2022 17:13:04,-999,530,-999,3,3,430
21/05/2022 17:13:20,-999,530,-999,3,3,430
21/05/2022 17:13:36,-999,540,-999,3,3,440
21/05/2022 17:13:52,-999,540,-999,3,3,440
21/05/2022 17:14:08,-999,540,-999,3,3,440
21/05/2022 17:14:24,-999,540,-999,3,3,390
21/05/2022 17:14:40,-999,540,-999,3,3,390
21/05/2022 17:14:56,-999,540,-999,3,3,430
21/05/2022 17:15:12,-999,540,-999,3,3,430
21/05/2022 17:15:28,-999,540,-999,3,3,400
21/05/2022 17:15:44,-999,530,-999,3,3,400
21/05/2022 17:16:00,-999,530,-999,3,3,500
21/05/2022 17:16:16,-999,530,-999,3,3,500
21/05/2022 17:16:32,-999,530,-999,3,3,500
21/05/2022 17:16:48,-999,530,-999,3,3,460
21/05/2022 17:17:04,-999,540,-999,3,3,460
21/05/2022 17:17:20,-999,540,-999,3,3,530
21/05/2022 17:17:36,-999,540,-999,3,3,530
21/05/2022 17:17:52,-999,570,-999,3,2,440
21/05/2022 17:18:08,-999,570,-999,3,2,440
21/05/2022 17:18:24,-999,600,-999,3,1,490
21/05/2022 17:18:40,-999,600,-999,3,1,490
21/05/2022 17:18:56,-999,620,-999,3,1,490
21/05/2022 17:19:12,-999,620,-999,3,2,430
21/05/2022 17:19:28,-999,620,-999,3,2,430
21/05/2022 17:19:44,-999,620,-999,3,2,410
21/05/2022 17:20:00,-999,600,-999,3,2,410
21/05/2022 17:20:16,-999,600,-999,3,2,390
21/05/2022 17:20:32,-999,570,-999,3,2,390
21/05/2022 17:20:48,-999,570,-999,3,2,390
21/05/2022 17:21:04,-999,1050,-999,3,2,390
21/05/2022 17:21:20,-999,530,-999,3,2,390
21/05/2022 17:21:36,-999,490,-999,3,2,370
21/05/2022 17:21:52,-999,490,-999,3,2,370
21/05/2022 17:22:08,-999,490,-999,3,2,370
21/05/2022 17:22:24,-999,490,-999,3,2,370
21/05/2022 17:22:40,-999,490,-999,3,1,1000
21/05/2022 17:22:56,-999,490,-999,3,1,1000
21/05/2022 17:23:12,-999,490,-999,3,1,1040
21/05/2022 17:23:28,-999,490,-999,3,1,1040
21/05/2022 17:23:44,-999,490,-999,3,1,1040
21/05/2022 17:24:00,-999,490,-999,3,2,470
21/05/2022 17:24:16,-999,490,-999,3,2,470
21/05/2022 17:24:32,-999,490,-999,3,1,1140
21/05/2022 17:24:48,-999,490,-999,3,1,1140
21/05/2022 17:25:04,-999,1170,-999,3,2,1140
21/05/2022 17:25:20,-999,1170,-999,3,2,1140
21/05/2022 17:25:36,-999,1170,-999,3,2,570
21/05/2022 17:25:52,-999,630,-999,3,2,570
21/05/2022 17:26:08,-999,630,-999,3,2,570
21/05/2022 17:26:24,-999,630,-999,3,2,520
21/05/2022 17:26:40,-999,630,-999,3,2,520
21/05/2022 17:26:56,-999,630,-999,3,2,590
21/05/2022 17:27:12,-999,630,-999,3,2,590
21/05/2022 17:27:28,-999,630,-999,3,3,480
21/05/2022 17:27:44,-999,630,-999,3,3,480
21/05/2022 17:28:00,-999,630,-999,3,2,460
21/05/2022 17:28:16,-999,630,-999,3,2,460
21/05/2022 17:28:32,-999,630,-999,3,2,460
21/05/2022 17:28:48,-999,630,-999,3,3,460
21/05/2022 17:29:04,-999,630,-999,3,3,460
21/05/2022 17:29:20,-999,630,-999,3,1,470
21/05/2022 17:29:36,-999,630,-999,3,1,470
21/05/2022 17:29:52,-999,630,-999,3,2,420
21/05/2022 17:30:08,-999,630,-999,3,2,420
21/05/2022 17:30:24,-999,600,-999,3,1,440
21/05/2022 17:30:40,-999,600,-999,3,1,440
21/05/2022 17:30:56,-999,600,-999,3,1,440
21/05/2022 17:31:12,-999,600,-999,3,1,420
21/05/2022 17:31:28,-999,600,-999,3,1,420
21/05/2022 17:31:44,-999,600,-999,3,1,380
21/05/2022 17:32:00,-999,590,-999,3,1,380
21/05/2022 17:32:16,-999,590,-999,3,1,370
21/05/2022 17:32:32,-999,540,-999,3,1,370
21/05/2022 17:32:48,-999,540,-999,3,2,350
21/05/2022 17:33:04,-999,520,-999,3,2,350
21/05/2022 17:33:20,-999,520,-999,3,2,350
21/05/2022 17:33:36,-999,520,-999,3,2,490
21/05/2022 17:33:52,-999,520,-999,3,2,490
21/05/2022 17:34:08,-999,480,-999,3,2,380
21/05/2022 17:34:24,-999,480,-999,3,2,380
21/05/2022 17:34:40,-999,480,-999,3,2,370
21/05/2022 17:34:56,-999,480,-999,3,2,370
21/05/2022 17:35:12,-999,470,-999,3,3,340
21/05/2022 17:35:28,-999,470,-999,3,3,340
21/05/2022 17:35:44,-999,460,-999,3,3,340
21/05/2022 17:36:00,-999,460,-999,3,2,380
21/05/2022 17:36:16,-999,480,-999,3,2,380
21/05/2022 17:36:32,-999,480,-999,3,1,380
21/05/2022 17:36:48,-999,480,-999,3,1,380
21/05/2022 17:37:04,-999,480,-999,3,3,430
21/05/2022 17:37:20,-999,490,-999,3,3,430
21/05/2022 17:37:36,-999,490,-999,3,1,440
21/05/2022 17:37:52,-999,490,-999,3,1,440
21/05/2022 17:38:08,-999,490,-999,3,1,440
21/05/2022 17:38:24,-999,490,-999,3,1,360
21/05/2022 17:38:40,-999,490,-999,3,1,360
21/05/2022 17:38:56,-999,460,-999,3,2,350
21/05/2022 17:39:12,-999,460,-999,3,2,350
21/05/2022 17:39:28,-999,460,-999,3,2,370
21/05/2022 17:39:44,-999,460,-999,3,2,370
21/05/2022 17:40:00,-999,460,-999,3,2,370
21/05/2022 17:40:16,-999,460,-999,3,2,370
21/05/2022 17:40:32,-999,480,-999,3,2,370
21/05/2022 17:40:48,-999,480,-999,3,1,330
21/05/2022 17:41:04,-999,460,-999,3,1,330
21/05/2022 17:41:20,-999,460,-999,3,2,320
21/05/2022 17:41:36,-999,460,-999,3,2,320
21/05/2022 17:41:52,-999,460,-999,3,2,730
21/05/2022 17:42:08,-999,460,-999,3,2,730
21/05/2022 17:42:24,-999,460,-999,3,3,350
21/05/2022 17:42:40,-999,460,-999,3,3,350
21/05/2022 17:42:56,-999,460,-999,3,3,350
21/05/2022 17:43:12,-999,460,-999,3,2,450
21/05/2022 17:43:28,-999,460,-999,3,2,450
21/05/2022 17:43:44,-999,420,-999,3,1,680
21/05/2022 17:44:00,-999,420,-999,3,1,680
21/05/2022 17:44:16,-999,420,-999,3,2,640
21/05/2022 17:44:32,-999,410,-999,3,2,640
21/05/2022 17:44:48,-999,410,-999,3,2,420
21/05/2022 17:45:04,-999,410,-999,3,2,420
21/05/2022 17:45:20,-999,410,-999,3,2,420
21/05/2022 17:45:36,-999,410,-999,3,3,350
21/05/2022 17:45:52,-999,420,-999,3,3,350
21/05/2022 17:46:08,-999,420,-999,3,1,380
21/05/2022 17:46:24,-999,430,-999,3,1,380
21/05/2022 17:46:40,-999,430,-999,3,2,450
21/05/2022 17:46:56,-999,470,-999,3,2,450
21/05/2022 17:47:12,-999,470,-999,3,2,430
21/05/2022 17:47:28,-999,490,-999,3,2,430
21/05/2022 17:47:44,-999,490,-999,3,2,430
21/05/2022 17:48:00,-999,490,-999,3,1,340
21/05/2022 17:48:16,-999,490,-999,3,1,340
21/05/2022 17:48:32,-999,490,-999,3,1,320
21/05/2022 17:48:48,-999,490,-999,3,1,320
21/05/2022 17:49:04,-999,490,-999,3,2,330
21/05/2022 17:49:20,-999,470,-999,3,2,330
21/05/2022 17:49:36,-999,470,-999,3,2,370
21/05/2022 17:49:52,-999,450,-999,3,2,370
21/05/2022 17:50:08,-999,450,-999,3,2,370
21/05/2022 17:50:24,-999,450,-999,3,2,650
21/05/2022 17:50:40,-999,450,-999,3,2,650
21/05/2022 17:50:56,-999,450,-999,3,1,540
21/05/2022 17:51:12,-999,450,-999,3,1,540
21/05/2022 17:51:28,-999,450,-999,3,1,490
21/05/2022 17:51:44,-999,420,-999,3,1,490
21/05/2022 17:52:00,-999,450,-999,3,1,370
21/05/2022 17:52:16,-999,450,-999,3,1,370
21/05/2022 17:52:32,-999,450,-999,3,1,370
21/05/2022 17:52:48,-999,450,-999,3,2,510
21/05/2022 17:53:04,-999,450,-999,3,2,510
21/05/2022 17:53:20,-999,450,-999,3,1,590
21/05/2022 17:53:36,-999,410,-999,3,1,590
21/05/2022 17:53:52,-999,-999,-999,3,1,680
21/05/2022 17:54:08,-999,-999,-999,3,1,680
21/05/2022 17:54:24,-999,-999,-999,3,2,610
21/05/2022 17:54:40,-999,-999,-999,3,2,610
21/05/2022 17:54:56,-999,-999,-999,3,2,610
21/05/2022 17:55:12,-999,-999,-999,3,2,400
21/05/2022 17:55:28,-999,-999,-999,3,2,400
21/05/2022 17:55:44,-999,-999,-999,3,1,430
21/05/2022 17:56:00,-999,-999,-999,3,1,430
21/05/2022 17:56:16,-999,-999,-999,3,1,370
21/05/2022 17:56:32,-999,-999,-999,3,1,370
21/05/2022 17:56:48,-999,-999,-999,3,1,360
21/05/2022 17:57:04,-999,-999,-999,3,1,360
21/05/2022 17:57:20,-999,-999,-999,3,1,360
21/05/2022 17:57:36,-999,-999,-999,3,1,340
21/05/2022 17:57:52,-999,-999,-999,3,1,340
21/05/2022 17:58:08,-999,-999,-999,3,1,330
21/05/2022 17:58:24,-999,440,-999,3,1,330
21/05/2022 17:58:40,-999,440,-999,3,3,360
21/05/2022 17:58:56,-999,440,-999,3,3,360
21/05/2022 17:59:12,-999,440,-999,3,2,430
21/05/2022 17:59:28,-999,440,-999,3,2,430
21/05/2022 17:59:44,-999,470,-999,3,2,430
21/05/2022 18:00:00,1,440,480,3,1,360
21/05/2022 18:00:16,1,440,480,3,1,360
21/05/2022 18:00:32,1,440,480,3,1,330
21/05/2022 18:00:48,1,440,480,3,1,330
21/05/2022 18:01:04,1,430,480,3,2,320
21/05/2022 18:01:20,1,430,480,3,2,320
21/05/2022 18:01:36,1,430,480,3,1,520
21/05/2022 18:01:52,1,430,480,3,1,520
21/05/2022 18:02:08,1,430,480,3,1,520
21/05/2022 18:02:24,1,-999,480,3,2,510
21/05/2022 18:02:40,1,-999,480,3,2,510
21/05/2022 18:02:56,1,640,480,3,1,490
21/05/2022 18:03:12,1,660,480,3,1,490
21/05/2022 18:03:28,1,660,480,3,1,380
21/05/2022 18:03:44,1,-999,480,3,1,380
21/05/2022 18:04:00,1,660,480,3,2,490
21/05/2022 18:04:16,1,660,480,3,2,490
21/05/2022 18:04:32,1,680,480,3,2,490
21/05/2022 18:04:48,1,660,480,3,1,520
21/05/2022 18:05:04,1,660,480,3,1,520
21/05/2022 18:05:20,1,650,480,3,1,440
21/05/2022 18:05:36,1,650,480,3,1,440
21/05/2022 18:05:52,1,650,480,3,1,420
21/05/2022 18:06:08,1,660,480,3,1,420
21/05/2022 18:06:24,1,650,480,3,1,450
21/05/2022 18:06:40,1,580,480,3,1,450
21/05/2022 18:06:56,1,580,480,3,1,450
21/05/2022 18:07:12,1,580,480,3,2,400
21/05/2022 18:07:28,1,580,480,3,2,400
21/05/2022 18:07:44,1,580,480,3,2,360
21/05/2022 18:08:00,1,570,480,3,2,360
21/05/2022 18:08:16,1,570,480,3,1,350
21/05/2022 18:08:32,1,570,480,3,1,350
21/05/2022 18:08:48,1,560,480,3,1,370
21/05/2022 18:09:04,1,560,480,3,1,370
21/05/2022 18:09:20,1,560,480,3,1,370
21/05/2022 18:09:36,1,-999,480,3,1,480
21/05/2022 18:09:52,1,-999,480,3,1,480
21/05/2022 18:10:08,1,-999,480,3,2,370
21/05/2022 18:10:24,1,-999,480,3,2,370
21/05/2022 18:10:40,1,-999,480,3,2,380
21/05/2022 18:10:56,1,-999,480,3,2,380
21/05/2022 18:11:12,1,-999,480,3,2,320
21/05/2022 18:11:28,1,-999,480,3,2,320
21/05/2022 18:11:44,1,-999,480,3,2,320
21/05/2022 18:12:00,1,-999,480,3,1,350
21/05/2022 18:12:16,1,-999,480,3,1,350
21/05/2022 18:12:32,1,450,480,3,3,370
21/05/2022 18:12:48,1,450,480,3,3,370
21/05/2022 18:13:04,1,450,480,3,2,390
21/05/2022 18:13:20,1,450,480,3,2,390
21/05/2022 18:13:36,1,450,480,3,1,1460
21/05/2022 18:13:52,1,450,480,3,1,1460
21/05/2022 18:14:08,1,450,480,3,1,1460
21/05/2022 18:14:24,1,450,480,3,1,1440
21/05/2022 18:14:40,1,440,480,3,1,1440
21/05/2022 18:14:56,1,440,480,3,1,1430
21/05/2022 18:15:12,1,450,480,3,1,1430
21/05/2022 18:15:28,1,450,480,3,2,370
21/05/2022 18:15:44,1,450,480,3,2,370
21/05/2022 18:16:00,1,450,480,3,2,510
21/05/2022 18:16:16,1,450,480,3,2,510
21/05/2022 18:16:32,1,450,480,3,2,510
21/05/2022 18:16:48,1,-999,480,3,2,490
21/05/2022 18:17:04,1,-999,480,3,2,490
21/05/2022 18:17:20,1,-999,480,3,2,460
21/05/2022 18:17:36,1,-999,480,3,2,460
21/05/2022 18:17:52,1,-999,480,3,2,450
21/05/2022 18:18:08,1,600,480,3,2,450
21/05/2022 18:18:24,1,570,480,3,1,340
21/05/2022 18:18:40,1,570,480,3,1,340
21/05/2022 18:18:56,1,570,480,3,1,340
21/05/2022 18:19:12,1,590,480,3,2,460
21/05/2022 18:19:28,1,590,480,3,2,460
21/05/2022 18:19:44,1,590,480,3,2,390
21/05/2022 18:20:00,1,590,480,3,2,390
21/05/2022 18:20:16,1,570,480,3,2,380
21/05/2022 18:20:32,1,570,480,3,2,380
21/05/2022 18:20:48,1,530,480,3,3,310
21/05/2022 18:21:04,1,530,480,3,3,310
21/05/2022 18:21:20,1,530,480,3,3,310
21/05/2022 18:21:36,1,520,480,3,3,300
21/05/2022 18:21:52,1,520,480,3,3,300
21/05/2022 18:22:08,1,480,480,3,2,360
21/05/2022 18:22:24,1,480,480,3,2,360
21/05/2022 18:22:40,1,460,480,3,1,370
21/05/2022 18:22:56,1,460,480,3,1,370
21/05/2022 18:23:12,1,460,480,3,2,410
21/05/2022 18:23:28,1,460,480,3,2,410
21/05/2022 18:23:44,1,460,480,3,2,410
21/05/2022 18:24:00,1,450,480,3,1,350
21/05/2022 18:24:16,1,450,480,3,1,350
21/05/2022 18:24:32,1,430,480,3,2,320
21/05/2022 18:24:48,1,430,480,3,2,320
21/05/2022 18:25:04,1,430,480,3,2,320
21/05/2022 18:25:20,1,430,480,3,2,320
21/05/2022 18:25:36,1,450,480,3,1,1190
21/05/2022 18:25:52,1,450,480,3,1,1190
21/05/2022 18:26:08,1,450,480,3,1,1190
21/05/2022 18:26:24,1,450,480,3,2,340
21/05/2022 18:26:40,1,450,480,3,2,340
21/05/2022 18:26:56,1,450,480,3,2,310
21/05/2022 18:27:12,1,430,480,3,2,310
21/05/2022 18:27:28,1,430,480,3,2,310
21/05/2022 18:27:44,1,420,480,3,2,310
21/05/2022 18:28:00,1,420,480,3,2,310
21/05/2022 18:28:16,1,420,480,3,2,310
21/05/2022 18:28:32,1,420,480,3,2,310
21/05/2022 18:28:48,1,420,480,3,2,330
21/05/2022 18:29:04,1,420,480,3,2,330
21/05/2022 18:29:20,1,430,480,3,2,330
21/05/2022 18:29:36,1,430,480,3,2,330
21/05/2022 18:29:52,1,420,480,3,1,330
21/05/2022 18:30:08,1,420,480,3,1,330
21/05/2022 18:30:24,1,420,480,3,3,280
21/05/2022 18:30:40,1,420,480,3,3,280
21/05/2022 18:30:56,1,420,480,3,3,280
21/05/2022 18:31:12,1,420,480,3,1,1360
21/05/2022 18:31:28,1,420,480,3,1,1360
21/05/2022 18:31:44,1,420,480,3,2,340
21/05/2022 18:32:00,1,420,480,3,2,340
21/05/2022 18:32:16,1,420,480,3,1,1430
21/05/2022 18:32:32,1,420,480,3,1,1430
21/05/2022 18:32:48,1,420,480,3,2,390
21/05/2022 18:33:04,1,420,480,3,2,390
21/05/2022 18:33:20,1,420,480,3,2,390
21/05/2022 18:33:36,1,420,480,3,2,340
21/05/2022 18:33:52,1,420,480,3,2,340
21/05/2022 18:34:08,1,400,480,3,1,1480
21/05/2022 18:34:24,1,400,480,3,1,1480
21/05/2022 18:34:40,1,430,480,3,2,350
21/05/2022 18:34:56,1,430,480,3,2,350
21/05/2022 18:35:12,1,430,480,3,1,1480
21/05/2022 18:35:28,1,440,480,3,1,1480
21/05/2022 18:35:44,1,440,480,3,1,1480
21/05/2022 18:36:00,1,430,480,3,2,330
21/05/2022 18:36:16,1,430,480,3,2,330
21/05/2022 18:36:32,1,430,480,3,2,790
21/05/2022 18:36:48,1,430,480,3,2,790
21/05/2022 18:37:04,1,390,480,3,1,1510
21/05/2022 18:37:20,1,380,480,3,1,1510
21/05/2022 18:37:36,1,380,480,3,1,1530
21/05/2022 18:37:52,1,380,480,3,1,1530
21/05/2022 18:38:08,1,390,480,3,1,1530
21/05/2022 18:38:24,1,410,480,3,2,340
21/05/2022 18:38:40,1,410,480,3,2,340
21/05/2022 18:38:56,1,390,480,3,1,1550
21/05/2022 18:39:12,1,390,480,3,1,1550
21/05/2022 18:39:28,1,390,480,3,2,1530
21/05/2022 18:39:44,1,390,480,3,2,1530
21/05/2022 18:40:00,1,390,480,3,3,270
21/05/2022 18:40:16,1,380,480,3,3,270
21/05/2022 18:40:32,1,380,480,3,3,270
21/05/2022 18:40:48,1,400,480,3,2,1530
21/05/2022 18:41:04,1,400,480,3,2,1530
21/05/2022 18:41:20,1,400,480,3,2,1530
21/05/2022 18:41:36,1,400,480,3,2,1530
21/05/2022 18:41:52,1,400,480,3,2,340
21/05/2022 18:42:08,1,400,480,3,2,340
21/05/2022 18:42:24,1,400,480,3,3,370
21/05/2022 18:42:40,1,400,480,3,3,370
21/05/2022 18:42:56,1,400,480,3,3,370
21/05/2022 18:43:12,1,430,480,3,2,380
21/05/2022 18:43:28,1,430,480,3,2,380
21/05/2022 18:43:44,1,430,480,3,2,330
21/05/2022 18:44:00,1,430,480,3,2,330
21/05/2022 18:44:16,1,430,480,3,3,300
21/05/2022 18:44:32,1,430,480,3,3,300
21/05/2022 18:44:48,1,430,480,3,3,340
21/05/2022 18:45:04,1,420,480,3,3,340
21/05/2022 18:45:20,1,420,480,3,3,340
21/05/2022 18:45:36,1,420,480,3,2,830
21/05/2022 18:45:52,1,420,480,3,2,830
21/05/2022 18:46:08,1,410,480,3,2,280
21/05/2022 18:46:24,1,410,480,3,2,280
21/05/2022 18:46:40,1,410,480,3,2,300
21/05/2022 18:46:56,1,390,480,3,2,300
21/05/2022 18:47:12,1,390,480,3,2,330
21/05/2022 18:47:28,1,390,480,3,2,330
21/05/2022 18:47:44,1,390,480,3,2,330
21/05/2022 18:48:00,1,390,480,3,2,270
21/05/2022 18:48:16,1,400,480,3,2,270
21/05/2022 18:48:32,1,400,480,3,1,2460
21/05/2022 18:48:48,1,380,480,3,1,2460
21/05/2022 18:49:04,1,380,480,3,2,340
21/05/2022 18:49:20,1,380,480,3,2,340
21/05/2022 18:49:36,1,400,480,3,3,380
21/05/2022 18:49:52,1,400,480,3,3,380
21/05/2022 18:50:08,1,400,480,3,3,380
21/05/2022 18:50:24,1,400,480,3,3,1760
21/05/2022 18:50:40,1,400,480,3,3,1760
21/05/2022 18:50:56,1,400,480,3,2,1760
21/05/2022 18:51:12,1,400,480,3,2,1760
21/05/2022 18:51:28,1,400,480,3,3,280
21/05/2022 18:51:44,1,390,480,3,3,280
21/05/2022 18:52:00,1,390,480,3,2,1750
21/05/2022 18:52:16,1,390,480,3,2,1750
21/05/2022 18:52:32,1,390,480,3,2,1750
21/05/2022 18:52:48,1,390,480,3,3,370
21/05/2022 18:53:04,1,390,480,3,3,370
21/05/2022 18:53:20,1,390,480,3,3,340
21/05/2022 18:53:36,1,390,480,3,3,340
21/05/2022 18:53:52,1,390,480,3,1,5500
21/05/2022 18:54:08,1,390,480,3,1,5500
21/05/2022 18:54:24,1,390,480,3,2,1760
21/05/2022 18:54:40,1,390,480,3,2,1760
21/05/2022 18:54:56,1,390,480,3,2,1760
21/05/2022 18:55:12,1,390,480,3,3,300
21/05/2022 18:55:28,1,390,480,3,3,300
21/05/2022 18:55:44,1,390,480,3,3,280
21/05/2022 18:56:00,1,390,480,3,3,280
21/05/2022 18:56:16,1,390,480,3,3,360
21/05/2022 18:56:32,1,390,480,3,3,360
21/05/2022 18:56:48,1,390,480,3,2,360
21/05/2022 18:57:04,1,390,480,3,2,360
21/05/2022 18:57:20,1,390,480,3,2,360
21/05/2022 18:57:36,1,390,480,3,2,310
21/05/2022 18:57:52,1,390,480,3,2,310
21/05/2022 18:58:08,1,400,480,3,3,310
21/05/2022 18:58:24,1,400,480,3,3,310
21/05/2022 18:58:40,1,400,480,3,2,300
21/05/2022 18:58:56,1,400,480,3,2,300
21/05/2022 18:59:12,1,400,480,3,2,280
21/05/2022 18:59:28,1,400,480,3,2,280
21/05/2022 18:59:44,1,400,480,3,2,280
21/05/2022 19:00:00,1,400,420,3,1,2470
21/05/2022 19:00:16,1,400,420,3,1,2470
21/05/2022 19:00:32,1,400,420,3,2,310
21/05/2022 19:00:48,1,400,420,3,2,310
21/05/2022 19:01:04,1,400,420,3,1,310
21/05/2022 19:01:20,1,400,420,3,1,310
21/05/2022 19:01:36,1,390,420,3,3,300
21/05/2022 19:01:52,1,390,420,3,3,300
21/05/2022 19:02:08,1,380,420,3,3,300
21/05/2022 19:02:24,1,380,420,3,3,400
21/05/2022 19:02:40,1,390,420,3,3,400
21/05/2022 19:02:56,1,390,420,3,2,330
21/05/2022 19:03:12,1,410,420,3,2,330
21/05/2022 19:03:28,1,410,420,3,1,310
21/05/2022 19:03:44,1,410,420,3,1,310
21/05/2022 19:04:00,1,400,420,3,3,290
21/05/2022 19:04:16,1,400,420,3,3,290
21/05/2022 19:04:32,1,400,420,3,3,290
21/05/2022 19:04:48,1,400,420,3,1,290
21/05/2022 19:05:04,1,400,420,3,1,290
21/05/2022 19:05:20,1,400,420,3,2,310
21/05/2022 19:05:36,1,400,420,3,2,310
21/05/2022 19:05:52,1,400,420,3,2,290
21/05/2022 19:06:08,1,400,420,3,2,290
21/05/2022 19:06:24,1,400,420,3,1,270
21/05/2022 19:06:40,1,400,420,3,1,270
21/05/2022 19:06:56,1,400,420,3,1,270
21/05/2022 19:07:12,1,400,420,3,1,320
21/05/2022 19:07:28,1,400,420,3,1,320
21/05/2022 19:07:44,1,400,420,3,1,280
21/05/2022 19:08:00,1,400,420,3,1,280
21/05/2022 19:08:16,1,400,420,3,1,280
21/05/2022 19:08:32,1,400,420,3,1,280
21/05/2022 19:08:48,1,390,420,3,1,270
21/05/2022 19:09:04,1,390,420,3,1,270
21/05/2022 19:09:20,1,360,420,3,1,270
21/05/2022 19:09:36,1,360,420,3,3,310
21/05/2022 19:09:52,1,360,420,3,3,310
21/05/2022 19:10:08,1,360,420,3,2,340
21/05/2022 19:10:24,1,400,420,3,2,340
21/05/2022 19:10:40,1,400,420,3,2,360
21/05/2022 19:10:56,1,420,420,3,2,360
21/05/2022 19:11:12,1,420,420,3,2,370
21/05/2022 19:11:28,1,430,420,3,2,370
21/05/2022 19:11:44,1,430,420,3,2,370
21/05/2022 19:12:00,1,430,420,3,2,310
21/05/2022 19:12:16,1,430,420,3,2,310
21/05/2022 19:12:32,1,440,420,3,2,330
21/05/2022 19:12:48,1,440,420,3,2,330
21/05/2022 19:13:04,1,440,420,3,2,320
21/05/2022 19:13:20,1,440,420,3,2,320
21/05/2022 19:13:36,1,440,420,3,2,320
21/05/2022 19:13:52,1,440,420,3,2,320
21/05/2022 19:14:08,1,440,420,3,2,320
21/05/2022 19:14:24,1,440,420,3,2,280
21/05/2022 19:14:40,1,440,420,3,2,280
21/05/2022 19:14:56,1,430,420,3,2,300
21/05/2022 19:15:12,1,430,420,3,2,300
21/05/2022 19:15:28,1,430,420,3,2,290
21/05/2022 19:15:44,1,420,420,3,2,290
21/05/2022 19:16:00,1,420,420,3,2,270
21/05/2022 19:16:16,1,390,420,3,2,270
21/05/2022 19:16:32,1,390,420,3,2,270
21/05/2022 19:16:48,1,370,420,3,2,230
21/05/2022 19:17:04,1,370,420,3,2,230
21/05/2022 19:17:20,1,370,420,3,2,310
21/05/2022 19:17:36,1,370,420,3,2,310
21/05/2022 19:17:52,1,370,420,3,2,310
21/05/2022 19:18:08,1,370,420,3,2,310
21/05/2022 19:18:24,1,370,420,3,1,290
21/05/2022 19:18:40,1,380,420,3,1,290
21/05/2022 19:18:56,1,380,420,3,1,290
21/05/2022 19:19:12,1,370,420,3,3,260
21/05/2022 19:19:28,1,370,420,3,3,260
21/05/2022 19:19:44,1,380,420,3,2,350
21/05/2022 19:20:00,1,380,420,3,2,350
21/05/2022 19:20:16,1,380,420,3,1,270
21/05/2022 19:20:32,1,380,420,3,1,270
21/05/2022 19:20:48,1,380,420,3,2,260
21/05/2022 19:21:04,1,380,420,3,2,260
21/05/2022 19:21:20,1,380,420,3,2,260
21/05/2022 19:21:36,1,350,420,3,3,260
21/05/2022 19:21:52,1,350,420,3,3,260
21/05/2022 19:22:08,1,350,420,3,3,400
21/05/2022 19:22:24,1,350,420,3,3,400
21/05/2022 19:22:40,1,350,420,3,3,310
21/05/2022 19:22:56,1,350,420,3,3,310
21/05/2022 19:23:12,1,350,420,3,2,250
21/05/2022 19:23:28,1,360,420,3,2,250
21/05/2022 19:23:44,1,360,420,3,2,250
21/05/2022 19:24:00,1,360,420,3,2,350
21/05/2022 19:24:16,1,360,420,3,2,350
21/05/2022 19:24:32,1,360,420,3,2,280
21/05/2022 19:24:48,1,390,420,3,2,280
21/05/2022 19:25:04,1,390,420,3,3,260
21/05/2022 19:25:20,1,390,420,3,3,260
21/05/2022 19:25:36,1,390,420,3,3,360
21/05/2022 19:25:52,1,420,420,3,3,360
21/05/2022 19:26:08,1,420,420,3,3,360
21/05/2022 19:26:24,1,390,420,3,2,270
21/05/2022 19:26:40,1,390,420,3,2,270
21/05/2022 19:26:56,1,360,420,3,2,260
21/05/2022 19:27:12,1,360,420,3,2,260
21/05/2022 19:27:28,1,380,420,3,2,250
21/05/2022 19:27:44,1,380,420,3,2,250
21/05/2022 19:28:00,1,380,420,3,2,330
21/05/2022 19:28:16,1,380,420,3,2,330
21/05/2022 19:28:32,1,380,420,3,2,330
21/05/2022 19:28:48,1,380,420,3,2,330
21/05/2022 19:29:04,1,380,420,3,2,330
21/05/2022 19:29:20,1,380,420,3,3,290
21/05/2022 19:29:36,1,380,420,3,3,290
21/05/2022 19:29:52,1,380,420,3,1,5780
21/05/2022 19:30:08,1,380,420,3,1,5780
21/05/2022 19:30:24,1,380,420,3,2,280
21/05/2022 19:30:40,1,380,420,3,2,280
21/05/2022 19:30:56,1,380,420,3,2,280
21/05/2022 19:31:12,1,380,420,3,2,290
21/05/2022 19:31:28,1,380,420,3,2,290
21/05/2022 19:31:44,1,370,420,3,2,1220
21/05/2022 19:32:00,1,370,420,3,2,1220
21/05/2022 19:32:16,1,350,420,3,2,1230
21/05/2022 19:32:32,1,350,420,3,2,1230
21/05/2022 19:32:48,1,350,420,3,3,300
21/05/2022 19:33:04,1,350,420,3,3,300
21/05/2022 19:33:20,1,350,420,3,3,300
21/05/2022 19:33:36,1,350,420,3,3,1250
21/05/2022 19:33:52,1,350,420,3,3,1250
21/05/2022 19:34:08,1,330,420,3,3,230
21/05/2022 19:34:24,1,330,420,3,3,230
21/05/2022 19:34:40,1,340,420,3,2,1290
21/05/2022 19:34:56,1,340,420,3,2,1290
21/05/2022 19:35:12,1,340,420,3,1,5760
21/05/2022 19:35:28,1,330,420,3,1,5760
21/05/2022 19:35:44,1,330,420,3,1,5760
21/05/2022 19:36:00,1,340,420,3,2,260
21/05/2022 19:36:16,1,340,420,3,2,260
21/05/2022 19:36:32,1,340,420,3,2,250
21/05/2022 19:36:48,1,340,420,3,2,250
21/05/2022 19:37:04,1,330,420,3,2,240
21/05/2022 19:37:20,1,330,420,3,2,240
21/05/2022 19:37:36,1,320,420,3,2,230
21/05/2022 19:37:52,1,320,420,3,2,230
21/05/2022 19:38:08,1,320,420,3,2,230
21/05/2022 19:38:24,1,320,420,3,2,230
21/05/2022 19:38:40,1,320,420,3,2,230
21/05/2022 19:38:56,1,320,420,3,3,260
21/05/2022 19:39:12,1,320,420,3,3,260
21/05/2022 19:39:28,1,320,420,3,3,230
21/05/2022 19:39:44,1,320,420,3,3,230
21/05/2022 19:40:00,1,300,420,3,2,210
21/05/2022 19:40:16,1,300,420,3,2,210
21/05/2022 19:40:32,1,300,420,3,2,210
21/05/2022 19:40:48,1,300,420,3,2,230
21/05/2022 19:41:04,1,300,420,3,2,230
21/05/2022 19:41:20,1,300,420,3,1,1300
21/05/2022 19:41:36,1,300,420,3,1,1300
21/05/2022 19:41:52,1,300,420,3,2,1340
21/05/2022 19:42:08,1,320,420,3,2,1340
21/05/2022 19:42:24,1,320,420,3,2,1310
21/05/2022 19:42:40,1,330,420,3,2,1310
21/05/2022 19:42:56,1,330,420,3,2,1310
21/05/2022 19:43:12,1,330,420,3,2,290
21/05/2022 19:43:28,1,330,420,3,2,290
21/05/2022 19:43:44,1,330,420,3,3,280
21/05/2022 19:44:00,1,330,420,3,3,280
21/05/2022 19:44:16,1,330,420,3,2,1360
21/05/2022 19:44:32,1,330,420,3,2,1360
21/05/2022 19:44:48,1,330,420,3,3,1250
21/05/2022 19:45:04,1,330,420,3,3,1250
21/05/2022 19:45:20,1,330,420,3,3,1250
21/05/2022 19:45:36,1,330,420,3,1,1260
21/05/2022 19:45:52,1,330,420,3,1,1260
21/05/2022 19:46:08,1,300,420,3,2,1420
21/05/2022 19:46:24,1,300,420,3,2,1420
21/05/2022 19:46:40,1,300,420,3,2,230
21/05/2022 19:46:56,1,300,420,3,2,230
21/05/2022 19:47:12,1,300,420,3,2,280
21/05/2022 19:47:28,1,300,420,3,2,280
21/05/2022 19:47:44,1,300,420,3,2,280
21/05/2022 19:48:00,1,300,420,3,2,270
21/05/2022 19:48:16,1,300,420,3,2,270
21/05/2022 19:48:32,1,300,420,3,2,230
21/05/2022 19:48:48,1,300,420,3,2,230
21/05/2022 19:49:04,1,300,420,3,2,230
21/05/2022 19:49:20,1,300,420,3,2,230
21/05/2022 19:49:36,1,300,420,3,2,240
21/05/2022 19:49:52,1,300,420,3,2,240
21/05/2022 19:50:08,1,300,420,3,2,240
21/05/2022 19:50:24,1,310,420,3,2,220
21/05/2022 19:50:40,1,310,420,3,2,220
21/05/2022 19:50:56,1,300,420,3,2,230
21/05/2022 19:51:12,1,300,420,3,2,230
21/05/2022 19:51:28,1,300,420,3,1,1320
21/05/2022 19:51:44,1,300,420,3,1,1320
21/05/2022 19:52:00,1,300,420,3,2,230
21/05/2022 19:52:16,1,300,420,3,2,230
21/05/2022 19:52:32,1,300,420,3,2,230
21/05/2022 19:52:48,1,300,420,3,2,210
21/05/2022 19:53:04,1,300,420,3,2,210
21/05/2022 19:53:20,1,300,420,3,2,200
21/05/2022 19:53:36,1,300,420,3,2,200
21/05/2022 19:53:52,1,300,420,3,2,210
21/05/2022 19:54:08,1,300,420,3,2,210
21/05/2022 19:54:24,1,300,420,3,2,200
21/05/2022 19:54:40,1,280,420,3,2,200
21/05/2022 19:54:56,1,280,420,3,2,200
21/05/2022 19:55:12,1,280,420,3,2,180
21/05/2022 19:55:28,1,280,420,3,2,180
21/05/2022 19:55:44,1,280,420,3,2,220
21/05/2022 19:56:00,1,280,420,3,2,220
21/05/2022 19:56:16,1,270,420,3,1,210
21/05/2022 19:56:32,1,270,420,3,1,210
21/05/2022 19:56:48,1,270,420,3,1,210
21/05/2022 19:57:04,1,270,420,3,1,210
21/05/2022 19:57:20,1,270,420,3,1,210
21/05/2022 19:57:36,1,270,420,3,2,210
21/05/2022 19:57:52,1,270,420,3,2,210
21/05/2022 19:58:08,1,270,420,3,3,220
21/05/2022 19:58:24,1,270,420,3,3,220
21/05/2022 19:58:40,1,270,420,3,2,230
21/05/2022 19:58:56,1,270,420,3,2,230
21/05/2022 19:59:12,1,280,420,3,3,250
21/05/2022 19:59:28,1,280,420,3,3,250
21/05/2022 19:59:44,1,280,420,3,3,250
21/05/2022 20:00:00,2,280,350,3,2,230
21/05/2022 20:00:16,2,300,350,3,2,230
21/05/2022 20:00:32,2,280,350,3,1,220
21/05/2022 20:00:48,2,280,350,3,1,220
21/05/2022 20:01:04,2,280,350,3,2,210
21/05/2022 20:01:20,2,280,350,3,2,210
21/05/2022 20:01:36,2,280,350,3,2,220
21/05/2022 20:01:52,2,280,350,3,2,220
21/05/2022 20:02:08,2,280,350,3,2,220
21/05/2022 20:02:24,2,280,350,3,1,1410
21/05/2022 20:02:40,2,280,350,3,1,1410
21/05/2022 20:02:56,2,280,350,3,2,210
21/05/2022 20:03:12,2,280,350,3,2,210
21/05/2022 20:03:28,2,280,350,3,2,200
21/05/2022 20:03:44,2,280,350,3,2,200
21/05/2022 20:04:00,2,280,350,3,2,190
21/05/2022 20:04:16,2,280,350,3,2,190
21/05/2022 20:04:32,2,280,350,3,2,190
21/05/2022 20:04:48,2,270,350,3,2,190
21/05/2022 20:05:04,2,270,350,3,2,190
21/05/2022 20:05:20,2,260,350,3,2,200
21/05/2022 20:05:36,2,260,350,3,2,200
21/05/2022 20:05:52,2,260,350,3,1,1330
21/05/2022 20:06:08,2,260,350,3,1,1330
21/05/2022 20:06:24,2,260,350,3,1,1260
21/05/2022 20:06:40,2,260,350,3,1,1260
21/05/2022 20:06:56,2,260,350,3,1,1260
21/05/2022 20:07:12,2,260,350,3,1,1210
21/05/2022 20:07:28,2,260,350,3,1,1210
21/05/2022 20:07:44,2,260,350,3,2,240
21/05/2022 20:08:00,2,260,350,3,2,240
21/05/2022 20:08:16,2,260,350,3,1,1180
21/05/2022 20:08:32,2,270,350,3,1,1180
21/05/2022 20:08:48,2,270,350,3,1,1270
21/05/2022 20:09:04,2,270,350,3,1,1270
21/05/2022 20:09:20,2,270,350,3,1,1270
21/05/2022 20:09:36,2,270,350,3,1,1270
21/05/2022 20:09:52,2,270,350,3,1,1270
21/05/2022 20:10:08,2,270,350,3,1,1250
21/05/2022 20:10:24,2,270,350,3,1,1250
21/05/2022 20:10:40,2,270,350,3,1,1270
21/05/2022 20:10:56,2,260,350,3,1,1270
21/05/2022 20:11:12,2,270,350,3,1,1270
21/05/2022 20:11:28,2,240,350,3,1,1270
21/05/2022 20:11:44,2,240,350,3,1,1270
21/05/2022 20:12:00,2,220,350,3,1,1290
21/05/2022 20:12:16,2,220,350,3,1,1290
21/05/2022 20:12:32,2,220,350,3,2,1340
21/05/2022 20:12:48,2,220,350,3,2,1340
21/05/2022 20:13:04,2,210,350,3,2,1780
21/05/2022 20:13:20,2,210,350,3,2,1780
21/05/2022 20:13:36,2,210,350,3,2,1790
21/05/2022 20:13:52,2,210,350,3,2,1790
21/05/2022 20:14:08,2,210,350,3,2,1790
21/05/2022 20:14:24,2,210,350,3,2,1790
21/05/2022 20:14:40,2,210,350,3,2,1790
21/05/2022 20:14:56,2,210,350,3,2,1810
21/05/2022 20:15:12,2,210,350,3,2,1810
21/05/2022 20:15:28,2,210,350,3,2,1810
21/05/2022 20:15:44,2,210,350,3,2,1810
21/05/2022 20:16:00,2,210,350,3,3,1830
21/05/2022 20:16:16,2,210,350,3,3,1830
21/05/2022 20:16:32,2,210,350,3,3,1830
21/05/2022 20:16:48,2,210,350,3,2,1830
21/05/2022 20:17:04,2,210,350,3,2,1830
21/05/2022 20:17:20,2,210,350,3,3,1860
21/05/2022 20:17:36,2,210,350,3,3,1860
21/05/2022 20:17:52,2,210,350,3,2,1860
21/05/2022 20:18:08,2,210,350,3,2,1860
21/05/2022 20:18:24,2,210,350,3,1,1860
21/05/2022 20:18:40,2,210,350,3,1,1860
21/05/2022 20:18:56,2,210,350,3,1,1860
21/05/2022 20:19:12,2,210,350,3,1,1880
21/05/2022 20:19:28,2,210,350,3,1,1880
21/05/2022 20:19:44,2,210,350,3,1,1890
21/05/2022 20:20:00,2,210,350,3,1,1890
21/05/2022 20:20:16,2,210,350,3,2,1910
21/05/2022 20:20:32,2,210,350,3,2,1910
21/05/2022 20:20:48,2,210,350,3,2,1910
21/05/2022 20:21:04,2,210,350,3,2,1910
21/05/2022 20:21:20,2,210,350,3,2,1910
21/05/2022 20:21:36,2,210,350,3,2,1920
21/05/2022 20:21:52,2,210,350,3,2,1920
21/05/2022 20:22:08,2,210,350,3,1,1910
21/05/2022 20:22:24,2,210,350,3,1,1910
21/05/2022 20:22:40,2,210,350,3,2,1920
21/05/2022 20:22:56,2,210,350,3,2,1920
21/05/2022 20:23:12,2,210,350,3,1,5690
21/05/2022 20:23:28,2,210,350,3,1,5690
21/05/2022 20:23:44,2,210,350,3,1,5690
21/05/2022 20:24:00,2,210,350,3,1,5620
21/05/2022 20:24:16,2,210,350,3,1,5620
21/05/2022 20:24:32,2,210,350,3,1,5600
21/05/2022 20:24:48,2,210,350,3,1,5600
21/05/2022 20:25:04,2,210,350,3,1,5630
21/05/2022 20:25:20,2,210,350,3,1,5630
21/05/2022 20:25:36,2,210,350,3,1,5630
21/05/2022 20:25:52,2,210,350,3,1,5630
21/05/2022 20:26:08,2,210,350,3,1,5630
21/05/2022 20:26:24,2,210,350,3,1,5670
21/05/2022 20:26:40,2,210,350,3,1,5670
21/05/2022 20:26:56,2,210,350,3,1,5660
21/05/2022 20:27:12,2,210,350,3,1,5660
21/05/2022 20:27:28,2,220,350,3,1,5660
21/05/2022 20:27:44,2,220,350,3,1,5660
21/05/2022 20:28:00,2,220,350,3,1,5720
21/05/2022 20:28:16,2,220,350,3,1,5720
21/05/2022 20:28:32,2,220,350,3,1,5720
21/05/2022 20:28:48,2,220,350,3,1,5710
21/05/2022 20:29:04,2,220,350,3,1,5710
21/05/2022 20:29:20,2,220,350,3,2,230
21/05/2022 20:29:36,2,220,350,3,2,230
21/05/2022 20:29:52,2,220,350,3,2,240
21/05/2022 20:30:08,2,230,350,3,2,240
21/05/2022 20:30:24,2,230,350,3,2,240
21/05/2022 20:30:40,2,230,350,3,2,240
21/05/2022 20:30:56,2,230,350,3,2,240
21/05/2022 20:31:12,2,300,350,3,2,260
21/05/2022 20:31:28,2,300,350,3,2,260
21/05/2022 20:31:44,2,300,350,3,1,220
21/05/2022 20:32:00,2,300,350,3,1,220
21/05/2022 20:32:16,2,300,350,3,1,220
21/05/2022 20:32:32,2,300,350,3,1,220
21/05/2022 20:32:48,2,300,350,3,1,240
21/05/2022 20:33:04,2,300,350,3,1,240
21/05/2022 20:33:20,2,330,350,3,1,240
21/05/2022 20:33:36,2,330,350,3,1,220
21/05/2022 20:33:52,2,330,350,3,1,220
21/05/2022 20:34:08,2,330,350,3,2,300
21/05/2022 20:34:24,2,330,350,3,2,300
21/05/2022 20:34:40,2,330,350,3,1,250
21/05/2022 20:34:56,2,330,350,3,1,250
21/05/2022 20:35:12,2,320,350,3,2,240
21/05/2022 20:35:28,2,320,350,3,2,240
21/05/2022 20:35:44,2,320,350,3,2,240
21/05/2022 20:36:00,2,320,350,3,1,210
21/05/2022 20:36:16,2,320,350,3,1,210
21/05/2022 20:36:32,2,320,350,3,1,220
21/05/2022 20:36:48,2,320,350,3,1,220
21/05/2022 20:37:04,2,300,350,3,1,210
21/05/2022 20:37:20,2,300,350,3,1,210
21/05/2022 20:37:36,2,290,350,3,3,210
21/05/2022 20:37:52,2,290,350,3,3,210
21/05/2022 20:38:08,2,290,350,3,3,210
21/05/2022 20:38:24,2,290,350,3,2,220
21/05/2022 20:38:40,2,290,350,3,2,220
21/05/2022 20:38:56,2,290,350,3,1,230
21/05/2022 20:39:12,2,290,350,3,1,230
21/05/2022 20:39:28,2,280,350,3,2,210
21/05/2022 20:39:44,2,280,350,3,2,210
21/05/2022 20:40:00,2,280,350,3,2,230
21/05/2022 20:40:16,2,280,350,3,2,230
21/05/2022 20:40:32,2,280,350,3,2,230
21/05/2022 20:40:48,2,280,350,3,2,220
21/05/2022 20:41:04,2,280,350,3,2,220
21/05/2022 20:41:20,2,280,350,3,2,190
21/05/2022 20:41:36,2,-999,350,3,2,190
21/05/2022 20:41:52,2,-999,350,3,2,280
21/05/2022 20:42:08,2,-999,350,3,2,280
21/05/2022 20:42:24,2,320,350,3,1,5690
21/05/2022 20:42:40,2,320,350,3,1,5690
21/05/2022 20:42:56,2,320,350,3,1,5690
21/05/2022 20:43:12,2,-999,350,3,3,270
21/05/2022 20:43:28,2,-999,350,3,3,270
21/05/2022 20:43:44,2,-999,350,3,3,250
21/05/2022 20:44:00,2,-999,350,3,3,250
21/05/2022 20:44:16,2,390,350,3,1,5860
21/05/2022 20:44:32,2,390,350,3,1,5860
21/05/2022 20:44:48,2,310,350,3,3,310
21/05/2022 20:45:04,2,310,350,3,3,310
21/05/2022 20:45:20,2,310,350,3,3,310
21/05/2022 20:45:36,2,310,350,3,2,230
21/05/2022 20:45:52,2,310,350,3,2,230
21/05/2022 20:46:08,2,310,350,3,2,220
21/05/2022 20:46:24,2,310,350,3,2,220
21/05/2022 20:46:40,2,310,350,3,2,180
21/05/2022 20:46:56,2,310,350,3,2,180
21/05/2022 20:47:12,2,310,350,3,2,230
21/05/2022 20:47:28,2,310,350,3,2,230
21/05/2022 20:47:44,2,310,350,3,2,230
21/05/2022 20:48:00,2,310,350,3,2,230
21/05/2022 20:48:16,2,310,350,3,2,230
21/05/2022 20:48:32,2,310,350,3,2,270
21/05/2022 20:48:48,2,310,350,3,2,270
21/05/2022 20:49:04,2,310,350,3,2,260
21/05/2022 20:49:20,2,310,350,3,2,260
21/05/2022 20:49:36,2,310,350,3,2,240
21/05/2022 20:49:52,2,310,350,3,2,240
21/05/2022 20:50:08,2,310,350,3,2,240
21/05/2022 20:50:24,2,310,350,3,3,190
21/05/2022 20:50:40,2,310,350,3,3,190
21/05/2022 20:50:56,2,310,350,3,2,240
21/05/2022 20:51:12,2,310,350,3,2,240
21/05/2022 20:51:28,2,310,350,3,2,230
21/05/2022 20:51:44,2,320,350,3,2,230
21/05/2022 20:52:00,2,320,350,3,2,190
21/05/2022 20:52:16,2,320,350,3,2,190
21/05/2022 20:52:32,2,320,350,3,2,190
21/05/2022 20:52:48,2,-999,350,3,2,210
21/05/2022 20:53:04,2,-999,350,3,2,210
21/05/2022 20:53:20,2,-999,350,3,3,200
21/05/2022 20:53:36,2,-999,350,3,3,200
21/05/2022 20:53:52,2,-999,350,3,3,240
21/05/2022 20:54:08,2,-999,350,3,3,240
21/05/2022 20:54:24,2,-999,350,3,3,220
21/05/2022 20:54:40,2,-999,350,3,3,220
21/05/2022 20:54:56,2,-999,350,3,3,220
21/05/2022 20:55:12,2,310,350,3,1,5190
21/05/2022 20:55:28,2,320,350,3,1,5190
21/05/2022 20:55:44,2,-999,350,3,2,240
21/05/2022 20:56:00,2,290,350,3,2,240
21/05/2022 20:56:16,2,290,350,3,2,240
21/05/2022 20:56:32,2,290,350,3,2,240
21/05/2022 20:56:48,2,290,350,3,2,230
21/05/2022 20:57:04,2,290,350,3,2,230
21/05/2022 20:57:20,2,290,350,3,2,230
21/05/2022 20:57:36,2,290,350,3,2,210
21/05/2022 20:57:52,2,290,350,3,2,210
21/05/2022 20:58:08,2,290,350,3,2,200
21/05/2022 20:58:24,2,290,350,3,2,200
21/05/2022 20:58:40,2,290,350,3,2,230
21/05/2022 20:58:56,2,290,350,3,2,230
21/05/2022 20:59:12,2,300,350,3,1,5230
21/05/2022 20:59:28,2,290,350,3,1,5230
21/05/2022 20:59:44,2,290,350,3,1,5230
21/05/2022 21:00:00,2,290,260,3,1,5250
21/05/2022 21:00:16,2,280,260,3,1,5250
21/05/2022 21:00:32,2,280,260,3,1,5270
21/05/2022 21:00:48,2,270,260,3,1,5270
21/05/2022 21:01:04,2,270,260,3,2,5300
21/05/2022 21:01:20,2,270,260,3,2,5300
21/05/2022 21:01:36,2,280,260,3,1,5840
21/05/2022 21:01:52,2,280,260,3,1,5840
21/05/2022 21:02:08,2,280,260,3,1,5840
21/05/2022 21:02:24,2,280,260,3,2,5320
21/05/2022 21:02:40,2,280,260,3,2,5320
21/05/2022 21:02:56,2,310,260,3,1,5320
21/05/2022 21:03:12,2,310,260,3,1,5320
21/05/2022 21:03:28,2,280,260,3,2,1250
21/05/2022 21:03:44,2,100,260,3,2,1250
21/05/2022 21:04:00,2,100,260,3,3,270
21/05/2022 21:04:16,2,100,260,3,3,270
21/05/2022 21:04:32,2,100,260,3,3,270
21/05/2022 21:04:48,2,100,260,3,3,270
21/05/2022 21:05:04,2,100,260,3,3,270
21/05/2022 21:05:20,2,100,260,3,3,260
21/05/2022 21:05:36,2,330,260,3,3,260
21/05/2022 21:05:52,2,330,260,3,2,230
21/05/2022 21:06:08,2,330,260,3,2,230
21/05/2022 21:06:24,2,300,260,3,2,230
21/05/2022 21:06:40,2,300,260,3,2,230
21/05/2022 21:06:56,2,300,260,3,2,230
21/05/2022 21:07:12,2,300,260,3,2,210
21/05/2022 21:07:28,2,300,260,3,2,210
21/05/2022 21:07:44,2,300,260,3,2,250
21/05/2022 21:08:00,2,300,260,3,2,250
21/05/2022 21:08:16,2,300,260,3,1,1210
21/05/2022 21:08:32,2,300,260,3,1,1210
21/05/2022 21:08:48,2,300,260,3,2,1170
21/05/2022 21:09:04,2,300,260,3,2,1170
21/05/2022 21:09:20,2,300,260,3,2,1170
21/05/2022 21:09:36,2,300,260,3,2,250
21/05/2022 21:09:52,2,290,260,3,2,250
21/05/2022 21:10:08,2,290,260,3,1,210
21/05/2022 21:10:24,2,290,260,3,1,210
21/05/2022 21:10:40,2,300,260,3,2,180
21/05/2022 21:10:56,2,300,260,3,2,180
21/05/2022 21:11:12,2,-999,260,3,1,180
21/05/2022 21:11:28,2,-999,260,3,1,180
21/05/2022 21:11:44,2,-999,260,3,1,180
21/05/2022 21:12:00,2,-999,260,3,1,200
21/05/2022 21:12:16,2,-999,260,3,1,200
21/05/2022 21:12:32,2,-999,260,3,3,180
21/05/2022 21:12:48,2,-999,260,3,3,180
21/05/2022 21:13:04,2,-999,260,3,2,210
21/05/2022 21:13:20,2,-999,260,3,2,210
21/05/2022 21:13:36,2,-999,260,3,3,160
21/05/2022 21:13:52,2,-999,260,3,3,160
21/05/2022 21:14:08,2,-999,260,3,3,160
21/05/2022 21:14:24,2,-999,260,3,2,170
21/05/2022 21:14:40,2,-999,260,3,2,170
21/05/2022 21:14:56,2,-999,260,3,3,200
21/05/2022 21:15:12,2,-999,260,3,3,200
21/05/2022 21:15:28,2,-999,260,3,2,230
21/05/2022 21:15:44,2,-999,260,3,2,230
21/05/2022 21:16:00,2,-999,260,3,2,220
21/05/2022 21:16:16,2,-999,260,3,2,220
21/05/2022 21:16:32,2,-999,260,3,2,220
21/05/2022 21:16:48,2,-999,260,3,3,220
21/05/2022 21:17:04,2,-999,260,3,3,220
21/05/2022 21:17:20,2,-999,260,3,2,200
21/05/2022 21:17:36,2,-999,260,3,2,200
21/05/2022 21:17:52,2,-999,260,3,1,190
21/05/2022 21:18:08,2,-999,260,3,1,190
21/05/2022 21:18:24,2,-999,260,3,1,180
21/05/2022 21:18:40,2,-999,260,3,1,180
21/05/2022 21:18:56,2,-999,260,3,1,180
21/05/2022 21:19:12,2,-999,260,3,1,170
21/05/2022 21:19:28,2,-999,260,3,1,170
21/05/2022 21:19:44,2,-999,260,3,1,190
21/05/2022 21:20:00,2,-999,260,3,1,190
21/05/2022 21:20:16,2,-999,260,3,1,170
21/05/2022 21:20:32,2,-999,260,3,1,170
21/05/2022 21:20:48,2,-999,260,3,1,170
21/05/2022 21:21:04,2,-999,260,3,1,170
21/05/2022 21:21:20,2,-999,260,3,1,170
21/05/2022 21:21:36,2,-999,260,3,1,180
21/05/2022 21:21:52,2,-999,260,3,1,180
21/05/2022 21:22:08,2,-999,260,3,1,190
21/05/2022 21:22:24,2,-999,260,3,1,190
21/05/2022 21:22:40,2,-999,260,3,1,170
21/05/2022 21:22:56,2,-999,260,3,1,170
21/05/2022 21:23:12,2,-999,260,3,1,170
21/05/2022 21:23:28,2,-999,260,3,1,170
21/05/2022 21:23:44,2,-999,260,3,1,170
21/05/2022 21:24:00,2,-999,260,3,1,170
21/05/2022 21:24:16,2,-999,260,3,1,170
21/05/2022 21:24:32,2,-999,260,3,1,180
21/05/2022 21:24:48,2,-999,260,3,1,180
21/05/2022 21:25:04,2,-999,260,3,1,180
21/05/2022 21:25:20,2,-999,260,3,1,180
21/05/2022 21:25:36,2,-999,260,3,1,180
21/05/2022 21:25:52,2,-999,260,3,1,180
21/05/2022 21:26:08,2,-999,260,3,1,180
21/05/2022 21:26:24,2,-999,260,3,1,180
21/05/2022 21:26:40,2,-999,260,3,1,180
21/05/2022 21:26:56,2,-999,260,3,1,200
21/05/2022 21:27:12,2,-999,260,3,1,200
21/05/2022 21:27:28,2,-999,260,3,1,180
21/05/2022 21:27:44,2,-999,260,3,1,180
21/05/2022 21:28:00,2,-999,260,3,1,200
21/05/2022 21:28:16,2,-999,260,3,1,200
21/05/2022 21:28:32,2,-999,260,3,1,200
21/05/2022 21:28:48,2,-999,260,3,1,190
21/05/2022 21:29:04,2,-999,260,3,1,190
21/05/2022 21:29:20,2,-999,260,3,1,190
21/05/2022 21:29:36,2,-999,260,3,1,190
21/05/2022 21:29:52,2,-999,260,3,2,200
21/05/2022 21:30:08,2,-999,260,3,2,200
21/05/2022 21:30:24,2,-999,260,3,2,220
21/05/2022 21:30:40,2,-999,260,3,2,220
21/05/2022 21:30:56,2,-999,260,3,2,220
21/05/2022 21:31:12,2,-999,260,3,1,160
21/05/2022 21:31:28,2,-999,260,3,1,160
21/05/2022 21:31:44,2,-999,260,3,3,170
21/05/2022 21:32:00,2,-999,260,3,3,170
21/05/2022 21:32:16,2,-999,260,3,2,200
21/05/2022 21:32:32,2,-999,260,3,2,200
21/05/2022 21:32:48,2,-999,260,3,2,210
21/05/2022 21:33:04,2,-999,260,3,2,210
21/05/2022 21:33:20,2,-999,260,3,2,210
21/05/2022 21:33:36,2,-999,260,3,1,190
21/05/2022 21:33:52,2,-999,260,3,1,190
21/05/2022 21:34:08,2,-999,260,3,2,200
21/05/2022 21:34:24,2,-999,260,3,2,200
21/05/2022 21:34:40,2,-999,260,3,1,190
21/05/2022 21:34:56,2,-999,260,3,1,190
21/05/2022 21:35:12,2,-999,260,3,1,170
21/05/2022 21:35:28,2,-999,260,3,1,170
21/05/2022 21:35:44,2,-999,260,3,1,170
21/05/2022 21:36:00,2,-999,260,3,1,150
21/05/2022 21:36:16,2,-999,260,3,1,150
21/05/2022 21:36:32,2,-999,260,3,3,150
21/05/2022 21:36:48,2,-999,260,3,3,150
21/05/2022 21:37:04,2,-999,260,3,3,220
21/05/2022 21:37:20,2,-999,260,3,3,220
21/05/2022 21:37:36,2,-999,260,3,2,170
21/05/2022 21:37:52,2,-999,260,3,2,170
21/05/2022 21:38:08,2,-999,260,3,2,170
21/05/2022 21:38:24,2,-999,260,3,2,180
21/05/2022 21:38:40,2,-999,260,3,2,180
21/05/2022 21:38:56,2,-999,260,3,2,180
21/05/2022 21:39:12,2,-999,260,3,2,180
21/05/2022 21:39:28,2,-999,260,3,2,190
21/05/2022 21:39:44,2,-999,260,3,2,190
21/05/2022 21:40:00,2,-999,260,3,2,190
21/05/2022 21:40:16,2,-999,260,3,2,190
21/05/2022 21:40:32,2,-999,260,3,2,190
21/05/2022 21:40:48,2,-999,260,3,1,190
21/05/2022 21:41:04,2,-999,260,3,1,190
21/05/2022 21:41:20,2,-999,260,3,2,160
21/05/2022 21:41:36,2,-999,260,3,2,160
21/05/2022 21:41:52,2,-999,260,3,2,210
21/05/2022 21:42:08,2,-999,260,3,2,210
21/05/2022 21:42:24,2,-999,260,3,2,190
21/05/2022 21:42:40,2,-999,260,3,2,190
21/05/2022 21:42:56,2,-999,260,3,2,190
21/05/2022 21:43:12,2,-999,260,3,1,180
21/05/2022 21:43:28,2,-999,260,3,1,180
21/05/2022 21:43:44,2,-999,260,3,1,210
21/05/2022 21:44:00,2,-999,260,3,1,210
21/05/2022 21:44:16,2,-999,260,3,1,200
21/05/2022 21:44:32,2,-999,260,3,1,200
21/05/2022 21:44:48,2,-999,260,3,1,260
21/05/2022 21:45:04,2,-999,260,3,1,260
21/05/2022 21:45:20,2,-999,260,3,1,260
21/05/2022 21:45:36,2,-999,260,3,1,300
21/05/2022 21:45:52,2,-999,260,3,1,300
21/05/2022 21:46:08,2,-999,260,3,1,240
21/05/2022 21:46:24,2,-999,260,3,1,240
21/05/2022 21:46:40,2,-999,260,3,1,260
21/05/2022 21:46:56,2,-999,260,3,1,260
21/05/2022 21:47:12,2,-999,260,3,1,230
21/05/2022 21:47:28,2,-999,260,3,1,230
21/05/2022 21:47:44,2,-999,260,3,1,230
21/05/2022 21:48:00,2,-999,260,3,1,230
21/05/2022 21:48:16,2,-999,260,3,1,230
21/05/2022 21:48:32,2,-999,260,3,1,230
21/05/2022 21:48:48,2,-999,260,3,1,230
21/05/2022 21:49:04,2,-999,260,3,1,210
21/05/2022 21:49:20,2,-999,260,3,1,210
21/05/2022 21:49:36,2,-999,260,3,1,220
21/05/2022 21:49:52,2,-999,260,3,1,220
21/05/2022 21:50:08,2,-999,260,3,1,220
21/05/2022 21:50:24,2,-999,260,3,1,210
21/05/2022 21:50:40,2,-999,260,3,1,210
21/05/2022 21:50:56,2,-999,260,3,1,280
21/05/2022 21:51:12,2,-999,260,3,1,280
21/05/2022 21:51:28,2,-999,260,3,1,230
21/05/2022 21:51:44,2,-999,260,3,1,230
21/05/2022 21:52:00,2,-999,260,3,1,230
21/05/2022 21:52:16,2,-999,260,3,1,230
21/05/2022 21:52:32,2,-999,260,3,1,230
21/05/2022 21:52:48,2,-999,260,3,1,220
21/05/2022 21:53:04,2,-999,260,3,1,220
21/05/2022 21:53:20,2,-999,260,3,1,200
21/05/2022 21:53:36,2,-999,260,3,1,200
21/05/2022 21:53:52,2,-999,260,3,1,240
21/05/2022 21:54:08,2,-999,260,3,1,240
21/05/2022 21:54:24,2,-999,260,3,1,220
21/05/2022 21:54:40,2,-999,260,3,1,220
21/05/2022 21:54:56,2,-999,260,3,1,220
21/05/2022 21:55:12,2,-999,260,3,1,220
21/05/2022 21:55:28,2,-999,260,3,1,220
21/05/2022 21:55:44,2,-999,260,3,1,210
21/05/2022 21:56:00,2,-999,260,3,1,210
21/05/2022 21:56:16,2,-999,260,3,1,220
21/05/2022 21:56:32,2,-999,260,3,1,220
21/05/2022 21:56:48,2,-999,260,3,1,220
21/05/2022 21:57:04,2,-999,260,3,1,220
21/05/2022 21:57:20,2,-999,260,3,1,220
21/05/2022 21:57:36,2,-999,260,3,1,200
21/05/2022 21:57:52,2,-999,260,3,1,200
21/05/2022 21:58:08,2,-999,260,3,1,230
21/05/2022 21:58:24,2,-999,260,3,1,230
21/05/2022 21:58:40,2,-999,260,3,1,230
21/05/2022 21:58:56,2,-999,260,3,1,230
21/05/2022 21:59:12,2,-999,260,3,2,210
21/05/2022 21:59:28,2,-999,260,3,2,210
21/05/2022 21:59:44,2,-999,260,3,2,210
21/05/2022 22:00:00,2,-999,290,3,1,210
21/05/2022 22:00:16,2,-999,290,3,1,210
21/05/2022 22:00:32,2,-999,290,3,1,200
21/05/2022 22:00:48,2,-999,290,3,1,200
21/05/2022 22:01:04,2,-999,290,3,1,180
21/05/2022 22:01:20,2,-999,290,3,1,180
21/05/2022 22:01:36,2,-999,290,3,1,170
21/05/2022 22:01:52,2,-999,290,3,1,170
21/05/2022 22:02:08,2,-999,290,3,1,170
21/05/2022 22:02:24,2,-999,290,3,1,200
21/05/2022 22:02:40,2,-999,290,3,1,200
21/05/2022 22:02:56,2,-999,290,3,2,210
21/05/2022 22:03:12,2,-999,290,3,2,210
21/05/2022 22:03:28,2,-999,290,3,1,200
21/05/2022 22:03:44,2,-999,290,3,1,200
21/05/2022 22:04:00,2,-999,290,3,1,210
21/05/2022 22:04:16,2,-999,290,3,1,210
21/05/2022 22:04:32,2,-999,290,3,1,210
21/05/2022 22:04:48,2,-999,290,3,1,180
21/05/2022 22:05:04,2,-999,290,3,1,180
21/05/2022 22:05:20,2,-999,290,3,1,190
21/05/2022 22:05:36,2,-999,290,3,1,190
21/05/2022 22:05:52,2,-999,290,3,1,190
21/05/2022 22:06:08,2,-999,290,3,1,190
21/05/2022 22:06:24,2,-999,290,3,1,190
21/05/2022 22:06:40,2,-999,290,3,1,190
21/05/2022 22:06:56,2,-999,290,3,1,190
21/05/2022 22:07:12,2,-999,290,3,1,190
21/05/2022 22:07:28,2,-999,290,3,1,190
21/05/2022 22:07:44,2,-999,290,3,1,210
21/05/2022 22:08:00,2,-999,290,3,1,210
21/05/2022 22:08:16,2,-999,290,3,2,200
21/05/2022 22:08:32,2,-999,290,3,2,200
21/05/2022 22:08:48,2,-999,290,3,3,220
21/05/2022 22:09:04,2,-999,290,3,3,220
21/05/2022 22:09:20,2,-999,290,3,3,220
21/05/2022 22:09:36,2,-999,290,3,1,210
21/05/2022 22:09:52,2,-999,290,3,1,210
21/05/2022 22:10:08,2,-999,290,3,1,200
21/05/2022 22:10:24,2,-999,290,3,1,200
21/05/2022 22:10:40,2,-999,290,3,1,190
21/05/2022 22:10:56,2,-999,290,3,1,190
21/05/2022 22:11:12,2,-999,290,3,1,260
21/05/2022 22:11:28,2,-999,290,3,1,260
21/05/2022 22:11:44,2,-999,290,3,1,260
21/05/2022 22:12:00,2,-999,290,3,1,190
21/05/2022 22:12:16,2,-999,290,3,1,190
21/05/2022 22:12:32,2,-999,290,3,2,180
21/05/2022 22:12:48,2,-999,290,3,2,180
21/05/2022 22:13:04,2,-999,290,3,1,190
21/05/2022 22:13:20,2,-999,290,3,1,190
21/05/2022 22:13:36,2,-999,290,3,1,190
21/05/2022 22:13:52,2,-999,290,3,1,190
21/05/2022 22:14:08,2,-999,290,3,1,190
21/05/2022 22:14:24,2,-999,290,3,1,190
21/05/2022 22:14:40,2,-999,290,3,1,190
21/05/2022 22:14:56,2,-999,290,3,1,170
21/05/2022 22:15:12,2,-999,290,3,1,170
21/05/2022 22:15:28,2,-999,290,3,1,150
21/05/2022 22:15:44,2,-999,290,3,1,150
21/05/2022 22:16:00,2,-999,290,3,2,150
21/05/2022 22:16:16,2,-999,290,3,2,150
21/05/2022 22:16:32,2,-999,290,3,2,150
21/05/2022 22:16:48,2,-999,290,3,1,170
21/05/2022 22:17:04,2,-999,290,3,1,170
21/05/2022 22:17:20,2,-999,290,3,1,150
21/05/2022 22:17:36,2,-999,290,3,1,150
21/05/2022 22:17:52,2,-999,290,3,1,150
21/05/2022 22:18:08,2,-999,290,3,1,150
21/05/2022 22:18:24,2,-999,290,3,1,180
21/05/2022 22:18:40,2,-999,290,3,1,180
21/05/2022 22:18:56,2,-999,290,3,1,180
21/05/2022 22:19:12,2,-999,290,3,1,160
21/05/2022 22:19:28,2,-999,290,3,1,160
21/05/2022 22:19:44,2,-999,290,3,1,190
21/05/2022 22:20:00,2,-999,290,3,1,190
21/05/2022 22:20:16,2,-999,290,3,1,180
21/05/2022 22:20:32,2,-999,290,3,1,180
21/05/2022 22:20:48,2,-999,290,3,1,180
21/05/2022 22:21:04,2,-999,290,3,1,180
21/05/2022 22:21:20,2,-999,290,3,1,180
21/05/2022 22:21:36,2,-999,290,3,1,180
21/05/2022 22:21:52,2,-999,290,3,1,180
21/05/2022 22:22:08,2,-999,290,3,1,190
21/05/2022 22:22:24,2,-999,290,3,1,190
21/05/2022 22:22:40,2,-999,290,3,1,170
21/05/2022 22:22:56,2,-999,290,3,1,170
21/05/2022 22:23:12,2,-999,290,3,1,190
21/05/2022 22:23:28,2,-999,290,3,1,190
21/05/2022 22:23:44,2,-999,290,3,1,190
21/05/2022 22:24:00,2,-999,290,3,1,160
21/05/2022 22:24:16,2,-999,290,3,1,160
21/05/2022 22:24:32,2,-999,290,3,1,190
21/05/2022 22:24:48,2,-999,290,3,1,190
21/05/2022 22:25:04,2,-999,290,3,1,180
21/05/2022 22:25:20,2,-999,290,3,1,180
21/05/2022 22:25:36,2,-999,290,3,1,170
21/05/2022 22:25:52,2,-999,290,3,1,170
21/05/2022 22:26:08,2,-999,290,3,1,170
21/05/2022 22:26:24,2,-999,290,3,1,140
21/05/2022 22:26:40,2,-999,290,3,1,140
21/05/2022 22:26:56,2,-999,290,3,1,200
21/05/2022 22:27:12,2,-999,290,3,1,200
21/05/2022 22:27:28,2,-999,290,3,1,180
21/05/2022 22:27:44,2,-999,290,3,1,180
21/05/2022 22:28:00,2,-999,290,3,1,210
21/05/2022 22:28:16,2,-999,290,3,1,210
21/05/2022 22:28:32,2,-999,290,3,1,210
21/05/2022 22:28:48,2,-999,290,3,1,210
21/05/2022 22:29:04,2,-999,290,3,1,210
21/05/2022 22:29:20,2,-999,290,3,1,190
21/05/2022 22:29:36,2,-999,290,3,1,190
21/05/2022 22:29:52,2,-999,290,3,1,290
21/05/2022 22:30:08,2,-999,290,3,1,290
21/05/2022 22:30:24,2,-999,290,3,1,220
21/05/2022 22:30:40,2,-999,290,3,1,220
21/05/2022 22:30:56,2,-999,290,3,1,220
21/05/2022 22:31:12,2,-999,290,3,1,230
21/05/2022 22:31:28,2,-999,290,3,1,230
21/05/2022 22:31:44,2,-999,290,3,1,230
21/05/2022 22:32:00,2,-999,290,3,1,230
21/05/2022 22:32:16,2,-999,290,3,1,230
21/05/2022 22:32:32,2,-999,290,3,1,230
21/05/2022 22:32:48,2,-999,290,3,1,190
21/05/2022 22:33:04,2,-999,290,3,1,190
21/05/2022 22:33:20,2,-999,290,3,1,190
21/05/2022 22:33:36,2,-999,290,3,1,180
21/05/2022 22:33:52,2,-999,290,3,1,180
21/05/2022 22:34:08,2,-999,290,3,1,200
21/05/2022 22:34:24,2,-999,290,3,1,200
21/05/2022 22:34:40,2,-999,290,3,1,220
21/05/2022 22:34:56,2,-999,290,3,1,220
21/05/2022 22:35:12,2,-999,290,3,1,210
21/05/2022 22:35:28,2,-999,290,3,1,210
21/05/2022 22:35:44,2,-999,290,3,1,210
21/05/2022 22:36:00,2,-999,290,3,1,200
21/05/2022 22:36:16,2,-999,290,3,1,200
21/05/2022 22:36:32,2,-999,290,3,1,190
21/05/2022 22:36:48,2,-999,290,3,1,190
21/05/2022 22:37:04,2,-999,290,3,1,160
21/05/2022 22:37:20,2,-999,290,3,1,160
21/05/2022 22:37:36,2,-999,290,3,1,230
21/05/2022 22:37:52,2,-999,290,3,1,230
21/05/2022 22:38:08,2,-999,290,3,1,230
21/05/2022 22:38:24,2,-999,290,3,1,230
21/05/2022 22:38:40,2,-999,290,3,1,230
21/05/2022 22:38:56,2,-999,290,3,2,180
21/05/2022 22:39:12,2,-999,290,3,2,180
21/05/2022 22:39:28,2,-999,290,3,1,240
21/05/2022 22:39:44,2,-999,290,3,1,240
21/05/2022 22:40:00,2,-999,290,3,1,220
21/05/2022 22:40:16,2,-999,290,3,1,220
21/05/2022 22:40:32,2,-999,290,3,1,220
21/05/2022 22:40:48,2,-999,290,3,1,190
21/05/2022 22:41:04,2,-999,290,3,1,190
21/05/2022 22:41:20,2,-999,290,3,1,170
21/05/2022 22:41:36,2,-999,290,3,1,170
21/05/2022 22:41:52,2,-999,290,3,1,160
21/05/2022 22:42:08,2,-999,290,3,1,160
21/05/2022 22:42:24,2,-999,290,3,1,150
21/05/2022 22:42:40,2,-999,290,3,1,150
21/05/2022 22:42:56,2,-999,290,3,1,150
21/05/2022 22:43:12,2,-999,290,3,1,160
21/05/2022 22:43:28,2,-999,290,3,1,160
21/05/2022 22:43:44,2,-999,290,3,1,150
21/05/2022 22:44:00,2,-999,290,3,1,150
21/05/2022 22:44:16,2,-999,290,3,1,160
21/05/2022 22:44:32,2,-999,290,3,1,160
21/05/2022 22:44:48,2,-999,290,3,1,220
21/05/2022 22:45:04,2,-999,290,3,1,220
21/05/2022 22:45:20,2,-999,290,3,1,220
21/05/2022 22:45:36,2,-999,290,3,1,180
21/05/2022 22:45:52,2,-999,290,3,1,180
21/05/2022 22:46:08,2,-999,290,3,1,160
21/05/2022 22:46:24,2,-999,290,3,1,160
21/05/2022 22:46:40,2,-999,290,3,1,170
21/05/2022 22:46:56,2,-999,290,3,1,170
21/05/2022 22:47:12,2,-999,290,3,1,150
21/05/2022 22:47:28,2,-999,290,3,1,150
21/05/2022 22:47:44,2,-999,290,3,1,150
21/05/2022 22:48:00,2,-999,290,3,1,170
21/05/2022 22:48:16,2,-999,290,3,1,170
21/05/2022 22:48:32,2,-999,290,3,1,160
21/05/2022 22:48:48,2,-999,290,3,1,160
21/05/2022 22:49:04,2,-999,290,3,1,180
21/05/2022 22:49:20,2,-999,290,3,1,180
21/05/2022 22:49:36,2,-999,290,3,1,150
21/05/2022 22:49:52,2,-999,290,3,1,150
21/05/2022 22:50:08,2,-999,290,3,1,150
21/05/2022 22:50:24,2,-999,290,3,1,130
21/05/2022 22:50:40,2,-999,290,3,1,130
21/05/2022 22:50:56,2,-999,290,3,1,200
21/05/2022 22:51:12,2,-999,290,3,1,200
21/05/2022 22:51:28,2,-999,290,3,1,150
21/05/2022 22:51:44,2,-999,290,3,1,150
21/05/2022 22:52:00,2,-999,290,3,1,200
21/05/2022 22:52:16,2,-999,290,3,1,200
21/05/2022 22:52:32,2,-999,290,3,1,200
21/05/2022 22:52:48,2,-999,290,3,1,150
21/05/2022 22:53:04,2,-999,290,3,1,150
21/05/2022 22:53:20,2,-999,290,3,1,170
21/05/2022 22:53:36,2,-999,290,3,1,170
21/05/2022 22:53:52,2,-999,290,3,1,160
21/05/2022 22:54:08,2,-999,290,3,1,160
21/05/2022 22:54:24,2,-999,290,3,1,180
21/05/2022 22:54:40,2,-999,290,3,1,180
21/05/2022 22:54:56,2,-999,290,3,1,180
21/05/2022 22:55:12,2,-999,290,3,1,160
21/05/2022 22:55:28,2,-999,290,3,1,160
21/05/2022 22:55:44,2,-999,290,3,1,150
21/05/2022 22:56:00,2,-999,290,3,1,150
21/05/2022 22:56:16,2,-999,290,3,1,140
21/05/2022 22:56:32,2,-999,290,3,1,140
21/05/2022 22:56:48,2,-999,290,3,1,140
21/05/2022 22:57:04,2,-999,290,3,1,140
21/05/2022 22:57:20,2,-999,290,3,1,140
21/05/2022 22:57:36,2,-999,290,3,1,130
21/05/2022 22:57:52,2,-999,290,3,1,130
21/05/2022 22:58:08,2,-999,290,3,1,120
21/05/2022 22:58:24,2,-999,290,3,1,120
21/05/2022 22:58:40,2,-999,290,3,1,160
21/05/2022 22:58:56,2,-999,290,3,1,160
21/05/2022 22:59:12,2,-999,290,3,1,140
21/05/2022 22:59:28,2,-999,290,3,1,140
21/05/2022 22:59:44,2,-999,290,3,1,140
21/05/2022 23:00:00,2,-999,290,3,1,140
21/05/2022 23:00:16,-999,-999,-999,3,1,140
21/05/2022 23:00:32,-999,-999,-999,3,1,150
21/05/2022 23:00:48,-999,-999,-999,3,1,150
21/05/2022 23:01:04,-999,-999,-999,3,1,140
21/05/2022 23:01:20,-999,-999,-999,3,1,140
21/05/2022 23:01:36,-999,-999,-999,3,1,140
21/05/2022 23:01:52,-999,-999,-999,3,1,140
21/05/2022 23:02:08,-999,-999,-999,3,1,140
21/05/2022 23:02:24,-999,-999,-999,3,1,130
21/05/2022 23:02:40,-999,-999,-999,3,1,130
21/05/2022 23:02:56,-999,-999,-999,3,1,130
21/05/2022 23:03:12,-999,-999,-999,3,1,130
21/05/2022 23:03:28,-999,-999,-999,3,1,150
21/05/2022 23:03:44,-999,-999,-999,3,1,150
21/05/2022 23:04:00,-999,-999,-999,3,1,120
21/05/2022 23:04:16,-999,-999,-999,3,1,120
21/05/2022 23:04:32,-999,-999,-999,3,1,120
21/05/2022 23:04:48,-999,-999,-999,3,1,120
21/05/2022 23:05:04,-999,-999,-999,3,1,120
21/05/2022 23:05:20,-999,-999,-999,3,1,160
21/05/2022 23:05:36,-999,-999,-999,3,1,160
21/05/2022 23:05:52,-999,-999,-999,3,1,130
21/05/2022 23:06:08,-999,-999,-999,3,1,130
21/05/2022 23:06:24,-999,-999,-999,3,1,140
21/05/2022 23:06:40,-999,-999,-999,3,1,140
21/05/2022 23:06:56,-999,-999,-999,3,1,140
21/05/2022 23:07:12,-999,-999,-999,3,1,150
21/05/2022 23:07:28,-999,-999,-999,3,1,150
21/05/2022 23:07:44,-999,-999,-999,3,1,120
21/05/2022 23:08:00,-999,-999,-999,3,1,120
21/05/2022 23:08:16,-999,-999,-999,3,1,120
21/05/2022 23:08:32,-999,-999,-999,3,1,120
21/05/2022 23:08:48,-999,-999,-999,3,1,110
21/05/2022 23:09:04,-999,-999,-999,3,1,110
21/05/2022 23:09:20,-999,-999,-999,3,1,110
21/05/2022 23:09:36,-999,-999,-999,3,1,120
21/05/2022 23:09:52,-999,-999,-999,3,1,120
21/05/2022 23:10:08,-999,-999,-999,3,1,100
21/05/2022 23:10:24,-999,-999,-999,3,1,100
21/05/2022 23:10:40,-999,-999,-999,3,1,130
21/05/2022 23:10:56,-999,-999,-999,3,1,130
21/05/2022 23:11:12,-999,-999,-999,3,2,110
21/05/2022 23:11:28,-999,-999,-999,3,2,110
21/05/2022 23:11:44,-999,-999,-999,3,2,110
21/05/2022 23:12:00,-999,-999,-999,3,1,220
21/05/2022 23:12:16,-999,-999,-999,3,1,220
21/05/2022 23:12:32,-999,-999,-999,3,1,160
21/05/2022 23:12:48,-999,-999,-999,3,1,160
21/05/2022 23:13:04,-999,-999,-999,3,2,140
21/05/2022 23:13:20,-999,-999,-999,3,2,140
21/05/2022 23:13:36,-999,-999,-999,3,2,220
21/05/2022 23:13:52,-999,-999,-999,3,2,220
21/05/2022 23:14:08,-999,-999,-999,3,2,220
21/05/2022 23:14:24,-999,-999,-999,3,1,130
21/05/2022 23:14:40,-999,-999,-999,3,1,130
21/05/2022 23:14:56,-999,-999,-999,3,1,160
21/05/2022 23:15:12,-999,-999,-999,3,1,160
21/05/2022 23:15:28,-999,-999,-999,3,2,150
21/05/2022 23:15:44,-999,-999,-999,3,2,150
21/05/2022 23:16:00,-999,-999,-999,3,2,170
21/05/2022 23:16:16,-999,-999,-999,3,2,170
21/05/2022 23:16:32,-999,-999,-999,3,2,170
21/05/2022 23:16:48,-999,-999,-999,3,2,200
21/05/2022 23:17:04,-999,-999,-999,3,2,200
21/05/2022 23:17:20,-999,-999,-999,3,2,160
21/05/2022 23:17:36,-999,-999,-999,3,2,160
21/05/2022 23:17:52,-999,-999,-999,3,2,160
21/05/2022 23:18:08,-999,-999,-999,3,2,160
21/05/2022 23:18:24,-999,-999,-999,3,1,160
21/05/2022 23:18:40,-999,-999,-999,3,1,160
21/05/2022 23:18:56,-999,-999,-999,3,1,160
21/05/2022 23:19:12,-999,-999,-999,3,1,150
21/05/2022 23:19:28,-999,-999,-999,3,1,150
21/05/2022 23:19:44,-999,-999,-999,3,1,150
21/05/2022 23:20:00,-999,-999,-999,3,1,150
21/05/2022 23:20:16,-999,-999,-999,3,1,150
21/05/2022 23:20:32,-999,-999,-999,3,1,150
21/05/2022 23:20:48,-999,-999,-999,3,1,150
21/05/2022 23:21:04,-999,-999,-999,3,1,150
21/05/2022 23:21:20,-999,-999,-999,3,1,150
21/05/2022 23:21:36,-999,-999,-999,3,1,170
21/05/2022 23:21:52,-999,-999,-999,3,1,170
21/05/2022 23:22:08,-999,-999,-999,3,1,190
21/05/2022 23:22:24,-999,-999,-999,3,1,190
21/05/2022 23:22:40,-999,-999,-999,3,1,180
21/05/2022 23:22:56,-999,-999,-999,3,1,180
21/05/2022 23:23:12,-999,-999,-999,3,1,200
21/05/2022 23:23:28,-999,-999,-999,3,1,200
21/05/2022 23:23:44,-999,-999,-999,3,1,200
21/05/2022 23:24:00,-999,-999,-999,3,1,180
21/05/2022 23:24:16,-999,-999,-999,3,1,180
21/05/2022 23:24:32,-999,-999,-999,3,1,150
21/05/2022 23:24:48,-999,-999,-999,3,1,150
21/05/2022 23:25:04,-999,-999,-999,3,1,150
21/05/2022 23:25:20,-999,-999,-999,3,1,150
21/05/2022 23:25:36,-999,-999,-999,3,1,150
21/05/2022 23:25:52,-999,-999,-999,3,1,150
21/05/2022 23:26:08,-999,-999,-999,3,1,150
21/05/2022 23:26:24,-999,-999,-999,3,1,150
21/05/2022 23:26:40,-999,-999,-999,3,1,150
21/05/2022 23:26:56,-999,-999,-999,3,1,170
21/05/2022 23:27:12,-999,-999,-999,3,1,170
21/05/2022 23:27:28,-999,-999,-999,3,1,180
21/05/2022 23:27:44,-999,-999,-999,3,1,180
21/05/2022 23:28:00,-999,-999,-999,3,1,160
21/05/2022 23:28:16,-999,-999,-999,3,1,160
21/05/2022 23:28:32,-999,-999,-999,3,1,160
21/05/2022 23:28:48,-999,-999,-999,3,1,150
21/05/2022 23:29:04,-999,-999,-999,3,1,150
21/05/2022 23:29:20,-999,-999,-999,3,1,180
21/05/2022 23:29:36,-999,-999,-999,3,1,180
21/05/2022 23:29:52,-999,-999,-999,3,1,180
21/05/2022 23:30:08,-999,-999,-999,3,1,180
21/05/2022 23:30:24,-999,-999,-999,3,1,170
21/05/2022 23:30:40,-999,-999,-999,3,1,170
21/05/2022 23:30:56,-999,-999,-999,3,1,170
21/05/2022 23:31:12,-999,-999,-999,3,1,180
21/05/2022 23:31:28,-999,-999,-999,3,1,180
21/05/2022 23:31:44,-999,-999,-999,3,1,170
21/05/2022 23:32:00,-999,-999,-999,3,1,170
21/05/2022 23:32:16,-999,-999,-999,3,1,210
21/05/2022 23:32:32,-999,-999,-999,3,1,210
21/05/2022 23:32:48,-999,-999,-999,3,1,200
21/05/2022 23:33:04,-999,-999,-999,3,1,200
21/05/2022 23:33:20,-999,-999,-999,3,1,200
21/05/2022 23:33:36,-999,-999,-999,3,1,200
21/05/2022 23:33:52,-999,-999,-999,3,1,200
21/05/2022 23:34:08,-999,-999,-999,3,1,170
21/05/2022 23:34:24,-999,-999,-999,3,1,170
21/05/2022 23:34:40,-999,-999,-999,3,1,150
21/05/2022 23:34:56,-999,-999,-999,3,1,150
21/05/2022 23:35:12,-999,-999,-999,3,1,200
21/05/2022 23:35:28,-999,-999,-999,3,1,200
21/05/2022 23:35:44,-999,-999,-999,3,1,200
21/05/2022 23:36:00,-999,-999,-999,3,1,170
21/05/2022 23:36:16,-999,-999,-999,3,1,170
21/05/2022 23:36:32,-999,-999,-999,3,1,180
21/05/2022 23:36:48,-999,-999,-999,3,1,180
21/05/2022 23:37:04,-999,-999,-999,3,1,200
21/05/2022 23:37:20,-999,-999,-999,3,1,200
21/05/2022 23:37:36,-999,-999,-999,3,1,160
21/05/2022 23:37:52,-999,-999,-999,3,1,160
21/05/2022 23:38:08,-999,-999,-999,3,1,160
21/05/2022 23:38:24,-999,-999,-999,3,1,210
21/05/2022 23:38:40,-999,-999,-999,3,1,210
21/05/2022 23:38:56,-999,-999,-999,3,1,190
21/05/2022 23:39:12,-999,-999,-999,3,1,190
21/05/2022 23:39:28,-999,-999,-999,3,1,160
21/05/2022 23:39:44,-999,-999,-999,3,1,160
21/05/2022 23:40:00,-999,-999,-999,3,1,170
21/05/2022 23:40:16,-999,-999,-999,3,1,170
21/05/2022 23:40:32,-999,-999,-999,3,1,170
21/05/2022 23:40:48,-999,-999,-999,3,1,170
21/05/2022 23:41:04,-999,-999,-999,3,1,170
21/05/2022 23:41:20,-999,-999,-999,3,1,160
21/05/2022 23:41:36,-999,-999,-999,3,1,160
21/05/2022 23:41:52,-999,-999,-999,3,2,260
21/05/2022 23:42:08,-999,-999,-999,3,2,260
21/05/2022 23:42:24,-999,-999,-999,3,2,170
21/05/2022 23:42:40,-999,-999,-999,3,2,170
21/05/2022 23:42:56,-999,-999,-999,3,2,170
21/05/2022 23:43:12,-999,-999,-999,3,1,180
21/05/2022 23:43:28,-999,-999,-999,3,1,180
21/05/2022 23:43:44,-999,-999,-999,3,1,170
21/05/2022 23:44:00,-999,-999,-999,3,1,170
21/05/2022 23:44:16,-999,-999,-999,3,2,190
21/05/2022 23:44:32,-999,-999,-999,3,2,190
21/05/2022 23:44:48,-999,-999,-999,3,2,190
21/05/2022 23:45:04,-999,-999,-999,3,2,190
21/05/2022 23:45:20,-999,-999,-999,3,2,190
21/05/2022 23:45:36,-999,-999,-999,3,1,160
21/05/2022 23:45:52,-999,-999,-999,3,1,160
21/05/2022 23:46:08,-999,-999,-999,3,1,170
21/05/2022 23:46:24,-999,-999,-999,3,1,170
21/05/2022 23:46:40,-999,-999,-999,3,1,170
21/05/2022 23:46:56,-999,-999,-999,3,1,170
21/05/2022 23:47:12,-999,-999,-999,3,1,190
21/05/2022 23:47:28,-999,-999,-999,3,1,190
21/05/2022 23:47:44,-999,-999,-999,3,1,190
21/05/2022 23:48:00,-999,-999,-999,3,1,170
21/05/2022 23:48:16,-999,-999,-999,3,1,170
21/05/2022 23:48:32,-999,-999,-999,3,1,150
21/05/2022 23:48:48,-999,-999,-999,3,1,150
21/05/2022 23:49:04,-999,-999,-999,3,1,170
21/05/2022 23:49:20,-999,-999,-999,3,1,170
21/05/2022 23:49:36,-999,-999,-999,3,1,180
21/05/2022 23:49:52,-999,-999,-999,3,1,180
21/05/2022 23:50:08,-999,-999,-999,3,1,180
21/05/2022 23:50:24,-999,-999,-999,3,1,220
21/05/2022 23:50:40,-999,-999,-999,3,1,220
21/05/2022 23:50:56,-999,-999,-999,3,1,190
21/05/2022 23:51:12,-999,-999,-999,3,1,190
21/05/2022 23:51:28,-999,-999,-999,3,1,220
21/05/2022 23:51:44,-999,-999,-999,3,1,220
21/05/2022 23:52:00,-999,-999,-999,3,1,190
21/05/2022 23:52:16,-999,-999,-999,3,1,190
21/05/2022 23:52:32,-999,-999,-999,3,1,190
21/05/2022 23:52:48,-999,-999,-999,3,1,180
21/05/2022 23:53:04,-999,-999,-999,3,1,180
21/05/2022 23:53:20,-999,-999,-999,3,1,170
21/05/2022 23:53:36,-999,-999,-999,3,1,170
21/05/2022 23:53:52,-999,-999,-999,3,1,230
21/05/2022 23:54:08,-999,-999,-999,3,1,230
21/05/2022 23:54:24,-999,-999,-999,3,1,190
21/05/2022 23:54:40,-999,-999,-999,3,1,190
21/05/2022 23:54:56,-999,-999,-999,3,1,190
21/05/2022 23:55:12,-999,-999,-999,3,1,190
21/05/2022 23:55:28,-999,-999,-999,3,1,190
21/05/2022 23:55:44,-999,-999,-999,3,1,180
21/05/2022 23:56:00,-999,-999,-999,3,1,180
21/05/2022 23:56:16,-999,-999,-999,3,1,170
21/05/2022 23:56:32,-999,-999,-999,3,1,170
21/05/2022 23:56:48,-999,-999,-999,3,1,220
21/05/2022 23:57:04,-999,-999,-999,3,1,220
21/05/2022 23:57:20,-999,-999,-999,3,1,220
21/05/2022 23:57:36,-999,-999,-999,3,1,190
21/05/2022 23:57:52,-999,-999,-999,3,1,190
21/05/2022 23:58:08,-999,-999,-999,3,1,220
21/05/2022 23:58:24,-999,-999,-999,3,1,220
21/05/2022 23:58:40,-999,-999,-999,3,1,190
21/05/2022 23:58:56,-999,-999,-999,3,1,190
21/05/2022 23:59:12,-999,-999,-999,3,1,190
21/05/2022 23:59:28,-999,-999,-999,3,1,190
21/05/2022 23:59:44,-999,-999,-999,3,1,190
22/05/2022 00:00:00,-999,-999,-999,3,1,200
22/05/2022 00:00:16,-999,-999,-999,3,1,200
22/05/2022 00:00:32,-999,-999,-999,3,1,180
22/05/2022 00:00:48,-999,-999,-999,3,1,180
22/05/2022 00:01:04,-999,250,-999,3,1,190
22/05/2022 00:01:20,-999,250,-999,3,1,190
22/05/2022 00:01:36,-999,250,-999,3,1,190
22/05/2022 00:01:52,-999,250,-999,3,1,190
22/05/2022 00:02:08,-999,250,-999,3,1,190
22/05/2022 00:02:24,-999,250,-999,3,1,210
22/05/2022 00:02:40,-999,250,-999,3,1,210
22/05/2022 00:02:56,-999,250,-999,3,1,180
22/05/2022 00:03:12,-999,250,-999,3,1,180
22/05/2022 00:03:28,-999,250,-999,3,1,180
22/05/2022 00:03:44,-999,250,-999,3,1,180
22/05/2022 00:04:00,-999,-999,-999,3,1,190
22/05/2022 00:04:16,-999,-999,-999,3,1,190
22/05/2022 00:04:32,-999,-999,-999,3,1,190
22/05/2022 00:04:48,-999,-999,-999,3,1,190
22/05/2022 00:05:04,-999,-999,-999,3,1,190
22/05/2022 00:05:20,-999,-999,-999,3,1,170
22/05/2022 00:05:36,-999,-999,-999,3,1,170
22/05/2022 00:05:52,-999,-999,-999,3,1,170
22/05/2022 00:06:08,-999,-999,-999,3,1,170
22/05/2022 00:06:24,-999,-999,-999,3,1,160
22/05/2022 00:06:40,-999,-999,-999,3,1,160
22/05/2022 00:06:56,-999,-999,-999,3,1,160
22/05/2022 00:07:12,-999,-999,-999,3,1,180
22/05/2022 00:07:28,-999,-999,-999,3,1,180
22/05/2022 00:07:44,-999,-999,-999,3,1,180
22/05/2022 00:08:00,-999,-999,-999,3,1,180
22/05/2022 00:08:16,-999,-999,-999,3,1,190
22/05/2022 00:08:32,-999,-999,-999,3,1,190
22/05/2022 00:08:48,-999,-999,-999,3,1,170
22/05/2022 00:09:04,-999,-999,-999,3,1,170
22/05/2022 00:09:20,-999,-999,-999,3,1,170
22/05/2022 00:09:36,-999,-999,-999,3,1,170
22/05/2022 00:09:52,-999,-999,-999,3,1,170
22/05/2022 00:10:08,-999,-999,-999,3,1,180
22/05/2022 00:10:24,-999,-999,-999,3,1,180
22/05/2022 00:10:40,-999,-999,-999,3,1,190
22/05/2022 00:10:56,-999,-999,-999,3,1,190
22/05/2022 00:11:12,-999,-999,-999,3,1,180
22/05/2022 00:11:28,-999,-999,-999,3,1,180
22/05/2022 00:11:44,-999,-999,-999,3,1,180
22/05/2022 00:12:00,-999,-999,-999,3,1,200
22/05/2022 00:12:16,-999,-999,-999,3,1,200
22/05/2022 00:12:32,-999,-999,-999,3,1,200
22/05/2022 00:12:48,-999,-999,-999,3,1,200
22/05/2022 00:13:04,-999,-999,-999,3,1,230
22/05/2022 00:13:20,-999,-999,-999,3,1,230
22/05/2022 00:13:36,-999,-999,-999,3,1,240
22/05/2022 00:13:52,-999,-999,-999,3,1,240
22/05/2022 00:14:08,-999,-999,-999,3,1,240
22/05/2022 00:14:24,-999,-999,-999,3,1,210
22/05/2022 00:14:40,-999,-999,-999,3,1,210
22/05/2022 00:14:56,-999,-999,-999,3,1,220
22/05/2022 00:15:12,-999,290,-999,3,1,220
22/05/2022 00:15:28,-999,290,-999,3,1,220
22/05/2022 00:15:44,-999,290,-999,3,1,220
22/05/2022 00:16:00,-999,290,-999,3,1,190
22/05/2022 00:16:16,-999,290,-999,3,1,190
22/05/2022 00:16:32,-999,280,-999,3,1,190
22/05/2022 00:16:48,-999,280,-999,3,1,190
22/05/2022 00:17:04,-999,280,-999,3,1,190
22/05/2022 00:17:20,-999,280,-999,3,1,220
22/05/2022 00:17:36,-999,280,-999,3,1,220
22/05/2022 00:17:52,-999,280,-999,3,1,190
22/05/2022 00:18:08,-999,-999,-999,3,1,190
22/05/2022 00:18:24,-999,-999,-999,3,1,200
22/05/2022 00:18:40,-999,-999,-999,3,1,200
22/05/2022 00:18:56,-999,-999,-999,3,1,200
22/05/2022 00:19:12,-999,-999,-999,3,1,220
22/05/2022 00:19:28,-999,-999,-999,3,1,220
22/05/2022 00:19:44,-999,-999,-999,3,1,190
22/05/2022 00:20:00,-999,-999,-999,3,1,190
22/05/2022 00:20:16,-999,-999,-999,3,1,180
22/05/2022 00:20:32,-999,-999,-999,3,1,180
22/05/2022 00:20:48,-999,-999,-999,3,1,190
22/05/2022 00:21:04,-999,-999,-999,3,1,190
22/05/2022 00:21:20,-999,-999,-999,3,1,190
22/05/2022 00:21:36,-999,-999,-999,3,1,200
22/05/2022 00:21:52,-999,-999,-999,3,1,200
22/05/2022 00:22:08,-999,-999,-999,3,1,220
22/05/2022 00:22:24,-999,-999,-999,3,1,220
22/05/2022 00:22:40,-999,-999,-999,3,1,200
22/05/2022 00:22:56,-999,-999,-999,3,1,200
22/05/2022 00:23:12,-999,-999,-999,3,1,190
22/05/2022 00:23:28,-999,-999,-999,3,1,190
22/05/2022 00:23:44,-999,-999,-999,3,1,190
22/05/2022 00:24:00,-999,-999,-999,3,1,190
22/05/2022 00:24:16,-999,-999,-999,3,1,190
22/05/2022 00:24:32,-999,-999,-999,3,1,170
22/05/2022 00:24:48,-999,-999,-999,3,1,170
22/05/2022 00:25:04,-999,-999,-999,3,1,170
22/05/2022 00:25:20,-999,-999,-999,3,1,170
22/05/2022 00:25:36,-999,-999,-999,3,1,200
22/05/2022 00:25:52,-999,-999,-999,3,1,200
22/05/2022 00:26:08,-999,-999,-999,3,1,200
22/05/2022 00:26:24,-999,-999,-999,3,1,220
22/05/2022 00:26:40,-999,-999,-999,3,1,220
22/05/2022 00:26:56,-999,-999,-999,3,1,210
22/05/2022 00:27:12,-999,-999,-999,3,1,210
22/05/2022 00:27:28,-999,-999,-999,3,1,200
22/05/2022 00:27:44,-999,-999,-999,3,1,200
22/05/2022 00:28:00,-999,-999,-999,3,1,190
22/05/2022 00:28:16,-999,-999,-999,3,1,190
22/05/2022 00:28:32,-999,-999,-999,3,1,190
22/05/2022 00:28:48,-999,-999,-999,3,1,190
22/05/2022 00:29:04,-999,-999,-999,3,1,190
22/05/2022 00:29:20,-999,-999,-999,3,1,190
22/05/2022 00:29:36,-999,-999,-999,3,1,190
22/05/2022 00:29:52,-999,-999,-999,3,1,220
22/05/2022 00:30:08,-999,-999,-999,3,1,220
22/05/2022 00:30:24,-999,-999,-999,3,1,200
22/05/2022 00:30:40,-999,-999,-999,3,1,200
22/05/2022 00:30:56,-999,-999,-999,3,1,200
22/05/2022 00:31:12,-999,-999,-999,3,1,170
22/05/2022 00:31:28,-999,-999,-999,3,1,170
22/05/2022 00:31:44,-999,-999,-999,3,1,190
22/05/2022 00:32:00,-999,-999,-999,3,1,190
22/05/2022 00:32:16,-999,-999,-999,3,1,200
22/05/2022 00:32:32,-999,-999,-999,3,1,200
22/05/2022 00:32:48,-999,-999,-999,3,1,200
22/05/2022 00:33:04,-999,-999,-999,3,1,200
22/05/2022 00:33:20,-999,-999,-999,3,1,200
22/05/2022 00:33:36,-999,-999,-999,3,1,200
22/05/2022 00:33:52,-999,-999,-999,3,1,200
22/05/2022 00:34:08,-999,-999,-999,3,1,220
22/05/2022 00:34:24,-999,-999,-999,3,1,220
22/05/2022 00:34:40,-999,-999,-999,3,1,250
22/05/2022 00:34:56,-999,-999,-999,3,1,250
22/05/2022 00:35:12,-999,-999,-999,3,1,200
22/05/2022 00:35:28,-999,-999,-999,3,1,200
22/05/2022 00:35:44,-999,-999,-999,3,1,200
22/05/2022 00:36:00,-999,-999,-999,3,1,180
22/05/2022 00:36:16,-999,-999,-999,3,1,180
22/05/2022 00:36:32,-999,280,-999,3,1,210
22/05/2022 00:36:48,-999,70,-999,3,1,210
22/05/2022 00:37:04,-999,70,-999,3,1,200
22/05/2022 00:37:20,-999,70,-999,3,1,200
22/05/2022 00:37:36,-999,70,-999,3,1,200
22/05/2022 00:37:52,-999,70,-999,3,1,200
22/05/2022 00:38:08,-999,280,-999,3,1,200
22/05/2022 00:38:24,-999,250,-999,3,1,160
22/05/2022 00:38:40,-999,250,-999,3,1,160
22/05/2022 00:38:56,-999,250,-999,3,1,180
22/05/2022 00:39:12,-999,250,-999,3,1,180
22/05/2022 00:39:28,-999,250,-999,3,1,190
22/05/2022 00:39:44,-999,250,-999,3,1,190
22/05/2022 00:40:00,-999,-999,-999,3,1,290
22/05/2022 00:40:16,-999,-999,-999,3,1,290
22/05/2022 00:40:32,-999,-999,-999,3,1,290
22/05/2022 00:40:48,-999,-999,-999,3,1,290
22/05/2022 00:41:04,-999,-999,-999,3,1,290
22/05/2022 00:41:20,-999,-999,-999,3,1,230
22/05/2022 00:41:36,-999,-999,-999,3,1,230
22/05/2022 00:41:52,-999,-999,-999,3,1,300
22/05/2022 00:42:08,-999,-999,-999,3,1,300
22/05/2022 00:42:24,-999,-999,-999,3,1,350
22/05/2022 00:42:40,-999,-999,-999,3,1,350
22/05/2022 00:42:56,-999,80,-999,3,1,350
22/05/2022 00:43:12,-999,80,-999,3,1,280
22/05/2022 00:43:28,-999,80,-999,3,1,280
22/05/2022 00:43:44,-999,80,-999,3,1,260
22/05/2022 00:44:00,-999,80,-999,3,1,260
22/05/2022 00:44:16,-999,90,-999,3,1,260
22/05/2022 00:44:32,-999,90,-999,3,1,260
22/05/2022 00:44:48,-999,90,-999,3,1,250
22/05/2022 00:45:04,-999,90,-999,3,1,250
22/05/2022 00:45:20,-999,90,-999,3,1,250
22/05/2022 00:45:36,-999,90,-999,3,1,230
22/05/2022 00:45:52,-999,90,-999,3,1,230
22/05/2022 00:46:08,-999,90,-999,3,1,220
22/05/2022 00:46:24,-999,90,-999,3,1,220
22/05/2022 00:46:40,-999,90,-999,3,1,230
22/05/2022 00:46:56,-999,90,-999,3,1,230
22/05/2022 00:47:12,-999,90,-999,3,1,280
22/05/2022 00:47:28,-999,90,-999,3,1,280
22/05/2022 00:47:44,-999,90,-999,3,1,280
22/05/2022 00:48:00,-999,90,-999,3,1,260
22/05/2022 00:48:16,-999,90,-999,3,1,260
22/05/2022 00:48:32,-999,90,-999,3,1,250
22/05/2022 00:48:48,-999,90,-999,3,1,250
22/05/2022 00:49:04,-999,-999,-999,3,2,50
22/05/2022 00:49:20,-999,-999,-999,3,2,50
22/05/2022 00:49:36,-999,90,-999,3,1,250
22/05/2022 00:49:52,-999,90,-999,3,1,250
22/05/2022 00:50:08,-999,90,-999,3,1,250
22/05/2022 00:50:24,-999,90,-999,3,1,340
22/05/2022 00:50:40,-999,90,-999,3,1,340
22/05/2022 00:50:56,-999,-999,-999,3,2,40
22/05/2022 00:51:12,-999,-999,-999,3,2,40
22/05/2022 00:51:28,-999,90,-999,3,1,330
22/05/2022 00:51:44,-999,80,-999,3,1,330
22/05/2022 00:52:00,-999,80,-999,3,1,250
22/05/2022 00:52:16,-999,70,-999,3,1,250
22/05/2022 00:52:32,-999,70,-999,3,1,250
22/05/2022 00:52:48,-999,70,-999,3,1,310
22/05/2022 00:53:04,-999,70,-999,3,1,310
22/05/2022 00:53:20,-999,70,-999,3,1,240
22/05/2022 00:53:36,-999,80,-999,3,1,240
22/05/2022 00:53:52,-999,80,-999,3,1,220
22/05/2022 00:54:08,-999,80,-999,3,1,220
22/05/2022 00:54:24,-999,70,-999,3,1,230
22/05/2022 00:54:40,-999,70,-999,3,1,230
22/05/2022 00:54:56,-999,70,-999,3,1,230
22/05/2022 00:55:12,-999,70,-999,3,1,220
22/05/2022 00:55:28,-999,70,-999,3,1,220
22/05/2022 00:55:44,-999,70,-999,3,1,240
22/05/2022 00:56:00,-999,70,-999,3,1,240
22/05/2022 00:56:16,-999,70,-999,3,1,220
22/05/2022 00:56:32,-999,70,-999,3,1,220
22/05/2022 00:56:48,-999,70,-999,3,1,230
22/05/2022 00:57:04,-999,70,-999,3,1,230
22/05/2022 00:57:20,-999,70,-999,3,1,230
22/05/2022 00:57:36,-999,70,-999,3,1,190
22/05/2022 00:57:52,-999,70,-999,3,1,190
22/05/2022 00:58:08,-999,70,-999,3,1,200
22/05/2022 00:58:24,-999,70,-999,3,1,200
22/05/2022 00:58:40,-999,70,-999,3,1,220
22/05/2022 00:58:56,-999,80,-999,3,1,220
22/05/2022 00:59:12,-999,80,-999,3,1,240
22/05/2022 00:59:28,-999,80,-999,3,1,240
22/05/2022 00:59:44,-999,80,-999,3,1,240
22/05/2022 01:00:00,1,80,90,3,1,230
22/05/2022 01:00:16,1,80,90,3,1,230
22/05/2022 01:00:32,1,80,90,3,1,280
22/05/2022 01:00:48,1,80,90,3,1,280
22/05/2022 01:01:04,1,80,90,3,1,250
22/05/2022 01:01:20,1,80,90,3,1,250
22/05/2022 01:01:36,1,80,90,3,1,260
22/05/2022 01:01:52,1,80,90,3,1,260
22/05/2022 01:02:08,1,80,90,3,1,260
22/05/2022 01:02:24,1,80,90,3,1,230
22/05/2022 01:02:40,1,80,90,3,1,230
22/05/2022 01:02:56,1,80,90,3,2,220
22/05/2022 01:03:12,1,80,90,3,2,220
22/05/2022 01:03:28,1,80,90,3,2,250
22/05/2022 01:03:44,1,290,90,3,2,250
22/05/2022 01:04:00,1,290,90,3,1,290
22/05/2022 01:04:16,1,320,90,3,1,290
22/05/2022 01:04:32,1,80,90,3,1,290
22/05/2022 01:04:48,1,80,90,3,1,220
22/05/2022 01:05:04,1,80,90,3,1,220
22/05/2022 01:05:20,1,80,90,3,1,280
22/05/2022 01:05:36,1,80,90,3,1,280
22/05/2022 01:05:52,1,80,90,3,1,240
22/05/2022 01:06:08,1,80,90,3,1,240
22/05/2022 01:06:24,1,80,90,3,1,220
22/05/2022 01:06:40,1,80,90,3,1,220
22/05/2022 01:06:56,1,80,90,3,1,220
22/05/2022 01:07:12,1,80,90,3,2,250
22/05/2022 01:07:28,1,80,90,3,2,250
22/05/2022 01:07:44,1,80,90,3,1,240
22/05/2022 01:08:00,1,80,90,3,1,240
22/05/2022 01:08:16,1,80,90,3,2,220
22/05/2022 01:08:32,1,80,90,3,2,220
22/05/2022 01:08:48,1,80,90,3,1,250
22/05/2022 01:09:04,1,70,90,3,1,250
22/05/2022 01:09:20,1,70,90,3,1,250
22/05/2022 01:09:36,1,70,90,3,2,230
22/05/2022 01:09:52,1,70,90,3,2,230
22/05/2022 01:10:08,1,60,90,3,1,350
22/05/2022 01:10:24,1,60,90,3,1,350
22/05/2022 01:10:40,1,60,90,3,1,270
22/05/2022 01:10:56,1,60,90,3,1,270
22/05/2022 01:11:12,1,60,90,3,1,260
22/05/2022 01:11:28,1,60,90,3,1,260
22/05/2022 01:11:44,1,60,90,3,1,260
22/05/2022 01:12:00,1,60,90,3,1,230
22/05/2022 01:12:16,1,60,90,3,1,230
22/05/2022 01:12:32,1,60,90,3,1,270
22/05/2022 01:12:48,1,60,90,3,1,270
22/05/2022 01:13:04,1,60,90,3,1,260
22/05/2022 01:13:20,1,60,90,3,1,260
22/05/2022 01:13:36,1,60,90,3,1,230
22/05/2022 01:13:52,1,60,90,3,1,230
22/05/2022 01:14:08,1,60,90,3,1,230
22/05/2022 01:14:24,1,60,90,3,1,220
22/05/2022 01:14:40,1,60,90,3,1,220
22/05/2022 01:14:56,1,60,90,3,1,220
22/05/2022 01:15:12,1,60,90,3,1,220
22/05/2022 01:15:28,1,60,90,3,1,220
22/05/2022 01:15:44,1,60,90,3,1,220
22/05/2022 01:16:00,1,60,90,3,1,240
22/05/2022 01:16:16,1,60,90,3,1,240
22/05/2022 01:16:32,1,60,90,3,1,240
22/05/2022 01:16:48,1,60,90,3,1,220
22/05/2022 01:17:04,1,60,90,3,1,220
22/05/2022 01:17:20,1,60,90,3,2,250
22/05/2022 01:17:36,1,60,90,3,2,250
22/05/2022 01:17:52,1,60,90,3,2,240
22/05/2022 01:18:08,1,60,90,3,2,240
22/05/2022 01:18:24,1,60,90,3,1,220
22/05/2022 01:18:40,1,70,90,3,1,220
22/05/2022 01:18:56,1,70,90,3,1,220
22/05/2022 01:19:12,1,70,90,3,1,230
22/05/2022 01:19:28,1,70,90,3,1,230
22/05/2022 01:19:44,1,70,90,3,1,230
22/05/2022 01:20:00,1,70,90,3,1,230
22/05/2022 01:20:16,1,70,90,3,2,210
22/05/2022 01:20:32,1,80,90,3,2,210
22/05/2022 01:20:48,1,80,90,3,2,230
22/05/2022 01:21:04,1,80,90,3,2,230
22/05/2022 01:21:20,1,80,90,3,2,230
22/05/2022 01:21:36,1,80,90,3,1,230
22/05/2022 01:21:52,1,80,90,3,1,230
22/05/2022 01:22:08,1,80,90,3,1,220
22/05/2022 01:22:24,1,80,90,3,1,220
22/05/2022 01:22:40,1,80,90,3,1,230
22/05/2022 01:22:56,1,80,90,3,1,230
22/05/2022 01:23:12,1,80,90,3,2,210
22/05/2022 01:23:28,1,80,90,3,2,210
22/05/2022 01:23:44,1,280,90,3,2,210
22/05/2022 01:24:00,1,280,90,3,1,200
22/05/2022 01:24:16,1,280,90,3,1,200
22/05/2022 01:24:32,1,280,90,3,2,220
22/05/2022 01:24:48,1,280,90,3,2,220
22/05/2022 01:25:04,1,270,90,3,1,210
22/05/2022 01:25:20,1,270,90,3,1,210
22/05/2022 01:25:36,1,270,90,3,1,210
22/05/2022 01:25:52,1,270,90,3,1,210
22/05/2022 01:26:08,1,270,90,3,1,210
22/05/2022 01:26:24,1,270,90,3,1,200
22/05/2022 01:26:40,1,270,90,3,1,200
22/05/2022 01:26:56,1,270,90,3,1,200
22/05/2022 01:27:12,1,-999,90,3,1,200
22/05/2022 01:27:28,1,-999,90,3,1,190
22/05/2022 01:27:44,1,-999,90,3,1,190
22/05/2022 01:28:00,1,-999,90,3,1,230
22/05/2022 01:28:16,1,80,90,3,1,230
22/05/2022 01:28:32,1,60,90,3,1,230
22/05/2022 01:28:48,1,60,90,3,1,160
22/05/2022 01:29:04,1,60,90,3,1,160
22/05/2022 01:29:20,1,-999,90,3,1,200
22/05/2022 01:29:36,1,-999,90,3,1,200
22/05/2022 01:29:52,1,-999,90,3,1,190
22/05/2022 01:30:08,1,-999,90,3,1,190
22/05/2022 01:30:24,1,-999,90,3,1,160
22/05/2022 01:30:40,1,-999,90,3,1,160
22/05/2022 01:30:56,1,-999,90,3,1,160
22/05/2022 01:31:12,1,-999,90,3,1,180
22/05/2022 01:31:28,1,-999,90,3,1,180
22/05/2022 01:31:44,1,-999,90,3,2,200
22/05/2022 01:32:00,1,-999,90,3,2,200
22/05/2022 01:32:16,1,-999,90,3,1,210
22/05/2022 01:32:32,1,-999,90,3,1,210
22/05/2022 01:32:48,1,-999,90,3,1,200
22/05/2022 01:33:04,1,-999,90,3,1,200
22/05/2022 01:33:20,1,-999,90,3,1,200
22/05/2022 01:33:36,1,-999,90,3,1,180
22/05/2022 01:33:52,1,-999,90,3,1,180
22/05/2022 01:34:08,1,-999,90,3,2,180
22/05/2022 01:34:24,1,-999,90,3,2,180
22/05/2022 01:34:40,1,-999,90,3,1,200
22/05/2022 01:34:56,1,-999,90,3,1,200
22/05/2022 01:35:12,1,-999,90,3,1,240
22/05/2022 01:35:28,1,-999,90,3,1,240
22/05/2022 01:35:44,1,-999,90,3,1,240
22/05/2022 01:36:00,1,-999,90,3,1,210
22/05/2022 01:36:16,1,-999,90,3,1,210
22/05/2022 01:36:32,1,-999,90,3,2,200
22/05/2022 01:36:48,1,-999,90,3,2,200
22/05/2022 01:37:04,1,-999,90,3,1,210
22/05/2022 01:37:20,1,-999,90,3,1,210
22/05/2022 01:37:36,1,-999,90,3,1,210
22/05/2022 01:37:52,1,-999,90,3,1,210
22/05/2022 01:38:08,1,-999,90,3,1,210
22/05/2022 01:38:24,1,-999,90,3,2,210
22/05/2022 01:38:40,1,-999,90,3,2,210
22/05/2022 01:38:56,1,-999,90,3,2,200
22/05/2022 01:39:12,1,-999,90,3,2,200
22/05/2022 01:39:28,1,-999,90,3,2,280
22/05/2022 01:39:44,1,-999,90,3,2,280
22/05/2022 01:40:00,1,-999,90,3,2,220
22/05/2022 01:40:16,1,-999,90,3,2,220
22/05/2022 01:40:32,1,-999,90,3,2,220
22/05/2022 01:40:48,1,-999,90,3,2,200
22/05/2022 01:41:04,1,-999,90,3,2,200
22/05/2022 01:41:20,1,-999,90,3,1,300
22/05/2022 01:41:36,1,-999,90,3,1,300
22/05/2022 01:41:52,1,-999,90,3,1,250
22/05/2022 01:42:08,1,-999,90,3,1,250
22/05/2022 01:42:24,1,-999,90,3,1,210
22/05/2022 01:42:40,1,-999,90,3,1,210
22/05/2022 01:42:56,1,-999,90,3,1,210
22/05/2022 01:43:12,1,-999,90,3,1,260
22/05/2022 01:43:28,1,-999,90,3,1,260
22/05/2022 01:43:44,1,-999,90,3,1,230
22/05/2022 01:44:00,1,-999,90,3,1,230
22/05/2022 01:44:16,1,-999,90,3,1,220
22/05/2022 01:44:32,1,-999,90,3,1,220
22/05/2022 01:44:48,1,-999,90,3,1,330
22/05/2022 01:45:04,1,-999,90,3,1,330
22/05/2022 01:45:20,1,-999,90,3,1,330
22/05/2022 01:45:36,1,-999,90,3,1,230
22/05/2022 01:45:52,1,-999,90,3,1,230
22/05/2022 01:46:08,1,-999,90,3,1,310
22/05/2022 01:46:24,1,-999,90,3,1,310
22/05/2022 01:46:40,1,-999,90,3,1,310
22/05/2022 01:46:56,1,-999,90,3,1,310
22/05/2022 01:47:12,1,-999,90,3,1,280
22/05/2022 01:47:28,1,-999,90,3,1,280
22/05/2022 01:47:44,1,-999,90,3,1,280
22/05/2022 01:48:00,1,-999,90,3,1,200
22/05/2022 01:48:16,1,-999,90,3,1,200
22/05/2022 01:48:32,1,-999,90,3,1,210
22/05/2022 01:48:48,1,-999,90,3,1,210
22/05/2022 01:49:04,1,-999,90,3,1,200
22/05/2022 01:49:20,1,-999,90,3,1,200
22/05/2022 01:49:36,1,-999,90,3,1,210
22/05/2022 01:49:52,1,-999,90,3,1,210
22/05/2022 01:50:08,1,-999,90,3,1,210
22/05/2022 01:50:24,1,-999,90,3,1,280
22/05/2022 01:50:40,1,-999,90,3,1,280
22/05/2022 01:50:56,1,-999,90,3,1,260
22/05/2022 01:51:12,1,-999,90,3,1,260
22/05/2022 01:51:28,1,-999,90,3,1,220
22/05/2022 01:51:44,1,-999,90,3,1,220
22/05/2022 01:52:00,1,-999,90,3,1,190
22/05/2022 01:52:16,1,-999,90,3,1,190
22/05/2022 01:52:32,1,-999,90,3,1,190
22/05/2022 01:52:48,1,-999,90,3,1,220
22/05/2022 01:53:04,1,-999,90,3,1,220
22/05/2022 01:53:20,1,-999,90,3,1,190
22/05/2022 01:53:36,1,-999,90,3,1,190
22/05/2022 01:53:52,1,-999,90,3,1,230
22/05/2022 01:54:08,1,-999,90,3,1,230
22/05/2022 01:54:24,1,-999,90,3,2,200
22/05/2022 01:54:40,1,-999,90,3,2,200
22/05/2022 01:54:56,1,-999,90,3,2,200
22/05/2022 01:55:12,1,-999,90,3,1,270
22/05/2022 01:55:28,1,-999,90,3,1,270
22/05/2022 01:55:44,1,-999,90,3,1,200
22/05/2022 01:56:00,1,-999,90,3,1,200
22/05/2022 01:56:16,1,-999,90,3,1,180
22/05/2022 01:56:32,1,-999,90,3,1,180
22/05/2022 01:56:48,1,-999,90,3,1,170
22/05/2022 01:57:04,1,-999,90,3,1,170
22/05/2022 01:57:20,1,-999,90,3,1,170
22/05/2022 01:57:36,1,-999,90,3,1,230
22/05/2022 01:57:52,1,-999,90,3,1,230
22/05/2022 01:58:08,1,-999,90,3,1,220
22/05/2022 01:58:24,1,-999,90,3,1,220
22/05/2022 01:58:40,1,-999,90,3,1,230
22/05/2022 01:58:56,1,-999,90,3,1,230
22/05/2022 01:59:12,1,-999,90,3,1,230
22/05/2022 01:59:28,1,-999,90,3,1,230
22/05/2022 01:59:44,1,-999,90,3,1,230
22/05/2022 02:00:00,1,-999,80,3,1,200
22/05/2022 02:00:16,1,-999,80,3,1,200
22/05/2022 02:00:32,1,-999,80,3,1,230
22/05/2022 02:00:48,1,-999,80,3,1,230
22/05/2022 02:01:04,1,-999,80,3,1,220
22/05/2022 02:01:20,1,-999,80,3,1,220
22/05/2022 02:01:36,1,-999,80,3,1,220
22/05/2022 02:01:52,1,-999,80,3,1,220
22/05/2022 02:02:08,1,-999,80,3,1,220
22/05/2022 02:02:24,1,-999,80,3,1,190
22/05/2022 02:02:40,1,-999,80,3,1,190
22/05/2022 02:02:56,1,-999,80,3,1,260
22/05/2022 02:03:12,1,-999,80,3,1,260
22/05/2022 02:03:28,1,-999,80,3,1,230
22/05/2022 02:03:44,1,-999,80,3,1,230
22/05/2022 02:04:00,1,-999,80,3,1,210
22/05/2022 02:04:16,1,-999,80,3,1,210
22/05/2022 02:04:32,1,-999,80,3,1,210
22/05/2022 02:04:48,1,-999,80,3,1,200
22/05/2022 02:05:04,1,-999,80,3,1,200
22/05/2022 02:05:20,1,-999,80,3,1,210
22/05/2022 02:05:36,1,-999,80,3,1,210
22/05/2022 02:05:52,1,-999,80,3,1,190
22/05/2022 02:06:08,1,-999,80,3,1,190
22/05/2022 02:06:24,1,-999,80,3,1,200
22/05/2022 02:06:40,1,-999,80,3,1,200
22/05/2022 02:06:56,1,-999,80,3,1,200
22/05/2022 02:07:12,1,-999,80,3,1,170
22/05/2022 02:07:28,1,-999,80,3,1,170
22/05/2022 02:07:44,1,-999,80,3,1,150
22/05/2022 02:08:00,1,-999,80,3,1,150
22/05/2022 02:08:16,1,-999,80,3,1,190
22/05/2022 02:08:32,1,-999,80,3,1,190
22/05/2022 02:08:48,1,-999,80,3,2,180
22/05/2022 02:09:04,1,-999,80,3,2,180
22/05/2022 02:09:20,1,-999,80,3,2,180
22/05/2022 02:09:36,1,-999,80,3,1,230
22/05/2022 02:09:52,1,-999,80,3,1,230
22/05/2022 02:10:08,1,-999,80,3,1,210
22/05/2022 02:10:24,1,-999,80,3,1,210
22/05/2022 02:10:40,1,-999,80,3,1,170
22/05/2022 02:10:56,1,-999,80,3,1,170
22/05/2022 02:11:12,1,-999,80,3,1,200
22/05/2022 02:11:28,1,-999,80,3,1,200
22/05/2022 02:11:44,1,-999,80,3,1,200
22/05/2022 02:12:00,1,-999,80,3,1,190
22/05/2022 02:12:16,1,-999,80,3,1,190
22/05/2022 02:12:32,1,-999,80,3,1,210
22/05/2022 02:12:48,1,-999,80,3,1,210
22/05/2022 02:13:04,1,-999,80,3,1,200
22/05/2022 02:13:20,1,-999,80,3,1,200
22/05/2022 02:13:36,1,-999,80,3,1,190
22/05/2022 02:13:52,1,-999,80,3,1,190
22/05/2022 02:14:08,1,-999,80,3,1,190
22/05/2022 02:14:24,1,-999,80,3,1,220
22/05/2022 02:14:40,1,-999,80,3,1,220
22/05/2022 02:14:56,1,-999,80,3,1,200
22/05/2022 02:15:12,1,-999,80,3,1,200
22/05/2022 02:15:28,1,-999,80,3,1,200
22/05/2022 02:15:44,1,-999,80,3,1,200
22/05/2022 02:16:00,1,-999,80,3,1,210
22/05/2022 02:16:16,1,-999,80,3,1,210
22/05/2022 02:16:32,1,-999,80,3,1,210
22/05/2022 02:16:48,1,-999,80,3,1,180
22/05/2022 02:17:04,1,-999,80,3,1,180
22/05/2022 02:17:20,1,-999,80,3,1,170
22/05/2022 02:17:36,1,-999,80,3,1,170
22/05/2022 02:17:52,1,-999,80,3,1,230
22/05/2022 02:18:08,1,-999,80,3,1,230
22/05/2022 02:18:24,1,-999,80,3,1,230
22/05/2022 02:18:40,1,-999,80,3,1,230
22/05/2022 02:18:56,1,-999,80,3,1,230
22/05/2022 02:19:12,1,-999,80,3,1,170
22/05/2022 02:19:28,1,-999,80,3,1,170
22/05/2022 02:19:44,1,-999,80,3,1,170
22/05/2022 02:20:00,1,-999,80,3,1,170
22/05/2022 02:20:16,1,-999,80,3,1,230
22/05/2022 02:20:32,1,-999,80,3,1,230
22/05/2022 02:20:48,1,-999,80,3,1,180
22/05/2022 02:21:04,1,-999,80,3,1,180
22/05/2022 02:21:20,1,-999,80,3,1,180
22/05/2022 02:21:36,1,-999,80,3,1,190
22/05/2022 02:21:52,1,-999,80,3,1,190
22/05/2022 02:22:08,1,-999,80,3,1,190
22/05/2022 02:22:24,1,-999,80,3,1,190
22/05/2022 02:22:40,1,-999,80,3,1,180
22/05/2022 02:22:56,1,-999,80,3,1,180
22/05/2022 02:23:12,1,-999,80,3,1,180
22/05/2022 02:23:28,1,-999,80,3,1,180
22/05/2022 02:23:44,1,-999,80,3,1,180
22/05/2022 02:24:00,1,-999,80,3,1,210
22/05/2022 02:24:16,1,-999,80,3,1,210
22/05/2022 02:24:32,1,-999,80,3,1,200
22/05/2022 02:24:48,1,-999,80,3,1,200
22/05/2022 02:25:04,1,-999,80,3,1,210
22/05/2022 02:25:20,1,-999,80,3,1,210
22/05/2022 02:25:36,1,-999,80,3,1,180
22/05/2022 02:25:52,1,-999,80,3,1,180
22/05/2022 02:26:08,1,-999,80,3,1,180
22/05/2022 02:26:24,1,-999,80,3,1,180
22/05/2022 02:26:40,1,-999,80,3,1,180
22/05/2022 02:26:56,1,-999,80,3,2,190
22/05/2022 02:27:12,1,-999,80,3,2,190
22/05/2022 02:27:28,1,-999,80,3,3,230
22/05/2022 02:27:44,1,-999,80,3,3,230
22/05/2022 02:28:00,1,-999,80,3,2,230
22/05/2022 02:28:16,1,-999,80,3,2,230
22/05/2022 02:28:32,1,-999,80,3,2,230
22/05/2022 02:28:48,1,-999,80,3,2,170
22/05/2022 02:29:04,1,-999,80,3,2,170
22/05/2022 02:29:20,1,-999,80,3,2,160
22/05/2022 02:29:36,1,-999,80,3,2,160
22/05/2022 02:29:52,1,-999,80,3,2,200
22/05/2022 02:30:08,1,-999,80,3,2,200
22/05/2022 02:30:24,1,-999,80,3,2,200
22/05/2022 02:30:40,1,-999,80,3,2,200
22/05/2022 02:30:56,1,-999,80,3,2,200
22/05/2022 02:31:12,1,-999,80,3,1,1580
22/05/2022 02:31:28,1,-999,80,3,1,1580
22/05/2022 02:31:44,1,-999,80,3,1,1680
22/05/2022 02:32:00,1,-999,80,3,1,1680
22/05/2022 02:32:16,1,-999,80,3,1,1720
22/05/2022 02:32:32,1,-999,80,3,1,1720
22/05/2022 02:32:48,1,-999,80,3,1,1700
22/05/2022 02:33:04,1,-999,80,3,1,1700
22/05/2022 02:33:20,1,450,80,3,1,1700
22/05/2022 02:33:36,1,450,80,3,1,1680
22/05/2022 02:33:52,1,90,80,3,1,1680
22/05/2022 02:34:08,1,90,80,3,1,1700
22/05/2022 02:34:24,1,90,80,3,1,1700
22/05/2022 02:34:40,1,90,80,3,1,1830
22/05/2022 02:34:56,1,90,80,3,1,1830
22/05/2022 02:35:12,1,90,80,3,1,1660
22/05/2022 02:35:28,1,90,80,3,1,1660
22/05/2022 02:35:44,1,90,80,3,1,1660
22/05/2022 02:36:00,1,90,80,3,1,1640
22/05/2022 02:36:16,1,90,80,3,1,1640
22/05/2022 02:36:32,1,90,80,3,1,1630
22/05/2022 02:36:48,1,90,80,3,1,1630
22/05/2022 02:37:04,1,90,80,3,1,1630
22/05/2022 02:37:20,1,90,80,3,1,1630
22/05/2022 02:37:36,1,90,80,3,1,1630
22/05/2022 02:37:52,1,90,80,3,1,1630
22/05/2022 02:38:08,1,90,80,3,1,1630
22/05/2022 02:38:24,1,90,80,3,1,1620
22/05/2022 02:38:40,1,100,80,3,1,1620
22/05/2022 02:38:56,1,100,80,3,1,1650
22/05/2022 02:39:12,1,100,80,3,1,1650
22/05/2022 02:39:28,1,100,80,3,1,1640
22/05/2022 02:39:44,1,100,80,3,1,1640
22/05/2022 02:40:00,1,-999,80,3,2,130
22/05/2022 02:40:16,1,-999,80,3,2,130
22/05/2022 02:40:32,1,-999,80,3,2,130
22/05/2022 02:40:48,1,180,80,3,1,1540
22/05/2022 02:41:04,1,180,80,3,1,1540
22/05/2022 02:41:20,1,220,80,3,1,1610
22/05/2022 02:41:36,1,220,80,3,1,1610
22/05/2022 02:41:52,1,220,80,3,2,190
22/05/2022 02:42:08,1,220,80,3,2,190
22/05/2022 02:42:24,1,-999,80,3,2,150
22/05/2022 02:42:40,1,-999,80,3,2,150
22/05/2022 02:42:56,1,-999,80,3,2,150
22/05/2022 02:43:12,1,-999,80,3,2,140
22/05/2022 02:43:28,1,-999,80,3,2,140
22/05/2022 02:43:44,1,-999,80,3,2,120
22/05/2022 02:44:00,1,-999,80,3,2,120
22/05/2022 02:44:16,1,-999,80,3,2,90
22/05/2022 02:44:32,1,-999,80,3,2,90
22/05/2022 02:44:48,1,-999,80,3,2,170
22/05/2022 02:45:04,1,-999,80,3,2,170
22/05/2022 02:45:20,1,-999,80,3,2,170
22/05/2022 02:45:36,1,-999,80,3,2,160
22/05/2022 02:45:52,1,-999,80,3,2,160
22/05/2022 02:46:08,1,-999,80,3,2,150
22/05/2022 02:46:24,1,-999,80,3,2,150
22/05/2022 02:46:40,1,-999,80,3,2,140
22/05/2022 02:46:56,1,-999,80,3,2,140
22/05/2022 02:47:12,1,-999,80,3,2,120
22/05/2022 02:47:28,1,-999,80,3,2,120
22/05/2022 02:47:44,1,-999,80,3,2,120
22/05/2022 02:48:00,1,-999,80,3,1,1780
22/05/2022 02:48:16,1,-999,80,3,1,1780
22/05/2022 02:48:32,1,-999,80,3,1,1790
22/05/2022 02:48:48,1,-999,80,3,1,1790
22/05/2022 02:49:04,1,-999,80,3,2,110
22/05/2022 02:49:20,1,-999,80,3,2,110
22/05/2022 02:49:36,1,-999,80,3,2,100
22/05/2022 02:49:52,1,-999,80,3,2,100
22/05/2022 02:50:08,1,-999,80,3,2,100
22/05/2022 02:50:24,1,-999,80,3,2,110
22/05/2022 02:50:40,1,-999,80,3,2,110
22/05/2022 02:50:56,1,-999,80,3,2,140
22/05/2022 02:51:12,1,-999,80,3,2,140
22/05/2022 02:51:28,1,-999,80,3,2,140
22/05/2022 02:51:44,1,-999,80,3,2,140
22/05/2022 02:52:00,1,-999,80,3,2,120
22/05/2022 02:52:16,1,-999,80,3,2,120
22/05/2022 02:52:32,1,-999,80,3,2,120
22/05/2022 02:52:48,1,-999,80,3,2,130
22/05/2022 02:53:04,1,-999,80,3,2,130
22/05/2022 02:53:20,1,100,80,3,1,1840
22/05/2022 02:53:36,1,100,80,3,1,1840
22/05/2022 02:53:52,1,100,80,3,1,1850
22/05/2022 02:54:08,1,280,80,3,1,1850
22/05/2022 02:54:24,1,300,80,3,1,1850
22/05/2022 02:54:40,1,300,80,3,1,1850
22/05/2022 02:54:56,1,300,80,3,1,1850
22/05/2022 02:55:12,1,300,80,3,2,180
22/05/2022 02:55:28,1,300,80,3,2,180
22/05/2022 02:55:44,1,300,80,3,2,180
22/05/2022 02:56:00,1,300,80,3,2,180
22/05/2022 02:56:16,1,300,80,3,2,240
22/05/2022 02:56:32,1,300,80,3,2,240
22/05/2022 02:56:48,1,300,80,3,1,1860
22/05/2022 02:57:04,1,280,80,3,1,1860
22/05/2022 02:57:20,1,260,80,3,1,1860
22/05/2022 02:57:36,1,260,80,3,1,1850
22/05/2022 02:57:52,1,260,80,3,1,1850
22/05/2022 02:58:08,1,260,80,3,1,1840
22/05/2022 02:58:24,1,260,80,3,1,1840
22/05/2022 02:58:40,1,260,80,3,2,1830
22/05/2022 02:58:56,1,260,80,3,2,1830
22/05/2022 02:59:12,1,260,80,3,2,1830
22/05/2022 02:59:28,1,260,80,3,2,1830
22/05/2022 02:59:44,1,260,80,3,2,1830
22/05/2022 03:00:00,1,260,90,3,3,160
22/05/2022 03:00:16,1,260,90,3,3,160
22/05/2022 03:00:32,1,-999,90,3,3,150
22/05/2022 03:00:48,1,-999,90,3,3,150
22/05/2022 03:01:04,1,260,90,3,2,690
22/05/2022 03:01:20,1,250,90,3,2,690
22/05/2022 03:01:36,1,-999,90,3,3,90
22/05/2022 03:01:52,1,-999,90,3,3,90
22/05/2022 03:02:08,1,-999,90,3,3,90
22/05/2022 03:02:24,1,-999,90,3,2,90
22/05/2022 03:02:40,1,-999,90,3,2,90
22/05/2022 03:02:56,1,230,90,3,3,170
22/05/2022 03:03:12,1,230,90,3,3,170
22/05/2022 03:03:28,1,-999,90,3,2,150
22/05/2022 03:03:44,1,-999,90,3,2,150
22/05/2022 03:04:00,1,-999,90,3,1,130
22/05/2022 03:04:16,1,-999,90,3,1,130
22/05/2022 03:04:32,1,-999,90,3,1,130
22/05/2022 03:04:48,1,-999,90,3,1,130
22/05/2022 03:05:04,1,-999,90,3,1,130
22/05/2022 03:05:20,1,-999,90,3,1,100
22/05/2022 03:05:36,1,-999,90,3,1,100
22/05/2022 03:05:52,1,-999,90,3,1,70
22/05/2022 03:06:08,1,-999,90,3,1,70
22/05/2022 03:06:24,1,-999,90,3,1,70
22/05/2022 03:06:40,1,-999,90,3,1,70
22/05/2022 03:06:56,1,-999,90,3,1,70
22/05/2022 03:07:12,1,-999,90,3,1,60
22/05/2022 03:07:28,1,-999,90,3,1,60
22/05/2022 03:07:44,1,-999,90,3,1,70
22/05/2022 03:08:00,1,-999,90,3,1,70
22/05/2022 03:08:16,1,-999,90,3,1,70
22/05/2022 03:08:32,1,-999,90,3,1,70
22/05/2022 03:08:48,1,-999,90,3,1,70
22/05/2022 03:09:04,1,-999,90,3,1,70
22/05/2022 03:09:20,1,-999,90,3,1,70
22/05/2022 03:09:36,1,-999,90,3,1,60
22/05/2022 03:09:52,1,-999,90,3,1,60
22/05/2022 03:10:08,1,-999,90,3,1,60
22/05/2022 03:10:24,1,-999,90,3,1,60
22/05/2022 03:10:40,1,-999,90,3,1,60
22/05/2022 03:10:56,1,-999,90,3,1,60
22/05/2022 03:11:12,1,-999,90,3,1,60
22/05/2022 03:11:28,1,-999,90,3,1,60
22/05/2022 03:11:44,1,-999,90,3,1,60
22/05/2022 03:12:00,1,-999,90,3,1,50
22/05/2022 03:12:16,1,-999,90,3,1,50
22/05/2022 03:12:32,1,-999,90,3,1,60
22/05/2022 03:12:48,1,-999,90,3,1,60
22/05/2022 03:13:04,1,-999,90,3,1,50
22/05/2022 03:13:20,1,-999,90,3,1,50
22/05/2022 03:13:36,1,-999,90,3,1,50
22/05/2022 03:13:52,1,-999,90,3,1,50
22/05/2022 03:14:08,1,-999,90,3,1,50
22/05/2022 03:14:24,1,-999,90,3,1,60
22/05/2022 03:14:40,1,-999,90,3,1,60
22/05/2022 03:14:56,1,-999,90,3,1,50
22/05/2022 03:15:12,1,-999,90,3,1,50
22/05/2022 03:15:28,1,-999,90,3,1,50
22/05/2022 03:15:44,1,-999,90,3,1,50
22/05/2022 03:16:00,1,-999,90,3,1,50
22/05/2022 03:16:16,1,-999,90,3,1,50
22/05/2022 03:16:32,1,-999,90,3,1,50
22/05/2022 03:16:48,1,-999,90,3,1,50
22/05/2022 03:17:04,1,-999,90,3,1,50
22/05/2022 03:17:20,1,-999,90,3,1,60
22/05/2022 03:17:36,1,-999,90,3,1,60
22/05/2022 03:17:52,1,-999,90,3,1,60
22/05/2022 03:18:08,1,-999,90,3,1,60
22/05/2022 03:18:24,1,-999,90,3,1,60
22/05/2022 03:18:40,1,-999,90,3,1,60
22/05/2022 03:18:56,1,-999,90,3,1,60
22/05/2022 03:19:12,1,-999,90,3,1,60
22/05/2022 03:19:28,1,-999,90,3,1,60
22/05/2022 03:19:44,1,-999,90,3,1,60
22/05/2022 03:20:00,1,-999,90,3,1,60
22/05/2022 03:20:16,1,-999,90,3,1,60
22/05/2022 03:20:32,1,-999,90,3,1,60
22/05/2022 03:20:48,1,-999,90,3,1,70
22/05/2022 03:21:04,1,-999,90,3,1,70
22/05/2022 03:21:20,1,-999,90,3,1,70
22/05/2022 03:21:36,1,-999,90,3,1,60
22/05/2022 03:21:52,1,-999,90,3,1,60
22/05/2022 03:22:08,1,-999,90,3,1,70
22/05/2022 03:22:24,1,-999,90,3,1,70
22/05/2022 03:22:40,1,-999,90,3,1,70
22/05/2022 03:22:56,1,-999,90,3,1,70
22/05/2022 03:23:12,1,-999,90,3,1,70
22/05/2022 03:23:28,1,-999,90,3,1,70
22/05/2022 03:23:44,1,-999,90,3,1,70
22/05/2022 03:24:00,1,-999,90,3,1,70
22/05/2022 03:24:16,1,-999,90,3,1,70
22/05/2022 03:24:32,1,-999,90,3,1,90
22/05/2022 03:24:48,1,-999,90,3,1,90
22/05/2022 03:25:04,1,-999,90,3,1,90
22/05/2022 03:25:20,1,-999,90,3,1,90
22/05/2022 03:25:36,1,-999,90,3,2,110
22/05/2022 03:25:52,1,-999,90,3,2,110
22/05/2022 03:26:08,1,-999,90,3,2,110
22/05/2022 03:26:24,1,-999,90,3,2,140
22/05/2022 03:26:40,1,-999,90,3,2,140
22/05/2022 03:26:56,1,-999,90,3,2,130
22/05/2022 03:27:12,1,-999,90,3,2,130
22/05/2022 03:27:28,1,-999,90,3,1,160
22/05/2022 03:27:44,1,-999,90,3,1,160
22/05/2022 03:28:00,1,-999,90,3,1,70
22/05/2022 03:28:16,1,-999,90,3,1,70
22/05/2022 03:28:32,1,-999,90,3,1,70
22/05/2022 03:28:48,1,-999,90,3,1,80
22/05/2022 03:29:04,1,-999,90,3,1,80
22/05/2022 03:29:20,1,-999,90,3,1,50
22/05/2022 03:29:36,1,-999,90,3,1,50
22/05/2022 03:29:52,1,-999,90,3,2,50
22/05/2022 03:30:08,1,-999,90,3,2,50
22/05/2022 03:30:24,1,-999,90,3,2,50
22/05/2022 03:30:40,1,-999,90,3,2,50
22/05/2022 03:30:56,1,-999,90,3,2,50
22/05/2022 03:31:12,1,-999,90,3,2,40
22/05/2022 03:31:28,1,-999,90,3,2,40
22/05/2022 03:31:44,1,-999,90,3,2,50
22/05/2022 03:32:00,1,-999,90,3,2,50
22/05/2022 03:32:16,1,-999,90,3,1,40
22/05/2022 03:32:32,1,-999,90,3,1,40
22/05/2022 03:32:48,1,-999,90,3,1,40
22/05/2022 03:33:04,1,-999,90,3,1,40
22/05/2022 03:33:20,1,-999,90,3,1,40
22/05/2022 03:33:36,1,-999,90,3,1,40
22/05/2022 03:33:52,1,-999,90,3,1,40
22/05/2022 03:34:08,1,-999,90,3,1,50
22/05/2022 03:34:24,1,-999,90,3,1,50
22/05/2022 03:34:40,1,-999,90,3,1,40
22/05/2022 03:34:56,1,-999,90,3,1,40
22/05/2022 03:35:12,1,-999,90,3,1,50
22/05/2022 03:35:28,1,-999,90,3,1,50
22/05/2022 03:35:44,1,-999,90,3,1,50
22/05/2022 03:36:00,1,-999,90,3,1,40
22/05/2022 03:36:16,1,-999,90,3,1,40
22/05/2022 03:36:32,1,-999,90,3,1,40
22/05/2022 03:36:48,1,-999,90,3,1,40
22/05/2022 03:37:04,1,-999,90,3,1,40
22/05/2022 03:37:20,1,-999,90,3,1,40
22/05/2022 03:37:36,1,-999,90,3,1,50
22/05/2022 03:37:52,1,-999,90,3,1,50
22/05/2022 03:38:08,1,-999,90,3,1,50
22/05/2022 03:38:24,1,-999,90,3,2,40
22/05/2022 03:38:40,1,-999,90,3,2,40
22/05/2022 03:38:56,1,-999,90,3,2,40
22/05/2022 03:39:12,1,-999,90,3,2,40
22/05/2022 03:39:28,1,-999,90,3,2,50
22/05/2022 03:39:44,1,-999,90,3,2,50
22/05/2022 03:40:00,1,-999,90,3,2,50
22/05/2022 03:40:16,1,-999,90,3,2,50
22/05/2022 03:40:32,1,-999,90,3,2,50
22/05/2022 03:40:48,1,-999,90,3,2,40
22/05/2022 03:41:04,1,-999,90,3,2,40
22/05/2022 03:41:20,1,-999,90,3,1,40
22/05/2022 03:41:36,1,-999,90,3,1,40
22/05/2022 03:41:52,1,-999,90,3,2,40
22/05/2022 03:42:08,1,-999,90,3,2,40
22/05/2022 03:42:24,1,-999,90,3,1,50
22/05/2022 03:42:40,1,-999,90,3,1,50
22/05/2022 03:42:56,1,-999,90,3,1,50
22/05/2022 03:43:12,1,-999,90,3,2,40
22/05/2022 03:43:28,1,-999,90,3,2,40
22/05/2022 03:43:44,1,-999,90,3,2,50
22/05/2022 03:44:00,1,-999,90,3,2,50
22/05/2022 03:44:16,1,-999,90,3,2,50
22/05/2022 03:44:32,1,-999,90,3,2,50
22/05/2022 03:44:48,1,-999,90,3,2,50
22/05/2022 03:45:04,1,-999,90,3,2,50
22/05/2022 03:45:20,1,-999,90,3,2,50
22/05/2022 03:45:36,1,-999,90,3,1,50
22/05/2022 03:45:52,1,-999,90,3,1,50
22/05/2022 03:46:08,1,-999,90,3,2,50
22/05/2022 03:46:24,1,-999,90,3,2,50
22/05/2022 03:46:40,1,-999,90,3,2,60
22/05/2022 03:46:56,1,-999,90,3,2,60
22/05/2022 03:47:12,1,-999,90,3,2,70
22/05/2022 03:47:28,1,-999,90,3,2,70
22/05/2022 03:47:44,1,-999,90,3,2,70
22/05/2022 03:48:00,1,-999,90,3,2,110
22/05/2022 03:48:16,1,-999,90,3,2,110
22/05/2022 03:48:32,1,-999,90,3,1,100
22/05/2022 03:48:48,1,-999,90,3,1,100
22/05/2022 03:49:04,1,-999,90,3,2,110
22/05/2022 03:49:20,1,-999,90,3,2,110
22/05/2022 03:49:36,1,-999,90,3,1,200
22/05/2022 03:49:52,1,-999,90,3,1,200
22/05/2022 03:50:08,1,-999,90,3,1,200
22/05/2022 03:50:24,1,-999,90,3,1,110
22/05/2022 03:50:40,1,-999,90,3,1,110
22/05/2022 03:50:56,1,-999,90,3,2,100
22/05/2022 03:51:12,1,-999,90,3,2,100
22/05/2022 03:51:28,1,-999,90,3,2,120
22/05/2022 03:51:44,1,-999,90,3,2,120
22/05/2022 03:52:00,1,-999,90,3,2,110
22/05/2022 03:52:16,1,-999,90,3,2,110
22/05/2022 03:52:32,1,-999,90,3,2,110
22/05/2022 03:52:48,1,-999,90,3,2,50
22/05/2022 03:53:04,1,-999,90,3,2,50
22/05/2022 03:53:20,1,-999,90,3,2,40
22/05/2022 03:53:36,1,-999,90,3,2,40
22/05/2022 03:53:52,1,-999,90,3,2,40
22/05/2022 03:54:08,1,-999,90,3,2,40
22/05/2022 03:54:24,1,200,90,3,1,340
22/05/2022 03:54:40,1,200,90,3,1,340
22/05/2022 03:54:56,1,200,90,3,1,340
22/05/2022 03:55:12,1,-999,90,3,2,40
22/05/2022 03:55:28,1,-999,90,3,2,40
22/05/2022 03:55:44,1,-999,90,3,2,40
22/05/2022 03:56:00,1,-999,90,3,2,40
22/05/2022 03:56:16,1,-999,90,3,2,40
22/05/2022 03:56:32,1,-999,90,3,2,40
22/05/2022 03:56:48,1,-999,90,3,2,40
22/05/2022 03:57:04,1,-999,90,3,2,40
22/05/2022 03:57:20,1,-999,90,3,2,40
22/05/2022 03:57:36,1,-999,90,3,2,60
22/05/2022 03:57:52,1,-999,90,3,2,60
22/05/2022 03:58:08,1,-999,90,3,2,110
22/05/2022 03:58:24,1,-999,90,3,2,110
22/05/2022 03:58:40,1,-999,90,3,2,40
22/05/2022 03:58:56,1,-999,90,3,2,40
22/05/2022 03:59:12,1,-999,90,3,2,100
22/05/2022 03:59:28,1,-999,90,3,2,100
22/05/2022 03:59:44,1,-999,90,3,2,100
22/05/2022 04:00:00,-999,-999,-999,3,2,130
22/05/2022 04:00:16,-999,-999,-999,3,2,130
22/05/2022 04:00:32,-999,180,-999,3,1,340
22/05/2022 04:00:48,-999,180,-999,3,1,340
22/05/2022 04:01:04,-999,180,-999,3,1,340
22/05/2022 04:01:20,-999,420,-999,3,1,340
22/05/2022 04:01:36,-999,-999,-999,3,2,40
22/05/2022 04:01:52,-999,-999,-999,3,2,40
22/05/2022 04:02:08,-999,-999,-999,3,2,40
22/05/2022 04:02:24,-999,-999,-999,3,2,40
22/05/2022 04:02:40,-999,-999,-999,3,2,40
22/05/2022 04:02:56,-999,420,-999,3,1,350
22/05/2022 04:03:12,-999,420,-999,3,1,350
22/05/2022 04:03:28,-999,420,-999,3,1,350
22/05/2022 04:03:44,-999,420,-999,3,1,350
22/05/2022 04:04:00,-999,420,-999,3,1,350
22/05/2022 04:04:16,-999,420,-999,3,1,350
22/05/2022 04:04:32,-999,420,-999,3,1,350
22/05/2022 04:04:48,-999,60,-999,3,1,340
22/05/2022 04:05:04,-999,60,-999,3,1,340
22/05/2022 04:05:20,-999,60,-999,3,1,340
22/05/2022 04:05:36,-999,60,-999,3,1,340
22/05/2022 04:05:52,-999,60,-999,3,1,330
22/05/2022 04:06:08,-999,60,-999,3,1,330
22/05/2022 04:06:24,-999,60,-999,3,1,340
22/05/2022 04:06:40,-999,60,-999,3,1,340
22/05/2022 04:06:56,-999,60,-999,3,1,340
22/05/2022 04:07:12,-999,60,-999,3,1,340
22/05/2022 04:07:28,-999,60,-999,3,1,340
22/05/2022 04:07:44,-999,60,-999,3,1,340
22/05/2022 04:08:00,-999,60,-999,3,1,340
22/05/2022 04:08:16,-999,60,-999,3,1,340
22/05/2022 04:08:32,-999,60,-999,3,1,340
22/05/2022 04:08:48,-999,60,-999,3,1,340
22/05/2022 04:09:04,-999,60,-999,3,1,340
22/05/2022 04:09:20,-999,60,-999,3,1,340
22/05/2022 04:09:36,-999,60,-999,3,1,350
22/05/2022 04:09:52,-999,60,-999,3,1,350
22/05/2022 04:10:08,-999,60,-999,3,2,350
22/05/2022 04:10:24,-999,70,-999,3,2,350
22/05/2022 04:10:40,-999,70,-999,3,2,350
22/05/2022 04:10:56,-999,70,-999,3,2,350
22/05/2022 04:11:12,-999,70,-999,3,2,340
22/05/2022 04:11:28,-999,70,-999,3,2,340
22/05/2022 04:11:44,-999,70,-999,3,2,340
22/05/2022 04:12:00,-999,-999,-999,3,3,50
22/05/2022 04:12:16,-999,-999,-999,3,3,50
22/05/2022 04:12:32,-999,70,-999,3,2,340
22/05/2022 04:12:48,-999,70,-999,3,2,340
22/05/2022 04:13:04,-999,70,-999,3,2,260
22/05/2022 04:13:20,-999,70,-999,3,2,260
22/05/2022 04:13:36,-999,70,-999,3,1,200
22/05/2022 04:13:52,-999,70,-999,3,1,200
22/05/2022 04:14:08,-999,70,-999,3,1,200
22/05/2022 04:14:24,-999,70,-999,3,1,210
22/05/2022 04:14:40,-999,-999,-999,3,1,210
22/05/2022 04:14:56,-999,250,-999,3,1,230
22/05/2022 04:15:12,-999,250,-999,3,1,230
22/05/2022 04:15:28,-999,250,-999,3,1,200
22/05/2022 04:15:44,-999,250,-999,3,1,200
22/05/2022 04:16:00,-999,250,-999,3,1,200
22/05/2022 04:16:16,-999,250,-999,3,1,200
22/05/2022 04:16:32,-999,250,-999,3,1,200
22/05/2022 04:16:48,-999,250,-999,3,1,190
22/05/2022 04:17:04,-999,250,-999,3,1,190
22/05/2022 04:17:20,-999,250,-999,3,1,210
22/05/2022 04:17:36,-999,-999,-999,3,1,210
22/05/2022 04:17:52,-999,-999,-999,3,1,190
22/05/2022 04:18:08,-999,-999,-999,3,1,190
22/05/2022 04:18:24,-999,-999,-999,3,1,180
22/05/2022 04:18:40,-999,-999,-999,3,1,180
22/05/2022 04:18:56,-999,-999,-999,3,1,180
22/05/2022 04:19:12,-999,-999,-999,3,1,180
22/05/2022 04:19:28,-999,-999,-999,3,1,180
22/05/2022 04:19:44,-999,-999,-999,3,1,160
22/05/2022 04:20:00,-999,-999,-999,3,1,160
22/05/2022 04:20:16,-999,-999,-999,3,1,180
22/05/2022 04:20:32,-999,-999,-999,3,1,180
22/05/2022 04:20:48,-999,-999,-999,3,1,170
22/05/2022 04:21:04,-999,-999,-999,3,1,170
22/05/2022 04:21:20,-999,-999,-999,3,1,170
22/05/2022 04:21:36,-999,-999,-999,3,1,160
22/05/2022 04:21:52,-999,-999,-999,3,1,160
22/05/2022 04:22:08,-999,-999,-999,3,1,150
22/05/2022 04:22:24,-999,-999,-999,3,1,150
22/05/2022 04:22:40,-999,-999,-999,3,1,170
22/05/2022 04:22:56,-999,-999,-999,3,1,170
22/05/2022 04:23:12,-999,-999,-999,3,1,150
22/05/2022 04:23:28,-999,-999,-999,3,1,150
22/05/2022 04:23:44,-999,-999,-999,3,1,150
22/05/2022 04:24:00,-999,-999,-999,3,1,130
22/05/2022 04:24:16,-999,-999,-999,3,1,130
22/05/2022 04:24:32,-999,-999,-999,3,1,110
22/05/2022 04:24:48,-999,-999,-999,3,1,110
22/05/2022 04:25:04,-999,-999,-999,3,1,100
22/05/2022 04:25:20,-999,-999,-999,3,1,100
22/05/2022 04:25:36,-999,-999,-999,3,1,70
22/05/2022 04:25:52,-999,-999,-999,3,1,70
22/05/2022 04:26:08,-999,-999,-999,3,1,70
22/05/2022 04:26:24,-999,-999,-999,3,1,70
22/05/2022 04:26:40,-999,-999,-999,3,1,70
22/05/2022 04:26:56,-999,-999,-999,3,1,80
22/05/2022 04:27:12,-999,-999,-999,3,1,80
22/05/2022 04:27:28,-999,-999,-999,3,1,70
22/05/2022 04:27:44,-999,-999,-999,3,1,70
22/05/2022 04:28:00,-999,-999,-999,3,1,60
22/05/2022 04:28:16,-999,-999,-999,3,1,60
22/05/2022 04:28:32,-999,-999,-999,3,1,60
22/05/2022 04:28:48,-999,-999,-999,3,1,60
22/05/2022 04:29:04,-999,-999,-999,3,1,60
22/05/2022 04:29:20,-999,-999,-999,3,1,60
22/05/2022 04:29:36,-999,-999,-999,3,1,60
22/05/2022 04:29:52,-999,-999,-999,3,1,60
22/05/2022 04:30:08,-999,-999,-999,3,1,60
22/05/2022 04:30:24,-999,-999,-999,3,1,60
22/05/2022 04:30:40,-999,-999,-999,3,1,60
22/05/2022 04:30:56,-999,-999,-999,3,1,60
22/05/2022 04:31:12,-999,60,-999,3,1,190
22/05/2022 04:31:28,-999,60,-999,3,1,190
22/05/2022 04:31:44,-999,60,-999,3,1,180
22/05/2022 04:32:00,-999,-999,-999,3,1,180
22/05/2022 04:32:16,-999,-999,-999,3,1,170
22/05/2022 04:32:32,-999,-999,-999,3,1,170
22/05/2022 04:32:48,-999,-999,-999,3,1,180
22/05/2022 04:33:04,-999,-999,-999,3,1,180
22/05/2022 04:33:20,-999,-999,-999,3,1,180
22/05/2022 04:33:36,-999,-999,-999,3,1,180
22/05/2022 04:33:52,-999,-999,-999,3,1,180
22/05/2022 04:34:08,-999,-999,-999,3,1,180
22/05/2022 04:34:24,-999,-999,-999,3,1,180
22/05/2022 04:34:40,-999,-999,-999,3,1,180
22/05/2022 04:34:56,-999,-999,-999,3,1,180
22/05/2022 04:35:12,-999,-999,-999,3,1,180
22/05/2022 04:35:28,-999,-999,-999,3,1,180
22/05/2022 04:35:44,-999,-999,-999,3,1,180
22/05/2022 04:36:00,-999,-999,-999,3,1,170
22/05/2022 04:36:16,-999,-999,-999,3,1,170
22/05/2022 04:36:32,-999,-999,-999,3,1,180
22/05/2022 04:36:48,-999,-999,-999,3,1,180
22/05/2022 04:37:04,-999,-999,-999,3,1,150
22/05/2022 04:37:20,-999,-999,-999,3,1,150
22/05/2022 04:37:36,-999,-999,-999,3,1,230
22/05/2022 04:37:52,-999,-999,-999,3,1,230
22/05/2022 04:38:08,-999,-999,-999,3,1,230
22/05/2022 04:38:24,-999,-999,-999,3,1,210
22/05/2022 04:38:40,-999,-999,-999,3,1,210
22/05/2022 04:38:56,-999,-999,-999,3,1,170
22/05/2022 04:39:12,-999,-999,-999,3,1,170
22/05/2022 04:39:28,-999,-999,-999,3,1,300
22/05/2022 04:39:44,-999,-999,-999,3,1,300
22/05/2022 04:40:00,-999,-999,-999,3,1,310
22/05/2022 04:40:16,-999,-999,-999,3,1,310
22/05/2022 04:40:32,-999,190,-999,3,1,310
22/05/2022 04:40:48,-999,-999,-999,3,2,50
22/05/2022 04:41:04,-999,-999,-999,3,2,50
22/05/2022 04:41:20,-999,190,-999,3,1,310
22/05/2022 04:41:36,-999,190,-999,3,1,310
22/05/2022 04:41:52,-999,190,-999,3,1,310
22/05/2022 04:42:08,-999,190,-999,3,1,310
22/05/2022 04:42:24,-999,190,-999,3,1,310
22/05/2022 04:42:40,-999,190,-999,3,1,310
22/05/2022 04:42:56,-999,190,-999,3,1,310
22/05/2022 04:43:12,-999,190,-999,3,1,330
22/05/2022 04:43:28,-999,190,-999,3,1,330
22/05/2022 04:43:44,-999,190,-999,3,1,320
22/05/2022 04:44:00,-999,190,-999,3,1,320
22/05/2022 04:44:16,-999,190,-999,3,1,340
22/05/2022 04:44:32,-999,200,-999,3,1,340
22/05/2022 04:44:48,-999,190,-999,3,1,350
22/05/2022 04:45:04,-999,190,-999,3,1,350
22/05/2022 04:45:20,-999,180,-999,3,1,350
22/05/2022 04:45:36,-999,-999,-999,3,2,60
22/05/2022 04:45:52,-999,-999,-999,3,2,60
22/05/2022 04:46:08,-999,180,-999,3,1,370
22/05/2022 04:46:24,-999,180,-999,3,1,370
22/05/2022 04:46:40,-999,-999,-999,3,2,120
22/05/2022 04:46:56,-999,-999,-999,3,2,120
22/05/2022 04:47:12,-999,180,-999,3,1,360
22/05/2022 04:47:28,-999,180,-999,3,1,360
22/05/2022 04:47:44,-999,410,-999,3,1,360
22/05/2022 04:48:00,-999,410,-999,3,1,320
22/05/2022 04:48:16,-999,410,-999,3,1,320
22/05/2022 04:48:32,-999,410,-999,3,2,180
22/05/2022 04:48:48,-999,430,-999,3,2,180
22/05/2022 04:49:04,-999,430,-999,3,1,320
22/05/2022 04:49:20,-999,430,-999,3,1,320
22/05/2022 04:49:36,-999,190,-999,3,1,300
22/05/2022 04:49:52,-999,190,-999,3,1,300
22/05/2022 04:50:08,-999,190,-999,3,1,300
22/05/2022 04:50:24,-999,-999,-999,3,2,70
22/05/2022 04:50:40,-999,-999,-999,3,2,70
22/05/2022 04:50:56,-999,-999,-999,3,2,70
22/05/2022 04:51:12,-999,-999,-999,3,2,70
22/05/2022 04:51:28,-999,190,-999,3,1,190
22/05/2022 04:51:44,-999,190,-999,3,1,190
22/05/2022 04:52:00,-999,190,-999,3,2,160
22/05/2022 04:52:16,-999,190,-999,3,2,160
22/05/2022 04:52:32,-999,190,-999,3,2,160
22/05/2022 04:52:48,-999,-999,-999,3,1,210
22/05/2022 04:53:04,-999,-999,-999,3,1,210
22/05/2022 04:53:20,-999,-999,-999,3,1,150
22/05/2022 04:53:36,-999,-999,-999,3,1,150
22/05/2022 04:53:52,-999,-999,-999,3,1,170
22/05/2022 04:54:08,-999,-999,-999,3,1,170
22/05/2022 04:54:24,-999,-999,-999,3,1,240
22/05/2022 04:54:40,-999,-999,-999,3,1,240
22/05/2022 04:54:56,-999,-999,-999,3,1,240
22/05/2022 04:55:12,-999,-999,-999,3,1,220
22/05/2022 04:55:28,-999,-999,-999,3,1,220
22/05/2022 04:55:44,-999,-999,-999,3,2,210
22/05/2022 04:56:00,-999,-999,-999,3,2,210
22/05/2022 04:56:16,-999,-999,-999,3,2,220
22/05/2022 04:56:32,-999,-999,-999,3,2,220
22/05/2022 04:56:48,-999,-999,-999,3,2,120
22/05/2022 04:57:04,-999,-999,-999,3,2,120
22/05/2022 04:57:20,-999,-999,-999,3,2,120
22/05/2022 04:57:36,-999,-999,-999,3,1,120
22/05/2022 04:57:52,-999,-999,-999,3,1,120
22/05/2022 04:58:08,-999,-999,-999,3,1,110
22/05/2022 04:58:24,-999,-999,-999,3,1,110
22/05/2022 04:58:40,-999,-999,-999,3,1,90
22/05/2022 04:58:56,-999,-999,-999,3,1,90
22/05/2022 04:59:12,-999,-999,-999,3,1,90
22/05/2022 04:59:28,-999,-999,-999,3,1,90
22/05/2022 04:59:44,-999,-999,-999,3,1,90
22/05/2022 05:00:00,1,-999,180,3,1,80
22/05/2022 05:00:16,1,-999,180,3,1,80
22/05/2022 05:00:32,1,-999,180,3,1,80
22/05/2022 05:00:48,1,-999,180,3,1,80
22/05/2022 05:01:04,1,-999,180,3,1,60
22/05/2022 05:01:20,1,-999,180,3,1,60
22/05/2022 05:01:36,1,-999,180,3,1,80
22/05/2022 05:01:52,1,-999,180,3,1,80
22/05/2022 05:02:08,1,-999,180,3,1,80
22/05/2022 05:02:24,1,-999,180,3,1,90
22/05/2022 05:02:40,1,-999,180,3,1,90
22/05/2022 05:02:56,1,-999,180,3,1,80
22/05/2022 05:03:12,1,-999,180,3,1,80
22/05/2022 05:03:28,1,-999,180,3,1,90
22/05/2022 05:03:44,1,-999,180,3,1,90
22/05/2022 05:04:00,1,-999,180,3,1,100
22/05/2022 05:04:16,1,-999,180,3,1,100
22/05/2022 05:04:32,1,-999,180,3,1,100
22/05/2022 05:04:48,1,-999,180,3,1,90
22/05/2022 05:05:04,1,-999,180,3,1,90
22/05/2022 05:05:20,1,-999,180,3,1,90
22/05/2022 05:05:36,1,-999,180,3,1,90
22/05/2022 05:05:52,1,-999,180,3,1,120
22/05/2022 05:06:08,1,-999,180,3,1,120
22/05/2022 05:06:24,1,-999,180,3,1,120
22/05/2022 05:06:40,1,-999,180,3,1,120
22/05/2022 05:06:56,1,-999,180,3,1,120
22/05/2022 05:07:12,1,-999,180,3,1,110
22/05/2022 05:07:28,1,-999,180,3,1,110
22/05/2022 05:07:44,1,-999,180,3,1,120
22/05/2022 05:08:00,1,-999,180,3,1,120
22/05/2022 05:08:16,1,-999,180,3,1,150
22/05/2022 05:08:32,1,-999,180,3,1,150
22/05/2022 05:08:48,1,-999,180,3,1,190
22/05/2022 05:09:04,1,-999,180,3,1,190
22/05/2022 05:09:20,1,-999,180,3,1,190
22/05/2022 05:09:36,1,-999,180,3,1,200
22/05/2022 05:09:52,1,-999,180,3,1,200
22/05/2022 05:10:08,1,-999,180,3,1,160
22/05/2022 05:10:24,1,-999,180,3,1,160
22/05/2022 05:10:40,1,-999,180,3,1,120
22/05/2022 05:10:56,1,-999,180,3,1,120
22/05/2022 05:11:12,1,-999,180,3,1,110
22/05/2022 05:11:28,1,-999,180,3,1,110
22/05/2022 05:11:44,1,-999,180,3,1,110
22/05/2022 05:12:00,1,-999,180,3,1,90
22/05/2022 05:12:16,1,-999,180,3,1,90
22/05/2022 05:12:32,1,-999,180,3,1,90
22/05/2022 05:12:48,1,-999,180,3,1,90
22/05/2022 05:13:04,1,-999,180,3,1,100
22/05/2022 05:13:20,1,-999,180,3,1,100
22/05/2022 05:13:36,1,-999,180,3,1,170
22/05/2022 05:13:52,1,-999,180,3,1,170
22/05/2022 05:14:08,1,-999,180,3,1,170
22/05/2022 05:14:24,1,-999,180,3,1,170
22/05/2022 05:14:40,1,-999,180,3,1,170
22/05/2022 05:14:56,1,-999,180,3,1,180
22/05/2022 05:15:12,1,-999,180,3,1,180
22/05/2022 05:15:28,1,-999,180,3,1,210
22/05/2022 05:15:44,1,-999,180,3,1,210
22/05/2022 05:16:00,1,-999,180,3,1,190
22/05/2022 05:16:16,1,-999,180,3,1,190
22/05/2022 05:16:32,1,-999,180,3,1,190
22/05/2022 05:16:48,1,-999,180,3,1,180
22/05/2022 05:17:04,1,-999,180,3,1,180
22/05/2022 05:17:20,1,-999,180,3,1,170
22/05/2022 05:17:36,1,-999,180,3,1,170
22/05/2022 05:17:52,1,-999,180,3,1,170
22/05/2022 05:18:08,1,230,180,3,1,170
22/05/2022 05:18:24,1,230,180,3,1,160
22/05/2022 05:18:40,1,230,180,3,1,160
22/05/2022 05:18:56,1,230,180,3,1,160
22/05/2022 05:19:12,1,230,180,3,1,180
22/05/2022 05:19:28,1,-999,180,3,1,180
22/05/2022 05:19:44,1,-999,180,3,1,180
22/05/2022 05:20:00,1,-999,180,3,1,180
22/05/2022 05:20:16,1,-999,180,3,1,230
22/05/2022 05:20:32,1,-999,180,3,1,230
22/05/2022 05:20:48,1,-999,180,3,1,240
22/05/2022 05:21:04,1,-999,180,3,1,240
22/05/2022 05:21:20,1,-999,180,3,1,240
22/05/2022 05:21:36,1,-999,180,3,1,240
22/05/2022 05:21:52,1,-999,180,3,1,240
22/05/2022 05:22:08,1,-999,180,3,1,190
22/05/2022 05:22:24,1,-999,180,3,1,190
22/05/2022 05:22:40,1,-999,180,3,1,170
22/05/2022 05:22:56,1,-999,180,3,1,170
22/05/2022 05:23:12,1,-999,180,3,1,180
22/05/2022 05:23:28,1,-999,180,3,1,180
22/05/2022 05:23:44,1,-999,180,3,1,180
22/05/2022 05:24:00,1,-999,180,3,1,210
22/05/2022 05:24:16,1,-999,180,3,1,210
22/05/2022 05:24:32,1,-999,180,3,1,190
22/05/2022 05:24:48,1,-999,180,3,1,190
22/05/2022 05:25:04,1,-999,180,3,1,160
22/05/2022 05:25:20,1,-999,180,3,1,160
22/05/2022 05:25:36,1,-999,180,3,1,130
22/05/2022 05:25:52,1,-999,180,3,1,130
22/05/2022 05:26:08,1,-999,180,3,1,130
22/05/2022 05:26:24,1,-999,180,3,1,110
22/05/2022 05:26:40,1,-999,180,3,1,110
22/05/2022 05:26:56,1,-999,180,3,3,100
22/05/2022 05:27:12,1,-999,180,3,3,100
22/05/2022 05:27:28,1,-999,180,3,2,80
22/05/2022 05:27:44,1,-999,180,3,2,80
22/05/2022 05:28:00,1,-999,180,3,2,130
22/05/2022 05:28:16,1,-999,180,3,2,130
22/05/2022 05:28:32,1,-999,180,3,2,130
22/05/2022 05:28:48,1,-999,180,3,1,150
22/05/2022 05:29:04,1,-999,180,3,1,150
22/05/2022 05:29:20,1,-999,180,3,1,270
22/05/2022 05:29:36,1,-999,180,3,1,270
22/05/2022 05:29:52,1,-999,180,3,1,250
22/05/2022 05:30:08,1,-999,180,3,1,250
22/05/2022 05:30:24,1,-999,180,3,1,230
22/05/2022 05:30:40,1,-999,180,3,1,230
22/05/2022 05:30:56,1,-999,180,3,1,230
22/05/2022 05:31:12,1,-999,180,3,1,160
22/05/2022 05:31:28,1,-999,180,3,1,160
22/05/2022 05:31:44,1,-999,180,3,1,210
22/05/2022 05:32:00,1,-999,180,3,1,210
22/05/2022 05:32:16,1,-999,180,3,2,260
22/05/2022 05:32:32,1,-999,180,3,2,260
22/05/2022 05:32:48,1,-999,180,3,2,160
22/05/2022 05:33:04,1,-999,180,3,2,160
22/05/2022 05:33:20,1,-999,180,3,2,160
22/05/2022 05:33:36,1,-999,180,3,2,250
22/05/2022 05:33:52,1,-999,180,3,2,250
22/05/2022 05:34:08,1,-999,180,3,2,230
22/05/2022 05:34:24,1,-999,180,3,2,230
22/05/2022 05:34:40,1,-999,180,3,2,170
22/05/2022 05:34:56,1,-999,180,3,2,170
22/05/2022 05:35:12,1,-999,180,3,1,250
22/05/2022 05:35:28,1,-999,180,3,1,250
22/05/2022 05:35:44,1,-999,180,3,1,250
22/05/2022 05:36:00,1,-999,180,3,1,250
22/05/2022 05:36:16,1,-999,180,3,1,250
22/05/2022 05:36:32,1,-999,180,3,1,270
22/05/2022 05:36:48,1,-999,180,3,1,270
22/05/2022 05:37:04,1,-999,180,3,2,260
22/05/2022 05:37:20,1,-999,180,3,2,260
22/05/2022 05:37:36,1,-999,180,3,1,260
22/05/2022 05:37:52,1,-999,180,3,1,260
22/05/2022 05:38:08,1,-999,180,3,1,260
22/05/2022 05:38:24,1,-999,180,3,1,250
22/05/2022 05:38:40,1,-999,180,3,1,250
22/05/2022 05:38:56,1,-999,180,3,1,240
22/05/2022 05:39:12,1,-999,180,3,1,240
22/05/2022 05:39:28,1,-999,180,3,1,230
22/05/2022 05:39:44,1,-999,180,3,1,230
22/05/2022 05:40:00,1,-999,180,3,1,240
22/05/2022 05:40:16,1,-999,180,3,1,240
22/05/2022 05:40:32,1,-999,180,3,1,240
22/05/2022 05:40:48,1,-999,180,3,2,210
22/05/2022 05:41:04,1,-999,180,3,2,210
22/05/2022 05:41:20,1,-999,180,3,2,170
22/05/2022 05:41:36,1,-999,180,3,2,170
22/05/2022 05:41:52,1,-999,180,3,1,150
22/05/2022 05:42:08,1,-999,180,3,1,150
22/05/2022 05:42:24,1,-999,180,3,1,140
22/05/2022 05:42:40,1,-999,180,3,1,140
22/05/2022 05:42:56,1,-999,180,3,1,140
22/05/2022 05:43:12,1,-999,180,3,1,130
22/05/2022 05:43:28,1,-999,180,3,1,130
22/05/2022 05:43:44,1,-999,180,3,1,120
22/05/2022 05:44:00,1,-999,180,3,1,120
22/05/2022 05:44:16,1,-999,180,3,1,150
22/05/2022 05:44:32,1,-999,180,3,1,150
22/05/2022 05:44:48,1,-999,180,3,1,200
22/05/2022 05:45:04,1,-999,180,3,1,200
22/05/2022 05:45:20,1,-999,180,3,1,200
22/05/2022 05:45:36,1,-999,180,3,1,210
22/05/2022 05:45:52,1,-999,180,3,1,210
22/05/2022 05:46:08,1,-999,180,3,1,190
22/05/2022 05:46:24,1,-999,180,3,1,190
22/05/2022 05:46:40,1,-999,180,3,1,130
22/05/2022 05:46:56,1,-999,180,3,1,130
22/05/2022 05:47:12,1,-999,180,3,1,230
22/05/2022 05:47:28,1,-999,180,3,1,230
22/05/2022 05:47:44,1,-999,180,3,1,230
22/05/2022 05:48:00,1,-999,180,3,1,200
22/05/2022 05:48:16,1,-999,180,3,1,200
22/05/2022 05:48:32,1,-999,180,3,1,210
22/05/2022 05:48:48,1,-999,180,3,1,210
22/05/2022 05:49:04,1,-999,180,3,1,210
22/05/2022 05:49:20,1,-999,180,3,1,210
22/05/2022 05:49:36,1,-999,180,3,1,190
22/05/2022 05:49:52,1,-999,180,3,1,190
22/05/2022 05:50:08,1,-999,180,3,1,190
22/05/2022 05:50:24,1,-999,180,3,2,190
22/05/2022 05:50:40,1,-999,180,3,2,190
22/05/2022 05:50:56,1,-999,180,3,2,130
22/05/2022 05:51:12,1,-999,180,3,2,130
22/05/2022 05:51:28,1,-999,180,3,2,200
22/05/2022 05:51:44,1,-999,180,3,2,200
22/05/2022 05:52:00,1,-999,180,3,2,200
22/05/2022 05:52:16,1,-999,180,3,2,200
22/05/2022 05:52:32,1,-999,180,3,2,200
22/05/2022 05:52:48,1,-999,180,3,2,200
22/05/2022 05:53:04,1,-999,180,3,2,200
22/05/2022 05:53:20,1,-999,180,3,2,190
22/05/2022 05:53:36,1,-999,180,3,2,190
22/05/2022 05:53:52,1,-999,180,3,2,200
22/05/2022 05:54:08,1,-999,180,3,2,200
22/05/2022 05:54:24,1,-999,180,3,2,200
22/05/2022 05:54:40,1,-999,180,3,2,200
22/05/2022 05:54:56,1,-999,180,3,2,200
22/05/2022 05:55:12,1,-999,180,3,2,200
22/05/2022 05:55:28,1,-999,180,3,2,200
22/05/2022 05:55:44,1,-999,180,3,2,200
22/05/2022 05:56:00,1,250,180,3,2,200
22/05/2022 05:56:16,1,250,180,3,1,210
22/05/2022 05:56:32,1,250,180,3,1,210
22/05/2022 05:56:48,1,250,180,3,1,190
22/05/2022 05:57:04,1,250,180,3,1,190
22/05/2022 05:57:20,1,250,180,3,1,190
22/05/2022 05:57:36,1,250,180,3,2,200
22/05/2022 05:57:52,1,-999,180,3,2,200
22/05/2022 05:58:08,1,-999,180,3,2,210
22/05/2022 05:58:24,1,-999,180,3,2,210
22/05/2022 05:58:40,1,-999,180,3,1,210
22/05/2022 05:58:56,1,-999,180,3,1,210
22/05/2022 05:59:12,1,-999,180,3,1,210
22/05/2022 05:59:28,1,-999,180,3,1,210
22/05/2022 05:59:44,1,-999,180,3,1,210
22/05/2022 06:00:00,-999,-999,-999,3,1,180
22/05/2022 06:00:16,-999,-999,-999,3,1,180
22/05/2022 06:00:32,-999,-999,-999,3,1,200
22/05/2022 06:00:48,-999,-999,-999,3,1,200
22/05/2022 06:01:04,-999,-999,-999,3,1,190
22/05/2022 06:01:20,-999,-999,-999,3,1,190
22/05/2022 06:01:36,-999,-999,-999,3,1,190
22/05/2022 06:01:52,-999,-999,-999,3,1,190
22/05/2022 06:02:08,-999,-999,-999,3,1,190
22/05/2022 06:02:24,-999,-999,-999,3,1,200
22/05/2022 06:02:40,-999,-999,-999,3,1,200
22/05/2022 06:02:56,-999,-999,-999,3,1,210
22/05/2022 06:03:12,-999,-999,-999,3,1,210
22/05/2022 06:03:28,-999,-999,-999,3,1,230
22/05/2022 06:03:44,-999,-999,-999,3,1,230
22/05/2022 06:04:00,-999,-999,-999,3,1,220
22/05/2022 06:04:16,-999,-999,-999,3,1,220
22/05/2022 06:04:32,-999,-999,-999,3,1,220
22/05/2022 06:04:48,-999,-999,-999,3,1,230
22/05/2022 06:05:04,-999,-999,-999,3,1,230
22/05/2022 06:05:20,-999,-999,-999,3,1,210
22/05/2022 06:05:36,-999,-999,-999,3,1,210
22/05/2022 06:05:52,-999,-999,-999,3,1,220
22/05/2022 06:06:08,-999,-999,-999,3,1,220
22/05/2022 06:06:24,-999,-999,-999,3,1,230
22/05/2022 06:06:40,-999,-999,-999,3,1,230
22/05/2022 06:06:56,-999,-999,-999,3,1,230
22/05/2022 06:07:12,-999,-999,-999,3,1,230
22/05/2022 06:07:28,-999,-999,-999,3,1,230
22/05/2022 06:07:44,-999,-999,-999,3,1,230
22/05/2022 06:08:00,-999,-999,-999,3,1,230
22/05/2022 06:08:16,-999,-999,-999,3,1,240
22/05/2022 06:08:32,-999,-999,-999,3,1,240
22/05/2022 06:08:48,-999,-999,-999,3,1,240
22/05/2022 06:09:04,-999,-999,-999,3,1,240
22/05/2022 06:09:20,-999,-999,-999,3,1,240
22/05/2022 06:09:36,-999,-999,-999,3,1,220
22/05/2022 06:09:52,-999,-999,-999,3,1,220
22/05/2022 06:10:08,-999,-999,-999,3,1,240
22/05/2022 06:10:24,-999,-999,-999,3,1,240
22/05/2022 06:10:40,-999,-999,-999,3,1,250
22/05/2022 06:10:56,-999,-999,-999,3,1,250
22/05/2022 06:11:12,-999,-999,-999,3,1,240
22/05/2022 06:11:28,-999,-999,-999,3,1,240
22/05/2022 06:11:44,-999,-999,-999,3,1,240
22/05/2022 06:12:00,-999,-999,-999,3,2,230
22/05/2022 06:12:16,-999,-999,-999,3,2,230
22/05/2022 06:12:32,-999,-999,-999,3,2,240
22/05/2022 06:12:48,-999,-999,-999,3,2,240
22/05/2022 06:13:04,-999,-999,-999,3,2,230
22/05/2022 06:13:20,-999,-999,-999,3,2,230
22/05/2022 06:13:36,-999,-999,-999,3,2,230
22/05/2022 06:13:52,-999,-999,-999,3,2,230
22/05/2022 06:14:08,-999,-999,-999,3,2,230
22/05/2022 06:14:24,-999,-999,-999,3,1,3000
22/05/2022 06:14:40,-999,-999,-999,3,1,3000
22/05/2022 06:14:56,-999,-999,-999,3,1,2990
22/05/2022 06:15:12,-999,-999,-999,3,1,2990
22/05/2022 06:15:28,-999,-999,-999,3,1,2980
22/05/2022 06:15:44,-999,-999,-999,3,1,2980
22/05/2022 06:16:00,-999,-999,-999,3,2,190
22/05/2022 06:16:16,-999,-999,-999,3,2,190
22/05/2022 06:16:32,-999,-999,-999,3,2,190
22/05/2022 06:16:48,-999,-999,-999,3,1,2890
22/05/2022 06:17:04,-999,-999,-999,3,1,2890
22/05/2022 06:17:20,-999,-999,-999,3,1,2870
22/05/2022 06:17:36,-999,300,-999,3,1,2870
22/05/2022 06:17:52,-999,300,-999,3,2,240
22/05/2022 06:18:08,-999,300,-999,3,2,240
22/05/2022 06:18:24,-999,-999,-999,3,2,220
22/05/2022 06:18:40,-999,-999,-999,3,2,220
22/05/2022 06:18:56,-999,-999,-999,3,2,220
22/05/2022 06:19:12,-999,-999,-999,3,1,210
22/05/2022 06:19:28,-999,-999,-999,3,1,210
22/05/2022 06:19:44,-999,-999,-999,3,2,210
22/05/2022 06:20:00,-999,-999,-999,3,2,210
22/05/2022 06:20:16,-999,-999,-999,3,2,200
22/05/2022 06:20:32,-999,-999,-999,3,2,200
22/05/2022 06:20:48,-999,-999,-999,3,1,190
22/05/2022 06:21:04,-999,-999,-999,3,1,190
22/05/2022 06:21:20,-999,-999,-999,3,1,190
22/05/2022 06:21:36,-999,-999,-999,3,2,190
22/05/2022 06:21:52,-999,-999,-999,3,2,190
22/05/2022 06:22:08,-999,-999,-999,3,2,190
22/05/2022 06:22:24,-999,-999,-999,3,2,190
22/05/2022 06:22:40,-999,-999,-999,3,2,190
22/05/2022 06:22:56,-999,-999,-999,3,2,190
22/05/2022 06:23:12,-999,-999,-999,3,2,200
22/05/2022 06:23:28,-999,-999,-999,3,2,200
22/05/2022 06:23:44,-999,-999,-999,3,2,200
22/05/2022 06:24:00,-999,-999,-999,3,2,200
22/05/2022 06:24:16,-999,-999,-999,3,2,200
22/05/2022 06:24:32,-999,-999,-999,3,2,180
22/05/2022 06:24:48,-999,-999,-999,3,2,180
22/05/2022 06:25:04,-999,-999,-999,3,2,160
22/05/2022 06:25:20,-999,-999,-999,3,2,160
22/05/2022 06:25:36,-999,-999,-999,3,2,210
22/05/2022 06:25:52,-999,-999,-999,3,2,210
22/05/2022 06:26:08,-999,-999,-999,3,2,210
22/05/2022 06:26:24,-999,-999,-999,3,2,190
22/05/2022 06:26:40,-999,-999,-999,3,2,190
22/05/2022 06:26:56,-999,-999,-999,3,2,170
22/05/2022 06:27:12,-999,-999,-999,3,2,170
22/05/2022 06:27:28,-999,-999,-999,3,2,170
22/05/2022 06:27:44,-999,-999,-999,3,2,170
22/05/2022 06:28:00,-999,-999,-999,3,2,160
22/05/2022 06:28:16,-999,-999,-999,3,2,160
22/05/2022 06:28:32,-999,-999,-999,3,2,160
22/05/2022 06:28:48,-999,-999,-999,3,1,2800
22/05/2022 06:29:04,-999,-999,-999,3,1,2800
22/05/2022 06:29:20,-999,-999,-999,3,3,180
22/05/2022 06:29:36,-999,-999,-999,3,3,180
22/05/2022 06:29:52,-999,-999,-999,3,2,170
22/05/2022 06:30:08,-999,-999,-999,3,2,170
22/05/2022 06:30:24,-999,-999,-999,3,2,160
22/05/2022 06:30:40,-999,-999,-999,3,2,160
22/05/2022 06:30:56,-999,-999,-999,3,2,160
22/05/2022 06:31:12,-999,-999,-999,3,2,170
22/05/2022 06:31:28,-999,-999,-999,3,2,170
22/05/2022 06:31:44,-999,-999,-999,3,2,160
22/05/2022 06:32:00,-999,-999,-999,3,2,160
22/05/2022 06:32:16,-999,-999,-999,3,2,150
22/05/2022 06:32:32,-999,-999,-999,3,2,150
22/05/2022 06:32:48,-999,-999,-999,3,2,140
22/05/2022 06:33:04,-999,-999,-999,3,2,140
22/05/2022 06:33:20,-999,-999,-999,3,2,140
22/05/2022 06:33:36,-999,-999,-999,3,1,2800
22/05/2022 06:33:52,-999,-999,-999,3,1,2800
22/05/2022 06:34:08,-999,-999,-999,3,1,2850
22/05/2022 06:34:24,-999,-999,-999,3,1,2850
22/05/2022 06:34:40,-999,-999,-999,3,1,2820
22/05/2022 06:34:56,-999,180,-999,3,1,2820
22/05/2022 06:35:12,-999,180,-999,3,1,2800
22/05/2022 06:35:28,-999,180,-999,3,1,2800
22/05/2022 06:35:44,-999,180,-999,3,1,2800
22/05/2022 06:36:00,-999,180,-999,3,1,2790
22/05/2022 06:36:16,-999,180,-999,3,1,2790
22/05/2022 06:36:32,-999,180,-999,3,1,2780
22/05/2022 06:36:48,-999,180,-999,3,1,2780
22/05/2022 06:37:04,-999,180,-999,3,1,2720
22/05/2022 06:37:20,-999,180,-999,3,1,2720
22/05/2022 06:37:36,-999,180,-999,3,1,2710
22/05/2022 06:37:52,-999,180,-999,3,1,2710
22/05/2022 06:38:08,-999,180,-999,3,1,2710
22/05/2022 06:38:24,-999,180,-999,3,1,2710
22/05/2022 06:38:40,-999,180,-999,3,1,2710
22/05/2022 06:38:56,-999,190,-999,3,1,2750
22/05/2022 06:39:12,-999,190,-999,3,1,2750
22/05/2022 06:39:28,-999,220,-999,3,1,2760
22/05/2022 06:39:44,-999,230,-999,3,1,2760
22/05/2022 06:40:00,-999,230,-999,3,1,2740
22/05/2022 06:40:16,-999,230,-999,3,1,2740
22/05/2022 06:40:32,-999,230,-999,3,1,2740
22/05/2022 06:40:48,-999,230,-999,3,1,2780
22/05/2022 06:41:04,-999,230,-999,3,1,2780
22/05/2022 06:41:20,-999,230,-999,3,1,2800
22/05/2022 06:41:36,-999,230,-999,3,1,2800
22/05/2022 06:41:52,-999,230,-999,3,1,2810
22/05/2022 06:42:08,-999,230,-999,3,1,2810
22/05/2022 06:42:24,-999,230,-999,3,2,240
22/05/2022 06:42:40,-999,230,-999,3,2,240
22/05/2022 06:42:56,-999,230,-999,3,2,240
22/05/2022 06:43:12,-999,230,-999,3,3,210
22/05/2022 06:43:28,-999,240,-999,3,3,210
22/05/2022 06:43:44,-999,240,-999,3,1,200
22/05/2022 06:44:00,-999,-999,-999,3,1,200
22/05/2022 06:44:16,-999,-999,-999,3,1,200
22/05/2022 06:44:32,-999,-999,-999,3,1,200
22/05/2022 06:44:48,-999,-999,-999,3,1,200
22/05/2022 06:45:04,-999,-999,-999,3,1,200
22/05/2022 06:45:20,-999,-999,-999,3,1,200
22/05/2022 06:45:36,-999,-999,-999,3,1,170
22/05/2022 06:45:52,-999,-999,-999,3,1,170
22/05/2022 06:46:08,-999,-999,-999,3,1,180
22/05/2022 06:46:24,-999,-999,-999,3,1,180
22/05/2022 06:46:40,-999,-999,-999,3,1,170
22/05/2022 06:46:56,-999,-999,-999,3,1,170
22/05/2022 06:47:12,-999,-999,-999,3,1,170
22/05/2022 06:47:28,-999,-999,-999,3,1,170
22/05/2022 06:47:44,-999,-999,-999,3,1,170
22/05/2022 06:48:00,-999,-999,-999,3,1,160
22/05/2022 06:48:16,-999,-999,-999,3,1,160
22/05/2022 06:48:32,-999,-999,-999,3,1,180
22/05/2022 06:48:48,-999,-999,-999,3,1,180
22/05/2022 06:49:04,-999,-999,-999,3,1,170
22/05/2022 06:49:20,-999,-999,-999,3,1,170
22/05/2022 06:49:36,-999,-999,-999,3,1,160
22/05/2022 06:49:52,-999,-999,-999,3,1,160
22/05/2022 06:50:08,-999,-999,-999,3,1,160
22/05/2022 06:50:24,-999,-999,-999,3,1,150
22/05/2022 06:50:40,-999,-999,-999,3,1,150
22/05/2022 06:50:56,-999,-999,-999,3,2,180
22/05/2022 06:51:12,-999,-999,-999,3,2,180
22/05/2022 06:51:28,-999,-999,-999,3,1,180
22/05/2022 06:51:44,-999,-999,-999,3,1,180
22/05/2022 06:52:00,-999,-999,-999,3,1,150
22/05/2022 06:52:16,-999,-999,-999,3,1,150
22/05/2022 06:52:32,-999,-999,-999,3,1,150
22/05/2022 06:52:48,-999,-999,-999,3,1,150
22/05/2022 06:53:04,-999,-999,-999,3,1,150
22/05/2022 06:53:20,-999,-999,-999,3,2,140
22/05/2022 06:53:36,-999,-999,-999,3,2,140
22/05/2022 06:53:52,-999,-999,-999,3,2,170
22/05/2022 06:54:08,-999,-999,-999,3,2,170
22/05/2022 06:54:24,-999,-999,-999,3,2,170
22/05/2022 06:54:40,-999,-999,-999,3,2,170
22/05/2022 06:54:56,-999,-999,-999,3,2,170
22/05/2022 06:55:12,-999,-999,-999,3,2,150
22/05/2022 06:55:28,-999,-999,-999,3,2,150
22/05/2022 06:55:44,-999,-999,-999,3,1,2640
22/05/2022 06:56:00,-999,-999,-999,3,1,2640
22/05/2022 06:56:16,-999,-999,-999,3,2,210
22/05/2022 06:56:32,-999,-999,-999,3,2,210
22/05/2022 06:56:48,-999,-999,-999,3,2,210
22/05/2022 06:57:04,-999,-999,-999,3,2,210
22/05/2022 06:57:20,-999,-999,-999,3,2,210
22/05/2022 06:57:36,-999,-999,-999,3,2,190
22/05/2022 06:57:52,-999,-999,-999,3,2,190
22/05/2022 06:58:08,-999,-999,-999,3,2,220
22/05/2022 06:58:24,-999,-999,-999,3,2,220
22/05/2022 06:58:40,-999,-999,-999,3,2,200
22/05/2022 06:58:56,-999,-999,-999,3,2,200
22/05/2022 06:59:12,-999,-999,-999,3,2,180
22/05/2022 06:59:28,-999,-999,-999,3,2,180
22/05/2022 06:59:44,-999,-999,-999,3,2,180
22/05/2022 07:00:00,2,-999,230,3,2,190
22/05/2022 07:00:16,2,-999,230,3,2,190
22/05/2022 07:00:32,2,-999,230,3,2,200
22/05/2022 07:00:48,2,-999,230,3,2,200
22/05/2022 07:01:04,2,-999,230,3,2,180
22/05/2022 07:01:20,2,-999,230,3,2,180
22/05/2022 07:01:36,2,-999,230,3,3,150
22/05/2022 07:01:52,2,-999,230,3,3,150
22/05/2022 07:02:08,2,-999,230,3,3,150
22/05/2022 07:02:24,2,-999,230,3,1,2500
22/05/2022 07:02:40,2,-999,230,3,1,2500
22/05/2022 07:02:56,2,-999,230,3,2,180
22/05/2022 07:03:12,2,-999,230,3,2,180
22/05/2022 07:03:28,2,-999,230,3,1,2570
22/05/2022 07:03:44,2,-999,230,3,1,2570
22/05/2022 07:04:00,2,-999,230,3,1,2540
22/05/2022 07:04:16,2,-999,230,3,1,2540
22/05/2022 07:04:32,2,840,230,3,1,2540
22/05/2022 07:04:48,2,200,230,3,1,2360
22/05/2022 07:05:04,2,200,230,3,1,2360
22/05/2022 07:05:20,2,200,230,3,1,2300
22/05/2022 07:05:36,2,190,230,3,1,2300
22/05/2022 07:05:52,2,190,230,3,1,2270
22/05/2022 07:06:08,2,190,230,3,1,2270
22/05/2022 07:06:24,2,190,230,3,2,740
22/05/2022 07:06:40,2,190,230,3,2,740
22/05/2022 07:06:56,2,180,230,3,2,740
22/05/2022 07:07:12,2,180,230,3,2,720
22/05/2022 07:07:28,2,180,230,3,2,720
22/05/2022 07:07:44,2,170,230,3,2,730
22/05/2022 07:08:00,2,170,230,3,2,730
22/05/2022 07:08:16,2,150,230,3,1,2410
22/05/2022 07:08:32,2,150,230,3,1,2410
22/05/2022 07:08:48,2,150,230,3,1,2290
22/05/2022 07:09:04,2,150,230,3,1,2290
22/05/2022 07:09:20,2,150,230,3,1,2290
22/05/2022 07:09:36,2,150,230,3,1,2280
22/05/2022 07:09:52,2,150,230,3,1,2280
22/05/2022 07:10:08,2,150,230,3,1,2390
22/05/2022 07:10:24,2,150,230,3,1,2390
22/05/2022 07:10:40,2,150,230,3,1,2150
22/05/2022 07:10:56,2,150,230,3,1,2150
22/05/2022 07:11:12,2,150,230,3,1,2160
22/05/2022 07:11:28,2,160,230,3,1,2160
22/05/2022 07:11:44,2,160,230,3,1,2160
22/05/2022 07:12:00,2,160,230,3,1,2270
22/05/2022 07:12:16,2,160,230,3,1,2270
22/05/2022 07:12:32,2,180,230,3,1,2270
22/05/2022 07:12:48,2,210,230,3,1,2270
22/05/2022 07:13:04,2,210,230,3,1,2190
22/05/2022 07:13:20,2,210,230,3,1,2190
22/05/2022 07:13:36,2,210,230,3,1,2190
22/05/2022 07:13:52,2,210,230,3,1,2190
22/05/2022 07:14:08,2,210,230,3,1,2190
22/05/2022 07:14:24,2,210,230,3,1,2320
22/05/2022 07:14:40,2,210,230,3,1,2320
22/05/2022 07:14:56,2,210,230,3,1,2300
22/05/2022 07:15:12,2,210,230,3,1,2300
22/05/2022 07:15:28,2,200,230,3,1,2270
22/05/2022 07:15:44,2,200,230,3,1,2270
22/05/2022 07:16:00,2,200,230,3,1,2290
22/05/2022 07:16:16,2,200,230,3,1,2290
22/05/2022 07:16:32,2,200,230,3,1,2290
22/05/2022 07:16:48,2,200,230,3,1,2190
22/05/2022 07:17:04,2,200,230,3,1,2190
22/05/2022 07:17:20,2,200,230,3,1,2200
22/05/2022 07:17:36,2,200,230,3,1,2200
22/05/2022 07:17:52,2,200,230,3,1,2320
22/05/2022 07:18:08,2,200,230,3,1,2320
22/05/2022 07:18:24,2,210,230,3,1,2300
22/05/2022 07:18:40,2,210,230,3,1,2300
22/05/2022 07:18:56,2,210,230,3,1,2300
22/05/2022 07:19:12,2,210,230,3,1,2290
22/05/2022 07:19:28,2,210,230,3,1,2290
22/05/2022 07:19:44,2,210,230,3,1,2280
22/05/2022 07:20:00,2,210,230,3,1,2280
22/05/2022 07:20:16,2,210,230,3,2,2130
22/05/2022 07:20:32,2,210,230,3,2,2130
22/05/2022 07:20:48,2,150,230,3,2,2120
22/05/2022 07:21:04,2,150,230,3,2,2120
22/05/2022 07:21:20,2,150,230,3,2,2120
22/05/2022 07:21:36,2,140,230,3,1,2320
22/05/2022 07:21:52,2,140,230,3,1,2320
22/05/2022 07:22:08,2,140,230,3,1,2280
22/05/2022 07:22:24,2,140,230,3,1,2280
22/05/2022 07:22:40,2,140,230,3,1,2270
22/05/2022 07:22:56,2,140,230,3,1,2270
22/05/2022 07:23:12,2,140,230,3,1,2300
22/05/2022 07:23:28,2,140,230,3,1,2300
22/05/2022 07:23:44,2,140,230,3,1,2300
22/05/2022 07:24:00,2,130,230,3,1,2250
22/05/2022 07:24:16,2,130,230,3,1,2250
22/05/2022 07:24:32,2,130,230,3,1,2210
22/05/2022 07:24:48,2,130,230,3,1,2210
22/05/2022 07:25:04,2,130,230,3,1,2240
22/05/2022 07:25:20,2,120,230,3,1,2240
22/05/2022 07:25:36,2,120,230,3,1,2310
22/05/2022 07:25:52,2,120,230,3,1,2310
22/05/2022 07:26:08,2,120,230,3,1,2310
22/05/2022 07:26:24,2,120,230,3,1,2290
22/05/2022 07:26:40,2,120,230,3,1,2290
22/05/2022 07:26:56,2,120,230,3,1,2280
22/05/2022 07:27:12,2,120,230,3,1,2280
22/05/2022 07:27:28,2,120,230,3,1,2260
22/05/2022 07:27:44,2,110,230,3,1,2260
22/05/2022 07:28:00,2,110,230,3,1,2260
22/05/2022 07:28:16,2,110,230,3,1,2260
22/05/2022 07:28:32,2,110,230,3,1,2260
22/05/2022 07:28:48,2,110,230,3,1,2260
22/05/2022 07:29:04,2,110,230,3,1,2260
22/05/2022 07:29:20,2,100,230,3,1,2330
22/05/2022 07:29:36,2,100,230,3,1,2330
22/05/2022 07:29:52,2,100,230,3,1,2270
22/05/2022 07:30:08,2,100,230,3,1,2270
22/05/2022 07:30:24,2,800,230,3,1,2330
22/05/2022 07:30:40,2,800,230,3,1,2330
22/05/2022 07:30:56,2,260,230,3,1,2330
22/05/2022 07:31:12,2,260,230,3,1,2330
22/05/2022 07:31:28,2,260,230,3,1,2330
22/05/2022 07:31:44,2,260,230,3,1,2370
22/05/2022 07:32:00,2,260,230,3,1,2370
22/05/2022 07:32:16,2,260,230,3,1,2260
22/05/2022 07:32:32,2,260,230,3,1,2260
22/05/2022 07:32:48,2,260,230,3,1,2200
22/05/2022 07:33:04,2,260,230,3,1,2200
22/05/2022 07:33:20,2,260,230,3,1,2200
22/05/2022 07:33:36,2,260,230,3,1,2190
22/05/2022 07:33:52,2,260,230,3,1,2190
22/05/2022 07:34:08,2,260,230,3,1,2160
22/05/2022 07:34:24,2,260,230,3,1,2160
22/05/2022 07:34:40,2,260,230,3,1,2150
22/05/2022 07:34:56,2,260,230,3,1,2150
22/05/2022 07:35:12,2,260,230,3,1,2210
22/05/2022 07:35:28,2,260,230,3,1,2210
22/05/2022 07:35:44,2,250,230,3,1,2210
22/05/2022 07:36:00,2,250,230,3,1,2160
22/05/2022 07:36:16,2,250,230,3,1,2160
22/05/2022 07:36:32,2,250,230,3,2,2160
22/05/2022 07:36:48,2,250,230,3,2,2160
22/05/2022 07:37:04,2,250,230,3,1,2440
22/05/2022 07:37:20,2,250,230,3,1,2440
22/05/2022 07:37:36,2,250,230,3,1,2400
22/05/2022 07:37:52,2,250,230,3,1,2400
22/05/2022 07:38:08,2,250,230,3,1,2400
22/05/2022 07:38:24,2,250,230,3,1,2270
22/05/2022 07:38:40,2,250,230,3,1,2270
22/05/2022 07:38:56,2,250,230,3,1,2200
22/05/2022 07:39:12,2,250,230,3,1,2200
22/05/2022 07:39:28,2,250,230,3,1,2160
22/05/2022 07:39:44,2,250,230,3,1,2160
22/05/2022 07:40:00,2,-999,230,3,2,2280
22/05/2022 07:40:16,2,-999,230,3,2,2280
22/05/2022 07:40:32,2,-999,230,3,2,2280
22/05/2022 07:40:48,2,250,230,3,2,2080
22/05/2022 07:41:04,2,240,230,3,2,2080
22/05/2022 07:41:20,2,240,230,3,2,2170
22/05/2022 07:41:36,2,240,230,3,2,2170
22/05/2022 07:41:52,2,-999,230,3,1,2390
22/05/2022 07:42:08,2,-999,230,3,1,2390
22/05/2022 07:42:24,2,-999,230,3,2,2370
22/05/2022 07:42:40,2,-999,230,3,2,2370
22/05/2022 07:42:56,2,-999,230,3,2,2370
22/05/2022 07:43:12,2,-999,230,3,2,2280
22/05/2022 07:43:28,2,-999,230,3,2,2280
22/05/2022 07:43:44,2,-999,230,3,1,2320
22/05/2022 07:44:00,2,-999,230,3,1,2320
22/05/2022 07:44:16,2,-999,230,3,2,2120
22/05/2022 07:44:32,2,-999,230,3,2,2120
22/05/2022 07:44:48,2,-999,230,3,2,2400
22/05/2022 07:45:04,2,-999,230,3,2,2400
22/05/2022 07:45:20,2,-999,230,3,2,2400
22/05/2022 07:45:36,2,-999,230,3,1,2250
22/05/2022 07:45:52,2,-999,230,3,1,2250
22/05/2022 07:46:08,2,-999,230,3,2,2140
22/05/2022 07:46:24,2,-999,230,3,2,2140
22/05/2022 07:46:40,2,1260,230,3,2,1720
22/05/2022 07:46:56,2,1260,230,3,2,1720
22/05/2022 07:47:12,2,1260,230,3,2,1710
22/05/2022 07:47:28,2,1210,230,3,2,1710
22/05/2022 07:47:44,2,830,230,3,2,1710
22/05/2022 07:48:00,2,830,230,3,1,1700
22/05/2022 07:48:16,2,830,230,3,1,1700
22/05/2022 07:48:32,2,830,230,3,2,1670
22/05/2022 07:48:48,2,830,230,3,2,1670
22/05/2022 07:49:04,2,1860,230,3,1,1680
22/05/2022 07:49:20,2,1860,230,3,1,1680
22/05/2022 07:49:36,2,1860,230,3,2,1750
22/05/2022 07:49:52,2,-999,230,3,2,1750
22/05/2022 07:50:08,2,-999,230,3,2,1750
22/05/2022 07:50:24,2,-999,230,3,1,1830
22/05/2022 07:50:40,2,-999,230,3,1,1830
22/05/2022 07:50:56,2,-999,230,3,2,1840
22/05/2022 07:51:12,2,-999,230,3,2,1840
22/05/2022 07:51:28,2,-999,230,3,1,1700
22/05/2022 07:51:44,2,-999,230,3,1,1700
22/05/2022 07:52:00,2,-999,230,3,2,1660
22/05/2022 07:52:16,2,-999,230,3,2,1660
22/05/2022 07:52:32,2,-999,230,3,2,1660
22/05/2022 07:52:48,2,-999,230,3,1,1830
22/05/2022 07:53:04,2,-999,230,3,1,1830
22/05/2022 07:53:20,2,-999,230,3,1,1820
22/05/2022 07:53:36,2,-999,230,3,1,1820
22/05/2022 07:53:52,2,-999,230,3,2,1800
22/05/2022 07:54:08,2,-999,230,3,2,1800
22/05/2022 07:54:24,2,-999,230,3,2,1820
22/05/2022 07:54:40,2,-999,230,3,2,1820
22/05/2022 07:54:56,2,-999,230,3,2,1820
22/05/2022 07:55:12,2,-999,230,3,1,1820
22/05/2022 07:55:28,2,-999,230,3,1,1820
22/05/2022 07:55:44,2,-999,230,3,2,1780
22/05/2022 07:56:00,2,-999,230,3,2,1780
22/05/2022 07:56:16,2,-999,230,3,1,1750
22/05/2022 07:56:32,2,-999,230,3,1,1750
22/05/2022 07:56:48,2,-999,230,3,2,1750
22/05/2022 07:57:04,2,-999,230,3,2,1750
22/05/2022 07:57:20,2,-999,230,3,2,1750
22/05/2022 07:57:36,2,-999,230,3,1,1840
22/05/2022 07:57:52,2,-999,230,3,1,1840
22/05/2022 07:58:08,2,-999,230,3,1,1810
22/05/2022 07:58:24,2,-999,230,3,1,1810
22/05/2022 07:58:40,2,-999,230,3,1,1800
22/05/2022 07:58:56,2,-999,230,3,1,1800
22/05/2022 07:59:12,2,-999,230,3,2,1680
22/05/2022 07:59:28,2,-999,230,3,2,1680
22/05/2022 07:59:44,2,-999,230,3,2,1680
22/05/2022 08:00:00,2,-999,210,3,2,1770
22/05/2022 08:00:16,2,-999,210,3,2,1770
22/05/2022 08:00:32,2,-999,210,3,2,1830
22/05/2022 08:00:48,2,-999,210,3,2,1830
22/05/2022 08:01:04,2,-999,210,3,2,1840
22/05/2022 08:01:20,2,-999,210,3,2,1840
22/05/2022 08:01:36,2,-999,210,3,2,1830
22/05/2022 08:01:52,2,-999,210,3,2,1830
22/05/2022 08:02:08,2,-999,210,3,2,1830
22/05/2022 08:02:24,2,-999,210,3,1,1780
22/05/2022 08:02:40,2,-999,210,3,1,1780
22/05/2022 08:02:56,2,-999,210,3,2,1790
22/05/2022 08:03:12,2,-999,210,3,2,1790
22/05/2022 08:03:28,2,-999,210,3,2,1820
22/05/2022 08:03:44,2,-999,210,3,2,1820
22/05/2022 08:04:00,2,-999,210,3,1,1830
22/05/2022 08:04:16,2,-999,210,3,1,1830
22/05/2022 08:04:32,2,-999,210,3,1,1830
22/05/2022 08:04:48,2,-999,210,3,1,1760
22/05/2022 08:05:04,2,-999,210,3,1,1760
22/05/2022 08:05:20,2,-999,210,3,2,1830
22/05/2022 08:05:36,2,-999,210,3,2,1830
22/05/2022 08:05:52,2,-999,210,3,2,1870
22/05/2022 08:06:08,2,-999,210,3,2,1870
22/05/2022 08:06:24,2,-999,210,3,2,1830
22/05/2022 08:06:40,2,-999,210,3,2,1830
22/05/2022 08:06:56,2,-999,210,3,2,1830
22/05/2022 08:07:12,2,-999,210,3,2,1790
22/05/2022 08:07:28,2,-999,210,3,2,1790
22/05/2022 08:07:44,2,-999,210,3,2,1840
22/05/2022 08:08:00,2,-999,210,3,2,1840
22/05/2022 08:08:16,2,-999,210,3,2,1810
22/05/2022 08:08:32,2,-999,210,3,2,1810
22/05/2022 08:08:48,2,-999,210,3,2,1800
22/05/2022 08:09:04,2,-999,210,3,2,1800
22/05/2022 08:09:20,2,-999,210,3,2,1800
22/05/2022 08:09:36,2,-999,210,3,2,1780
22/05/2022 08:09:52,2,-999,210,3,2,1780
22/05/2022 08:10:08,2,-999,210,3,2,1780
22/05/2022 08:10:24,2,-999,210,3,2,1780
22/05/2022 08:10:40,2,-999,210,3,2,1790
22/05/2022 08:10:56,2,-999,210,3,2,1790
22/05/2022 08:11:12,2,-999,210,3,2,1760
22/05/2022 08:11:28,2,-999,210,3,2,1760
22/05/2022 08:11:44,2,-999,210,3,2,1760
22/05/2022 08:12:00,2,-999,210,3,2,1760
22/05/2022 08:12:16,2,-999,210,3,2,1760
22/05/2022 08:12:32,2,-999,210,3,2,1740
22/05/2022 08:12:48,2,-999,210,3,2,1740
22/05/2022 08:13:04,2,-999,210,3,2,1730
22/05/2022 08:13:20,2,-999,210,3,2,1730
22/05/2022 08:13:36,2,-999,210,3,2,1730
22/05/2022 08:13:52,2,-999,210,3,2,1730
22/05/2022 08:14:08,2,-999,210,3,2,1730
22/05/2022 08:14:24,2,-999,210,3,2,1760
22/05/2022 08:14:40,2,-999,210,3,2,1760
22/05/2022 08:14:56,2,-999,210,3,2,1880
22/05/2022 08:15:12,2,-999,210,3,2,1880
22/05/2022 08:15:28,2,-999,210,3,1,1870
22/05/2022 08:15:44,2,-999,210,3,1,1870
22/05/2022 08:16:00,2,-999,210,3,1,1860
22/05/2022 08:16:16,2,-999,210,3,1,1860
22/05/2022 08:16:32,2,-999,210,3,1,1860
22/05/2022 08:16:48,2,-999,210,3,2,1910
22/05/2022 08:17:04,2,-999,210,3,2,1910
22/05/2022 08:17:20,2,-999,210,3,2,1870
22/05/2022 08:17:36,2,-999,210,3,2,1870
22/05/2022 08:17:52,2,-999,210,3,1,1850
22/05/2022 08:18:08,2,-999,210,3,1,1850
22/05/2022 08:18:24,2,-999,210,3,2,1900
22/05/2022 08:18:40,2,-999,210,3,2,1900
22/05/2022 08:18:56,2,-999,210,3,2,1900
22/05/2022 08:19:12,2,-999,210,3,1,1940
22/05/2022 08:19:28,2,-999,210,3,1,1940
22/05/2022 08:19:44,2,1160,210,3,2,1910
22/05/2022 08:20:00,2,1160,210,3,2,1910
22/05/2022 08:20:16,2,1160,210,3,2,1910
22/05/2022 08:20:32,2,2020,210,3,2,1910
22/05/2022 08:20:48,2,2050,210,3,1,2030
22/05/2022 08:21:04,2,2050,210,3,1,2030
22/05/2022 08:21:20,2,2120,210,3,1,2030
22/05/2022 08:21:36,2,-999,210,3,2,1840
22/05/2022 08:21:52,2,-999,210,3,2,1840
22/05/2022 08:22:08,2,-999,210,3,2,1920
22/05/2022 08:22:24,2,-999,210,3,2,1920
22/05/2022 08:22:40,2,2120,210,3,2,1870
22/05/2022 08:22:56,2,2120,210,3,2,1870
22/05/2022 08:23:12,2,2070,210,3,2,1940
22/05/2022 08:23:28,2,2070,210,3,2,1940
22/05/2022 08:23:44,2,2070,210,3,2,1940
22/05/2022 08:24:00,2,-999,210,3,2,1860
22/05/2022 08:24:16,2,-999,210,3,2,1860
22/05/2022 08:24:32,2,380,210,3,2,1790
22/05/2022 08:24:48,2,1320,210,3,2,1790
22/05/2022 08:25:04,2,-999,210,3,2,1840
22/05/2022 08:25:20,2,-999,210,3,2,1840
22/05/2022 08:25:36,2,1320,210,3,2,1860
22/05/2022 08:25:52,2,2030,210,3,2,1860
22/05/2022 08:26:08,2,1970,210,3,2,1860
22/05/2022 08:26:24,2,1970,210,3,2,1840
22/05/2022 08:26:40,2,1970,210,3,2,1840
22/05/2022 08:26:56,2,1970,210,3,1,1840
22/05/2022 08:27:12,2,1970,210,3,1,1840
22/05/2022 08:27:28,2,1970,210,3,2,1900
22/05/2022 08:27:44,2,1970,210,3,2,1900
22/05/2022 08:28:00,2,1970,210,3,1,1910
22/05/2022 08:28:16,2,1080,210,3,1,1910
22/05/2022 08:28:32,2,1080,210,3,1,1910
22/05/2022 08:28:48,2,2020,210,3,2,1860
22/05/2022 08:29:04,2,2030,210,3,2,1860
22/05/2022 08:29:20,2,2020,210,3,2,1870
22/05/2022 08:29:36,2,2020,210,3,2,1870
22/05/2022 08:29:52,2,2030,210,3,1,1930
22/05/2022 08:30:08,2,2030,210,3,1,1930
22/05/2022 08:30:24,2,2030,210,3,1,1890
22/05/2022 08:30:40,2,2030,210,3,1,1890
22/05/2022 08:30:56,2,2030,210,3,1,1890
22/05/2022 08:31:12,2,2030,210,3,1,1880
22/05/2022 08:31:28,2,2030,210,3,1,1880
22/05/2022 08:31:44,2,2030,210,3,2,1890
22/05/2022 08:32:00,2,2030,210,3,2,1890
22/05/2022 08:32:16,2,2030,210,3,1,1970
22/05/2022 08:32:32,2,2030,210,3,1,1970
22/05/2022 08:32:48,2,2030,210,3,1,1960
22/05/2022 08:33:04,2,2030,210,3,1,1960
22/05/2022 08:33:20,2,2040,210,3,1,1960
22/05/2022 08:33:36,2,2040,210,3,1,2060
22/05/2022 08:33:52,2,2040,210,3,1,2060
22/05/2022 08:34:08,2,-999,210,3,1,2030
22/05/2022 08:34:24,2,-999,210,3,1,2030
22/05/2022 08:34:40,2,2180,210,3,1,2120
22/05/2022 08:34:56,2,2190,210,3,1,2120
22/05/2022 08:35:12,2,2190,210,3,1,2110
22/05/2022 08:35:28,2,2210,210,3,1,2110
22/05/2022 08:35:44,2,2210,210,3,1,2110
22/05/2022 08:36:00,2,2210,210,3,1,2290
22/05/2022 08:36:16,2,2210,210,3,1,2290
22/05/2022 08:36:32,2,2210,210,3,2,2100
22/05/2022 08:36:48,2,2210,210,3,2,2100
22/05/2022 08:37:04,2,2250,210,3,3,1990
22/05/2022 08:37:20,2,2250,210,3,3,1990
22/05/2022 08:37:36,2,2250,210,3,2,2140
22/05/2022 08:37:52,2,-999,210,3,2,2140
22/05/2022 08:38:08,2,-999,210,3,2,2140
22/05/2022 08:38:24,2,-999,210,3,3,1870
22/05/2022 08:38:40,2,-999,210,3,3,1870
22/05/2022 08:38:56,2,-999,210,3,3,1830
22/05/2022 08:39:12,2,-999,210,3,3,1830
22/05/2022 08:39:28,2,-999,210,3,2,1480
22/05/2022 08:39:44,2,-999,210,3,2,1480
22/05/2022 08:40:00,2,-999,210,3,2,2090
22/05/2022 08:40:16,2,-999,210,3,2,2090
22/05/2022 08:40:32,2,-999,210,3,2,2090
22/05/2022 08:40:48,2,-999,210,3,2,2150
22/05/2022 08:41:04,2,-999,210,3,2,2150
22/05/2022 08:41:20,2,-999,210,3,1,2120
22/05/2022 08:41:36,2,-999,210,3,1,2120
22/05/2022 08:41:52,2,-999,210,3,2,2120
22/05/2022 08:42:08,2,-999,210,3,2,2120
22/05/2022 08:42:24,2,-999,210,3,2,2110
22/05/2022 08:42:40,2,-999,210,3,2,2110
22/05/2022 08:42:56,2,-999,210,3,2,2110
22/05/2022 08:43:12,2,-999,210,3,2,2310
22/05/2022 08:43:28,2,-999,210,3,2,2310
22/05/2022 08:43:44,2,-999,210,3,2,2130
22/05/2022 08:44:00,2,-999,210,3,2,2130
22/05/2022 08:44:16,2,-999,210,3,2,2080
22/05/2022 08:44:32,2,-999,210,3,2,2080
22/05/2022 08:44:48,2,-999,210,3,3,1930
22/05/2022 08:45:04,2,-999,210,3,3,1930
22/05/2022 08:45:20,2,-999,210,3,3,1930
22/05/2022 08:45:36,2,-999,210,3,2,1840
22/05/2022 08:45:52,2,-999,210,3,2,1840
22/05/2022 08:46:08,2,2100,210,3,3,1700
22/05/2022 08:46:24,2,2070,210,3,3,1700
22/05/2022 08:46:40,2,2070,210,3,2,2260
22/05/2022 08:46:56,2,2070,210,3,2,2260
22/05/2022 08:47:12,2,530,210,3,2,2460
22/05/2022 08:47:28,2,530,210,3,2,2460
22/05/2022 08:47:44,2,530,210,3,2,2460
22/05/2022 08:48:00,2,530,210,3,2,2500
22/05/2022 08:48:16,2,530,210,3,2,2500
22/05/2022 08:48:32,2,530,210,3,2,2240
22/05/2022 08:48:48,2,530,210,3,2,2240
22/05/2022 08:49:04,2,530,210,3,2,2240
22/05/2022 08:49:20,2,530,210,3,2,2240
22/05/2022 08:49:36,2,530,210,3,2,2170
22/05/2022 08:49:52,2,530,210,3,2,2170
22/05/2022 08:50:08,2,530,210,3,2,2170
22/05/2022 08:50:24,2,520,210,3,1,2460
22/05/2022 08:50:40,2,520,210,3,1,2460
22/05/2022 08:50:56,2,520,210,3,2,2250
22/05/2022 08:51:12,2,520,210,3,2,2250
22/05/2022 08:51:28,2,520,210,3,2,2480
22/05/2022 08:51:44,2,520,210,3,2,2480
22/05/2022 08:52:00,2,520,210,3,2,2480
22/05/2022 08:52:16,2,520,210,3,2,2480
22/05/2022 08:52:32,2,530,210,3,2,2480
22/05/2022 08:52:48,2,530,210,3,2,2510
22/05/2022 08:53:04,2,530,210,3,2,2510
22/05/2022 08:53:20,2,530,210,3,2,2540
22/05/2022 08:53:36,2,530,210,3,2,2540
22/05/2022 08:53:52,2,530,210,3,3,2120
22/05/2022 08:54:08,2,530,210,3,3,2120
22/05/2022 08:54:24,2,530,210,3,3,420
22/05/2022 08:54:40,2,530,210,3,3,420
22/05/2022 08:54:56,2,530,210,3,3,420
22/05/2022 08:55:12,2,530,210,3,1,2580
22/05/2022 08:55:28,2,530,210,3,1,2580
22/05/2022 08:55:44,2,530,210,3,1,2640
22/05/2022 08:56:00,2,530,210,3,1,2640
22/05/2022 08:56:16,2,490,210,3,2,2690
22/05/2022 08:56:32,2,490,210,3,2,2690
22/05/2022 08:56:48,2,490,210,3,1,2810
22/05/2022 08:57:04,2,480,210,3,1,2810
22/05/2022 08:57:20,2,480,210,3,1,2810
22/05/2022 08:57:36,2,-999,210,3,1,2930
22/05/2022 08:57:52,2,-999,210,3,1,2930
22/05/2022 08:58:08,2,480,210,3,1,2840
22/05/2022 08:58:24,2,2090,210,3,1,2840
22/05/2022 08:58:40,2,-999,210,3,1,2760
22/05/2022 08:58:56,2,-999,210,3,1,2760
22/05/2022 08:59:12,2,-999,210,3,1,2640
22/05/2022 08:59:28,2,-999,210,3,1,2640
22/05/2022 08:59:44,2,-999,210,3,1,2640
22/05/2022 09:00:00,1,1320,530,3,1,2660
22/05/2022 09:00:16,1,1320,530,3,1,2660
22/05/2022 09:00:32,1,520,530,3,2,420
22/05/2022 09:00:48,1,520,530,3,2,420
22/05/2022 09:01:04,1,520,530,3,2,430
22/05/2022 09:01:20,1,520,530,3,2,430
22/05/2022 09:01:36,1,520,530,3,1,440
22/05/2022 09:01:52,1,520,530,3,1,440
22/05/2022 09:02:08,1,520,530,3,1,440
22/05/2022 09:02:24,1,520,530,3,1,430
22/05/2022 09:02:40,1,520,530,3,1,430
22/05/2022 09:02:56,1,520,530,3,2,410
22/05/2022 09:03:12,1,520,530,3,2,410
22/05/2022 09:03:28,1,510,530,3,2,400
22/05/2022 09:03:44,1,510,530,3,2,400
22/05/2022 09:04:00,1,510,530,3,2,400
22/05/2022 09:04:16,1,490,530,3,2,400
22/05/2022 09:04:32,1,490,530,3,2,400
22/05/2022 09:04:48,1,490,530,3,2,420
22/05/2022 09:05:04,1,490,530,3,2,420
22/05/2022 09:05:20,1,480,530,3,2,410
22/05/2022 09:05:36,1,480,530,3,2,410
22/05/2022 09:05:52,1,480,530,3,1,2640
22/05/2022 09:06:08,1,480,530,3,1,2640
22/05/2022 09:06:24,1,480,530,3,1,2670
22/05/2022 09:06:40,1,480,530,3,1,2670
22/05/2022 09:06:56,1,480,530,3,1,2670
22/05/2022 09:07:12,1,470,530,3,1,2710
22/05/2022 09:07:28,1,470,530,3,1,2710
22/05/2022 09:07:44,1,460,530,3,2,380
22/05/2022 09:08:00,1,460,530,3,2,380
22/05/2022 09:08:16,1,460,530,3,2,380
22/05/2022 09:08:32,1,460,530,3,2,380
22/05/2022 09:08:48,1,460,530,3,2,380
22/05/2022 09:09:04,1,460,530,3,2,380
22/05/2022 09:09:20,1,180,530,3,2,380
22/05/2022 09:09:36,1,180,530,3,1,2680
22/05/2022 09:09:52,1,180,530,3,1,2680
22/05/2022 09:10:08,1,180,530,3,1,2680
22/05/2022 09:10:24,1,180,530,3,1,2680
22/05/2022 09:10:40,1,180,530,3,2,370
22/05/2022 09:10:56,1,180,530,3,2,370
22/05/2022 09:11:12,1,170,530,3,3,370
22/05/2022 09:11:28,1,170,530,3,3,370
22/05/2022 09:11:44,1,170,530,3,3,370
22/05/2022 09:12:00,1,170,530,3,2,360
22/05/2022 09:12:16,1,170,530,3,2,360
22/05/2022 09:12:32,1,170,530,3,2,360
22/05/2022 09:12:48,1,170,530,3,2,360
22/05/2022 09:13:04,1,170,530,3,3,360
22/05/2022 09:13:20,1,170,530,3,3,360
22/05/2022 09:13:36,1,170,530,3,3,380
22/05/2022 09:13:52,1,170,530,3,3,380
22/05/2022 09:14:08,1,170,530,3,3,380
22/05/2022 09:14:24,1,170,530,3,1,380
22/05/2022 09:14:40,1,170,530,3,1,380
22/05/2022 09:14:56,1,170,530,3,1,380
22/05/2022 09:15:12,1,170,530,3,1,380
22/05/2022 09:15:28,1,170,530,3,1,380
22/05/2022 09:15:44,1,170,530,3,1,380
22/05/2022 09:16:00,1,170,530,3,1,390
22/05/2022 09:16:16,1,180,530,3,1,390
22/05/2022 09:16:32,1,180,530,3,1,390
22/05/2022 09:16:48,1,180,530,3,1,390
22/05/2022 09:17:04,1,180,530,3,1,390
22/05/2022 09:17:20,1,180,530,3,1,400
22/05/2022 09:17:36,1,180,530,3,1,400
22/05/2022 09:17:52,1,180,530,3,1,410
22/05/2022 09:18:08,1,180,530,3,1,410
22/05/2022 09:18:24,1,180,530,3,1,410
22/05/2022 09:18:40,1,180,530,3,1,410
22/05/2022 09:18:56,1,180,530,3,1,410
22/05/2022 09:19:12,1,180,530,3,1,400
22/05/2022 09:19:28,1,180,530,3,1,400
22/05/2022 09:19:44,1,180,530,3,1,410
22/05/2022 09:20:00,1,180,530,3,1,410
22/05/2022 09:20:16,1,180,530,3,1,400
22/05/2022 09:20:32,1,180,530,3,1,400
22/05/2022 09:20:48,1,180,530,3,1,420
22/05/2022 09:21:04,1,180,530,3,1,420
22/05/2022 09:21:20,1,180,530,3,1,420
22/05/2022 09:21:36,1,180,530,3,1,420
22/05/2022 09:21:52,1,240,530,3,1,420
22/05/2022 09:22:08,1,240,530,3,1,420
22/05/2022 09:22:24,1,240,530,3,1,420
22/05/2022 09:22:40,1,250,530,3,2,230
22/05/2022 09:22:56,1,250,530,3,2,230
22/05/2022 09:23:12,1,250,530,3,2,210
22/05/2022 09:23:28,1,250,530,3,2,210
22/05/2022 09:23:44,1,250,530,3,2,210
22/05/2022 09:24:00,1,250,530,3,1,200
22/05/2022 09:24:16,1,250,530,3,1,200
22/05/2022 09:24:32,1,250,530,3,1,190
22/05/2022 09:24:48,1,250,530,3,1,190
22/05/2022 09:25:04,1,250,530,3,2,200
22/05/2022 09:25:20,1,250,530,3,2,200
22/05/2022 09:25:36,1,250,530,3,2,190
22/05/2022 09:25:52,1,250,530,3,2,190
22/05/2022 09:26:08,1,250,530,3,2,190
22/05/2022 09:26:24,1,240,530,3,2,170
22/05/2022 09:26:40,1,240,530,3,2,170
22/05/2022 09:26:56,1,240,530,3,2,190
22/05/2022 09:27:12,1,240,530,3,2,190
22/05/2022 09:27:28,1,240,530,3,1,160
22/05/2022 09:27:44,1,240,530,3,1,160
22/05/2022 09:28:00,1,-999,530,3,1,140
22/05/2022 09:28:16,1,-999,530,3,1,140
22/05/2022 09:28:32,1,-999,530,3,1,140
22/05/2022 09:28:48,1,-999,530,3,1,180
22/05/2022 09:29:04,1,-999,530,3,1,180
22/05/2022 09:29:20,1,-999,530,3,2,180
22/05/2022 09:29:36,1,-999,530,3,2,180
22/05/2022 09:29:52,1,-999,530,3,1,160
22/05/2022 09:30:08,1,-999,530,3,1,160
22/05/2022 09:30:24,1,-999,530,3,1,160
22/05/2022 09:30:40,1,-999,530,3,1,160
22/05/2022 09:30:56,1,-999,530,3,1,160
22/05/2022 09:31:12,1,-999,530,3,1,160
22/05/2022 09:31:28,1,-999,530,3,1,160
22/05/2022 09:31:44,1,-999,530,3,2,220
22/05/2022 09:32:00,1,-999,530,3,2,220
22/05/2022 09:32:16,1,-999,530,3,1,200
22/05/2022 09:32:32,1,-999,530,3,1,200
22/05/2022 09:32:48,1,-999,530,3,1,180
22/05/2022 09:33:04,1,-999,530,3,1,180
22/05/2022 09:33:20,1,-999,530,3,1,180
22/05/2022 09:33:36,1,-999,530,3,1,170
22/05/2022 09:33:52,1,-999,530,3,1,170
22/05/2022 09:34:08,1,-999,530,3,1,150
22/05/2022 09:34:24,1,-999,530,3,1,150
22/05/2022 09:34:40,1,-999,530,3,1,140
22/05/2022 09:34:56,1,-999,530,3,1,140
22/05/2022 09:35:12,1,-999,530,3,1,220
22/05/2022 09:35:28,1,-999,530,3,1,220
22/05/2022 09:35:44,1,-999,530,3,1,220
22/05/2022 09:36:00,1,-999,530,3,1,220
22/05/2022 09:36:16,1,-999,530,3,1,220
22/05/2022 09:36:32,1,-999,530,3,1,210
22/05/2022 09:36:48,1,280,530,3,1,210
22/05/2022 09:37:04,1,280,530,3,1,210
22/05/2022 09:37:20,1,280,530,3,1,210
22/05/2022 09:37:36,1,280,530,3,1,240
22/05/2022 09:37:52,1,280,530,3,1,240
22/05/2022 09:38:08,1,280,530,3,1,240
22/05/2022 09:38:24,1,280,530,3,1,230
22/05/2022 09:38:40,1,280,530,3,1,230
22/05/2022 09:38:56,1,280,530,3,2,180
22/05/2022 09:39:12,1,-999,530,3,2,180
22/05/2022 09:39:28,1,-999,530,3,1,330
22/05/2022 09:39:44,1,-999,530,3,1,330
22/05/2022 09:40:00,1,-999,530,3,2,200
22/05/2022 09:40:16,1,-999,530,3,2,200
22/05/2022 09:40:32,1,-999,530,3,2,200
22/05/2022 09:40:48,1,-999,530,3,2,180
22/05/2022 09:41:04,1,-999,530,3,2,180
22/05/2022 09:41:20,1,-999,530,3,1,420
22/05/2022 09:41:36,1,-999,530,3,1,420
22/05/2022 09:41:52,1,-999,530,3,2,130
22/05/2022 09:42:08,1,-999,530,3,2,130
22/05/2022 09:42:24,1,240,530,3,1,430
22/05/2022 09:42:40,1,240,530,3,1,430
22/05/2022 09:42:56,1,250,530,3,1,430
22/05/2022 09:43:12,1,250,530,3,1,420
22/05/2022 09:43:28,1,250,530,3,1,420
22/05/2022 09:43:44,1,240,530,3,1,390
22/05/2022 09:44:00,1,240,530,3,1,390
22/05/2022 09:44:16,1,250,530,3,2,370
22/05/2022 09:44:32,1,250,530,3,2,370
22/05/2022 09:44:48,1,250,530,3,2,380
22/05/2022 09:45:04,1,250,530,3,2,380
22/05/2022 09:45:20,1,250,530,3,2,380
22/05/2022 09:45:36,1,250,530,3,3,370
22/05/2022 09:45:52,1,250,530,3,3,370
22/05/2022 09:46:08,1,250,530,3,2,390
22/05/2022 09:46:24,1,250,530,3,2,390
22/05/2022 09:46:40,1,240,530,3,2,380
22/05/2022 09:46:56,1,240,530,3,2,380
22/05/2022 09:47:12,1,230,530,3,2,370
22/05/2022 09:47:28,1,230,530,3,2,370
22/05/2022 09:47:44,1,230,530,3,2,370
22/05/2022 09:48:00,1,460,530,3,2,370
22/05/2022 09:48:16,1,460,530,3,2,370
22/05/2022 09:48:32,1,460,530,3,2,370
22/05/2022 09:48:48,1,460,530,3,2,370
22/05/2022 09:49:04,1,460,530,3,2,380
22/05/2022 09:49:20,1,450,530,3,2,380
22/05/2022 09:49:36,1,450,530,3,2,400
22/05/2022 09:49:52,1,450,530,3,2,400
22/05/2022 09:50:08,1,450,530,3,2,400
22/05/2022 09:50:24,1,440,530,3,2,370
22/05/2022 09:50:40,1,440,530,3,2,370
22/05/2022 09:50:56,1,440,530,3,2,340
22/05/2022 09:51:12,1,440,530,3,2,340
22/05/2022 09:51:28,1,440,530,3,2,320
22/05/2022 09:51:44,1,430,530,3,2,320
22/05/2022 09:52:00,1,-999,530,3,2,150
22/05/2022 09:52:16,1,-999,530,3,2,150
22/05/2022 09:52:32,1,-999,530,3,2,150
22/05/2022 09:52:48,1,-999,530,3,2,140
22/05/2022 09:53:04,1,-999,530,3,2,140
22/05/2022 09:53:20,1,170,530,3,2,380
22/05/2022 09:53:36,1,170,530,3,2,380
22/05/2022 09:53:52,1,170,530,3,2,380
22/05/2022 09:54:08,1,170,530,3,2,380
22/05/2022 09:54:24,1,180,530,3,2,390
22/05/2022 09:54:40,1,180,530,3,2,390
22/05/2022 09:54:56,1,210,530,3,2,390
22/05/2022 09:55:12,1,210,530,3,2,160
22/05/2022 09:55:28,1,210,530,3,2,160
22/05/2022 09:55:44,1,-999,530,3,2,150
22/05/2022 09:56:00,1,-999,530,3,2,150
22/05/2022 09:56:16,1,210,530,3,2,340
22/05/2022 09:56:32,1,210,530,3,2,340
22/05/2022 09:56:48,1,210,530,3,2,340
22/05/2022 09:57:04,1,210,530,3,2,340
22/05/2022 09:57:20,1,210,530,3,2,340
22/05/2022 09:57:36,1,460,530,3,2,350
22/05/2022 09:57:52,1,430,530,3,2,350
22/05/2022 09:58:08,1,430,530,3,2,260
22/05/2022 09:58:24,1,430,530,3,2,260
22/05/2022 09:58:40,1,430,530,3,2,230
22/05/2022 09:58:56,1,430,530,3,2,230
22/05/2022 09:59:12,1,430,530,3,2,210
22/05/2022 09:59:28,1,420,530,3,2,210
22/05/2022 09:59:44,1,-999,530,3,2,210
