# Time, Layer_QualityIndex,bl_height,Mean_Layer_Height,n_BL,cloud_stat,cloud_dat
21/08/2022 10:00:00,3,630,520,3,0,-999
21/08/2022 10:00:16,3,630,520,3,0,-999
21/08/2022 10:00:32,3,630,520,3,0,-999
21/08/2022 10:00:48,3,630,520,3,0,-999
21/08/2022 10:01:04,3,640,520,3,0,-999
21/08/2022 10:01:20,3,640,520,3,0,-999
21/08/2022 10:01:36,3,640,520,3,0,-999
21/08/2022 10:01:52,3,640,520,3,0,-999
21/08/2022 10:02:08,3,650,520,3,0,-999
21/08/2022 10:02:24,3,650,520,3,0,-999
21/08/2022 10:02:40,3,650,520,3,0,-999
21/08/2022 10:02:56,3,650,520,3,0,-999
21/08/2022 10:03:12,3,660,520,3,0,-999
21/08/2022 10:03:28,3,660,520,3,0,-999
21/08/2022 10:03:44,3,660,520,3,0,-999
21/08/2022 10:04:00,3,670,520,3,0,-999
21/08/2022 10:04:16,3,670,520,3,0,-999
21/08/2022 10:04:32,3,670,520,3,0,-999
21/08/2022 10:04:48,3,670,520,3,0,-999
21/08/2022 10:05:04,3,670,520,3,0,-999
21/08/2022 10:05:20,3,670,520,3,0,-999
21/08/2022 10:05:36,3,680,520,3,0,-999
21/08/2022 10:05:52,3,680,520,3,0,-999
21/08/2022 10:06:08,3,680,520,3,0,-999
21/08/2022 10:06:24,3,680,520,3,0,-999
21/08/2022 10:06:40,3,680,520,3,0,-999
21/08/2022 10:06:56,3,680,520,3,0,-999
21/08/2022 10:07:12,3,680,520,3,0,-999
21/08/2022 10:07:28,3,680,520,3,0,-999
21/08/2022 10:07:44,3,680,520,3,0,-999
21/08/2022 10:08:00,3,690,520,3,0,-999
21/08/2022 10:08:16,3,690,520,3,0,-999
21/08/2022 10:08:32,3,690,520,3,0,-999
21/08/2022 10:08:48,3,690,520,3,0,-999
21/08/2022 10:09:04,3,690,520,3,0,-999
21/08/2022 10:09:20,3,690,520,3,0,-999
21/08/2022 10:09:36,3,690,520,3,0,-999
21/08/2022 10:09:52,3,690,520,3,0,-999
21/08/2022 10:10:08,3,700,520,3,0,-999
21/08/2022 10:10:24,3,700,520,3,0,-999
21/08/2022 10:10:40,3,700,520,3,0,-999
21/08/2022 10:10:56,3,700,520,3,0,-999
21/08/2022 10:11:12,3,710,520,3,0,-999
21/08/2022 10:11:28,3,710,520,3,0,-999
21/08/2022 10:11:44,3,710,520,3,0,-999
21/08/2022 10:12:00,3,710,520,3,0,-999
21/08/2022 10:12:16,3,710,520,3,0,-999
21/08/2022 10:12:32,3,710,520,3,0,-999
21/08/2022 10:12:48,3,720,520,3,0,-999
21/08/2022 10:13:04,3,720,520,3,0,-999
21/08/2022 10:13:20,3,720,520,3,0,-999
21/08/2022 10:13:36,3,720,520,3,0,-999
21/08/2022 10:13:52,3,720,520,3,0,-999
21/08/2022 10:14:08,3,730,520,3,0,-999
21/08/2022 10:14:24,3,730,520,3,0,-999
21/08/2022 10:14:40,3,730,520,3,0,-999
21/08/2022 10:14:56,3,730,520,3,0,-999
21/08/2022 10:15:12,3,730,520,3,0,-999
21/08/2022 10:15:28,3,730,520,3,0,-999
21/08/2022 10:15:44,3,730,520,3,0,-999
21/08/2022 10:16:00,3,740,520,3,0,-999
21/08/2022 10:16:16,3,740,520,3,0,-999
21/08/2022 10:16:32,3,740,520,3,0,-999
21/08/2022 10:16:48,3,740,520,3,0,-999
21/08/2022 10:17:04,3,740,520,3,0,-999
21/08/2022 10:17:20,3,740,520,3,0,-999
21/08/2022 10:17:36,3,740,520,3,0,-999
21/08/2022 10:17:52,3,740,520,3,0,-999
21/08/2022 10:18:08,3,750,520,3,0,-999
21/08/2022 10:18:24,3,750,520,3,0,-999
21/08/2022 10:18:40,3,750,520,3,0,-999
21/08/2022 10:18:56,3,750,520,3,0,-999
21/08/2022 10:19:12,3,750,520,3,0,-999
21/08/2022 10:19:28,3,750,520,3,0,-999
21/08/2022 10:19:44,3,750,520,3,0,-999
21/08/2022 10:20:00,3,750,520,3,0,-999
21/08/2022 10:20:16,3,750,520,3,0,-999
21/08/2022 10:20:32,3,750,520,3,0,-999
21/08/2022 10:20:48,3,750,520,3,0,-999
21/08/2022 10:21:04,3,750,520,3,0,-999
21/08/2022 10:21:20,3,750,520,3,0,-999
21/08/2022 10:21:36,3,750,520,3,0,-999
21/08/2022 10:21:52,3,750,520,3,0,-999
21/08/2022 10:22:08,3,750,520,3,0,-999
21/08/2022 10:22:24,3,750,520,3,0,-999
21/08/2022 10:22:40,3,750,520,3,0,-999
21/08/2022 10:22:56,3,760,520,3,0,-999
21/08/2022 10:23:12,3,760,520,3,0,-999
21/08/2022 10:23:28,3,760,520,3,0,-999
21/08/2022 10:23:44,3,760,520,3,0,-999
21/08/2022 10:24:00,3,760,520,3,0,-999
21/08/2022 10:24:16,3,760,520,3,0,-999
21/08/2022 10:24:32,3,760,520,3,0,-999
21/08/2022 10:24:48,3,760,520,3,0,-999
21/08/2022 10:25:04,3,760,520,3,0,-999
21/08/2022 10:25:20,3,760,520,3,0,-999
21/08/2022 10:25:36,3,760,520,3,0,-999
21/08/2022 10:25:52,3,770,520,3,0,-999
21/08/2022 10:26:08,3,770,520,3,0,-999
21/08/2022 10:26:24,3,770,520,3,0,-999
21/08/2022 10:26:40,3,770,520,3,0,-999
21/08/2022 10:26:56,3,780,520,3,0,-999
21/08/2022 10:27:12,3,780,520,3,0,-999
21/08/2022 10:27:28,3,780,520,3,0,-999
21/08/2022 10:27:44,3,780,520,3,0,-999
21/08/2022 10:28:00,3,780,520,3,0,-999
21/08/2022 10:28:16,3,780,520,3,0,-999
21/08/2022 10:28:32,3,780,520,3,0,-999
21/08/2022 10:28:48,3,780,520,3,0,-999
21/08/2022 10:29:04,3,780,520,3,0,-999
21/08/2022 10:29:20,3,790,520,3,0,-999
21/08/2022 10:29:36,3,790,520,3,0,-999
21/08/2022 10:29:52,3,790,520,3,0,-999
21/08/2022 10:30:08,3,790,520,3,0,-999
21/08/2022 10:30:24,3,790,520,3,0,-999
21/08/2022 10:30:40,3,790,520,3,0,-999
21/08/2022 10:30:56,3,790,520,3,0,-999
21/08/2022 10:31:12,3,790,520,3,0,-999
21/08/2022 10:31:28,3,790,520,3,0,-999
21/08/2022 10:31:44,3,800,520,3,0,-999
21/08/2022 10:32:00,3,800,520,3,0,-999
21/08/2022 10:32:16,3,800,520,3,0,-999
21/08/2022 10:32:32,3,800,520,3,0,-999
21/08/2022 10:32:48,3,810,520,3,0,-999
21/08/2022 10:33:04,3,810,520,3,0,-999
21/08/2022 10:33:20,3,820,520,3,0,-999
21/08/2022 10:33:36,3,820,520,3,0,-999
21/08/2022 10:33:52,3,830,520,3,0,-999
21/08/2022 10:34:08,3,830,520,3,0,-999
21/08/2022 10:34:24,3,830,520,3,0,-999
21/08/2022 10:34:40,3,840,520,3,0,-999
21/08/2022 10:34:56,3,840,520,3,0,-999
21/08/2022 10:35:12,3,840,520,3,0,-999
21/08/2022 10:35:28,3,840,520,3,0,-999
21/08/2022 10:35:44,3,850,520,3,0,-999
21/08/2022 10:36:00,3,850,520,3,0,-999
21/08/2022 10:36:16,3,850,520,3,0,-999
21/08/2022 10:36:32,3,850,520,3,0,-999
21/08/2022 10:36:48,3,850,520,3,0,-999
21/08/2022 10:37:04,3,850,520,3,0,-999
21/08/2022 10:37:20,3,860,520,3,0,-999
21/08/2022 10:37:36,3,860,520,3,0,-999
21/08/2022 10:37:52,3,860,520,3,0,-999
21/08/2022 10:38:08,3,860,520,3,0,-999
21/08/2022 10:38:24,3,860,520,3,0,-999
21/08/2022 10:38:40,3,860,520,3,0,-999
21/08/2022 10:38:56,3,860,520,3,0,-999
21/08/2022 10:39:12,3,860,520,3,0,-999
21/08/2022 10:39:28,3,860,520,3,0,-999
21/08/2022 10:39:44,3,860,520,3,0,-999
21/08/2022 10:40:00,3,860,520,3,0,-999
21/08/2022 10:40:16,3,870,520,3,0,-999
21/08/2022 10:40:32,3,870,520,3,0,-999
21/08/2022 10:40:48,3,870,520,3,0,-999
21/08/2022 10:41:04,3,870,520,3,0,-999
21/08/2022 10:41:20,3,880,520,3,0,-999
21/08/2022 10:41:36,3,880,520,3,0,-999
21/08/2022 10:41:52,3,880,520,3,0,-999
21/08/2022 10:42:08,3,880,520,3,0,-999
21/08/2022 10:42:24,3,880,520,3,0,-999
21/08/2022 10:42:40,3,880,520,3,0,-999
21/08/2022 10:42:56,3,880,520,3,0,-999
21/08/2022 10:43:12,3,880,520,3,0,-999
21/08/2022 10:43:28,3,880,520,3,0,-999
21/08/2022 10:43:44,3,880,520,3,0,-999
21/08/2022 10:44:00,3,890,520,3,0,-999
21/08/2022 10:44:16,3,890,520,3,0,-999
21/08/2022 10:44:32,3,890,520,3,0,-999
21/08/2022 10:44:48,3,890,520,3,0,-999
21/08/2022 10:45:04,3,890,520,3,0,-999
21/08/2022 10:45:20,3,890,520,3,0,-999
21/08/2022 10:45:36,3,900,520,3,0,-999
21/08/2022 10:45:52,3,900,520,3,0,-999
21/08/2022 10:46:08,3,910,520,3,0,-999
21/08/2022 10:46:24,3,910,520,3,0,-999
21/08/2022 10:46:40,3,910,520,3,0,-999
21/08/2022 10:46:56,3,920,520,3,0,-999
21/08/2022 10:47:12,3,920,520,3,0,-999
21/08/2022 10:47:28,3,920,520,3,0,-999
21/08/2022 10:47:44,3,930,520,3,0,-999
21/08/2022 10:48:00,3,930,520,3,0,-999
21/08/2022 10:48:16,3,940,520,3,0,-999
21/08/2022 10:48:32,3,950,520,3,0,-999
21/08/2022 10:48:48,3,950,520,3,0,-999
21/08/2022 10:49:04,3,960,520,3,0,-999
21/08/2022 10:49:20,3,970,520,3,0,-999
21/08/2022 10:49:36,3,970,520,3,0,-999
21/08/2022 10:49:52,3,980,520,3,0,-999
21/08/2022 10:50:08,3,990,520,3,0,-999
21/08/2022 10:50:24,3,1000,520,3,0,-999
21/08/2022 10:50:40,3,1010,520,3,0,-999
21/08/2022 10:50:56,3,1020,520,3,0,-999
21/08/2022 10:51:12,3,1030,520,3,0,-999
21/08/2022 10:51:28,3,1040,520,3,0,-999
21/08/2022 10:51:44,3,1050,520,3,0,-999
21/08/2022 10:52:00,3,1050,520,3,0,-999
21/08/2022 10:52:16,3,1060,520,3,0,-999
21/08/2022 10:52:32,3,1070,520,3,0,-999
21/08/2022 10:52:48,3,1080,520,3,0,-999
21/08/2022 10:53:04,3,1080,520,3,0,-999
21/08/2022 10:53:20,3,1090,520,3,0,-999
21/08/2022 10:53:36,3,1090,520,3,0,-999
21/08/2022 10:53:52,3,1100,520,3,0,-999
21/08/2022 10:54:08,3,1100,520,3,0,-999
21/08/2022 10:54:24,3,1100,520,3,0,-999
21/08/2022 10:54:40,3,1100,520,3,0,-999
21/08/2022 10:54:56,3,1100,520,3,0,-999
21/08/2022 10:55:12,3,1100,520,3,0,-999
21/08/2022 10:55:28,3,1100,520,3,0,-999
21/08/2022 10:55:44,3,1100,520,3,0,-999
21/08/2022 10:56:00,3,1100,520,3,0,-999
21/08/2022 10:56:16,3,1100,520,3,0,-999
21/08/2022 10:56:32,3,1100,520,3,0,-999
21/08/2022 10:56:48,3,1100,520,3,0,-999
21/08/2022 10:57:04,3,1100,520,3,0,-999
21/08/2022 10:57:20,3,1100,520,3,0,-999
21/08/2022 10:57:36,3,1100,520,3,0,-999
21/08/2022 10:57:52,3,1100,520,3,0,-999
21/08/2022 10:58:08,3,1100,520,3,0,-999
21/08/2022 10:58:24,3,1100,520,3,0,-999
21/08/2022 10:58:40,3,1100,520,3,0,-999
21/08/2022 10:58:56,3,1100,520,3,0,-999
21/08/2022 10:59:12,3,1100,520,3,0,-999
21/08/2022 10:59:28,3,1100,520,3,0,-999
21/08/2022 10:59:44,3,1100,520,3,0,-999
21/08/2022 11:00:00,-999,1100,-999,3,0,-999
21/08/2022 11:00:16,-999,1100,-999,3,0,-999
21/08/2022 11:00:32,-999,1100,-999,3,0,-999
21/08/2022 11:00:48,-999,1100,-999,3,0,-999
21/08/2022 11:01:04,-999,1100,-999,3,0,-999
21/08/2022 11:01:20,-999,1100,-999,3,0,-999
21/08/2022 11:01:36,-999,1090,-999,3,0,-999
21/08/2022 11:01:52,-999,1090,-999,3,0,-999
21/08/2022 11:02:08,-999,1090,-999,3,0,-999
21/08/2022 11:02:24,-999,1090,-999,3,0,-999
21/08/2022 11:02:40,-999,1090,-999,3,0,-999
21/08/2022 11:02:56,-999,1090,-999,3,0,-999
21/08/2022 11:03:12,-999,1080,-999,3,0,-999
21/08/2022 11:03:28,-999,1080,-999,3,0,-999
21/08/2022 11:03:44,-999,1080,-999,3,0,-999
21/08/2022 11:04:00,-999,1080,-999,3,0,-999
21/08/2022 11:04:16,-999,1070,-999,3,0,-999
21/08/2022 11:04:32,-999,1070,-999,3,0,-999
21/08/2022 11:04:48,-999,1060,-999,3,0,-999
21/08/2022 11:05:04,-999,1060,-999,3,0,-999
21/08/2022 11:05:20,-999,1050,-999,3,0,-999
21/08/2022 11:05:36,-999,1050,-999,3,0,-999
21/08/2022 11:05:52,-999,1050,-999,3,0,-999
21/08/2022 11:06:08,-999,1040,-999,3,0,-999
21/08/2022 11:06:24,-999,1040,-999,3,0,-999
21/08/2022 11:06:40,-999,1030,-999,3,0,-999
21/08/2022 11:06:56,-999,1030,-999,3,0,-999
21/08/2022 11:07:12,-999,1030,-999,3,0,-999
21/08/2022 11:07:28,-999,1020,-999,3,0,-999
21/08/2022 11:07:44,-999,1020,-999,3,0,-999
21/08/2022 11:08:00,-999,1020,-999,3,0,-999
21/08/2022 11:08:16,-999,1020,-999,3,0,-999
21/08/2022 11:08:32,-999,1020,-999,3,0,-999
21/08/2022 11:08:48,-999,1020,-999,3,0,-999
21/08/2022 11:09:04,-999,1020,-999,3,0,-999
21/08/2022 11:09:20,-999,1020,-999,3,0,-999
21/08/2022 11:09:36,-999,1020,-999,3,0,-999
21/08/2022 11:09:52,-999,1020,-999,3,0,-999
21/08/2022 11:10:08,-999,1020,-999,3,0,-999
21/08/2022 11:10:24,-999,1020,-999,3,0,-999
21/08/2022 11:10:40,-999,1020,-999,3,0,-999
21/08/2022 11:10:56,-999,1020,-999,3,0,-999
21/08/2022 11:11:12,-999,1020,-999,3,0,-999
21/08/2022 11:11:28,-999,1020,-999,3,0,-999
21/08/2022 11:11:44,-999,1020,-999,3,0,-999
21/08/2022 11:12:00,-999,1020,-999,3,0,-999
21/08/2022 11:12:16,-999,1020,-999,3,0,-999
21/08/2022 11:12:32,-999,1020,-999,3,0,-999
21/08/2022 11:12:48,-999,1030,-999,3,0,-999
21/08/2022 11:13:04,-999,1030,-999,3,0,-999
21/08/2022 11:13:20,-999,1030,-999,3,0,-999
21/08/2022 11:13:36,-999,1030,-999,3,0,-999
21/08/2022 11:13:52,-999,1040,-999,3,0,-999
21/08/2022 11:14:08,-999,1040,-999,3,0,-999
21/08/2022 11:14:24,-999,1040,-999,3,0,-999
21/08/2022 11:14:40,-999,1040,-999,3,0,-999
21/08/2022 11:14:56,-999,1040,-999,3,0,-999
21/08/2022 11:15:12,-999,1040,-999,3,0,-999
21/08/2022 11:15:28,-999,1040,-999,3,0,-999
21/08/2022 11:15:44,-999,1040,-999,3,0,-999
21/08/2022 11:16:00,-999,1040,-999,3,0,-999
21/08/2022 11:16:16,-999,1050,-999,3,0,-999
21/08/2022 11:16:32,-999,1050,-999,3,0,-999
21/08/2022 11:16:48,-999,1050,-999,3,0,-999
21/08/2022 11:17:04,-999,1050,-999,3,0,-999
21/08/2022 11:17:20,-999,1050,-999,3,0,-999
21/08/2022 11:17:36,-999,1050,-999,3,0,-999
21/08/2022 11:17:52,-999,1060,-999,3,0,-999
21/08/2022 11:18:08,-999,1060,-999,3,0,-999
21/08/2022 11:18:24,-999,1060,-999,3,0,-999
21/08/2022 11:18:40,-999,1060,-999,3,0,-999
21/08/2022 11:18:56,-999,1060,-999,3,0,-999
21/08/2022 11:19:12,-999,1060,-999,3,0,-999
21/08/2022 11:19:28,-999,1060,-999,3,0,-999
21/08/2022 11:19:44,-999,1060,-999,3,0,-999
21/08/2022 11:20:00,-999,1070,-999,3,0,-999
21/08/2022 11:20:16,-999,1070,-999,3,0,-999
21/08/2022 11:20:32,-999,1070,-999,3,0,-999
21/08/2022 11:20:48,-999,1070,-999,3,0,-999
21/08/2022 11:21:04,-999,1080,-999,3,0,-999
21/08/2022 11:21:20,-999,1080,-999,3,0,-999
21/08/2022 11:21:36,-999,1080,-999,3,0,-999
21/08/2022 11:21:52,-999,1090,-999,3,0,-999
21/08/2022 11:22:08,-999,1090,-999,3,0,-999
21/08/2022 11:22:24,-999,1090,-999,3,0,-999
21/08/2022 11:22:40,-999,1090,-999,3,0,-999
21/08/2022 11:22:56,-999,1090,-999,3,0,-999
21/08/2022 11:23:12,-999,1100,-999,3,0,-999
21/08/2022 11:23:28,-999,1100,-999,3,0,-999
21/08/2022 11:23:44,-999,1100,-999,3,0,-999
21/08/2022 11:24:00,-999,1100,-999,3,0,-999
21/08/2022 11:24:16,-999,1100,-999,3,0,-999
21/08/2022 11:24:32,-999,1110,-999,3,0,-999
21/08/2022 11:24:48,-999,1110,-999,3,0,-999
21/08/2022 11:25:04,-999,1110,-999,3,0,-999
21/08/2022 11:25:20,-999,1110,-999,3,0,-999
21/08/2022 11:25:36,-999,1110,-999,3,0,-999
21/08/2022 11:25:52,-999,1110,-999,3,0,-999
21/08/2022 11:26:08,-999,1120,-999,3,0,-999
21/08/2022 11:26:24,-999,1120,-999,3,0,-999
21/08/2022 11:26:40,-999,1120,-999,3,0,-999
21/08/2022 11:26:56,-999,1120,-999,3,0,-999
21/08/2022 11:27:12,-999,1120,-999,3,0,-999
21/08/2022 11:27:28,-999,1120,-999,3,0,-999
21/08/2022 11:27:44,-999,1110,-999,3,0,-999
21/08/2022 11:28:00,-999,1110,-999,3,0,-999
21/08/2022 11:28:16,-999,1120,-999,3,0,-999
21/08/2022 11:28:32,-999,1120,-999,3,0,-999
21/08/2022 11:28:48,-999,1120,-999,3,0,-999
21/08/2022 11:29:04,-999,1120,-999,3,0,-999
21/08/2022 11:29:20,-999,1120,-999,3,0,-999
21/08/2022 11:29:36,-999,1120,-999,3,0,-999
21/08/2022 11:29:52,-999,1120,-999,3,0,-999
21/08/2022 11:30:08,-999,1120,-999,3,0,-999
21/08/2022 11:30:24,-999,1120,-999,3,0,-999
21/08/2022 11:30:40,-999,1130,-999,3,0,-999
21/08/2022 11:30:56,-999,1130,-999,3,0,-999
21/08/2022 11:31:12,-999,1130,-999,3,0,-999
21/08/2022 11:31:28,-999,1130,-999,3,0,-999
21/08/2022 11:31:44,-999,1130,-999,3,0,-999
21/08/2022 11:32:00,-999,1130,-999,3,0,-999
21/08/2022 11:32:16,-999,1130,-999,3,0,-999
21/08/2022 11:32:32,-999,1130,-999,3,0,-999
21/08/2022 11:32:48,-999,1130,-999,3,0,-999
21/08/2022 11:33:04,-999,1130,-999,3,0,-999
21/08/2022 11:33:20,-999,1130,-999,3,0,-999
21/08/2022 11:33:36,-999,1130,-999,3,0,-999
21/08/2022 11:33:52,-999,1130,-999,3,0,-999
21/08/2022 11:34:08,-999,1130,-999,3,0,-999
21/08/2022 11:34:24,-999,1130,-999,3,0,-999
21/08/2022 11:34:40,-999,1130,-999,3,0,-999
21/08/2022 11:34:56,-999,1130,-999,3,0,-999
21/08/2022 11:35:12,-999,1130,-999,3,0,-999
21/08/2022 11:35:28,-999,1130,-999,3,0,-999
21/08/2022 11:35:44,-999,1130,-999,3,0,-999
21/08/2022 11:36:00,-999,1130,-999,3,0,-999
21/08/2022 11:36:16,-999,1130,-999,3,0,-999
21/08/2022 11:36:32,-999,1130,-999,3,0,-999
21/08/2022 11:36:48,-999,1130,-999,3,0,-999
21/08/2022 11:37:04,-999,1130,-999,3,0,-999
21/08/2022 11:37:20,-999,1130,-999,3,0,-999
21/08/2022 11:37:36,-999,1130,-999,3,0,-999
21/08/2022 11:37:52,-999,1130,-999,3,0,-999
21/08/2022 11:38:08,-999,1120,-999,3,0,-999
21/08/2022 11:38:24,-999,1120,-999,3,0,-999
21/08/2022 11:38:40,-999,1120,-999,3,0,-999
21/08/2022 11:38:56,-999,1120,-999,3,0,-999
21/08/2022 11:39:12,-999,1120,-999,3,0,-999
21/08/2022 11:39:28,-999,1120,-999,3,0,-999
21/08/2022 11:39:44,-999,1120,-999,3,0,-999
21/08/2022 11:40:00,-999,1120,-999,3,0,-999
21/08/2022 11:40:16,-999,1110,-999,3,0,-999
21/08/2022 11:40:32,-999,1110,-999,3,0,-999
21/08/2022 11:40:48,-999,1110,-999,3,0,-999
21/08/2022 11:41:04,-999,1120,-999,3,0,-999
21/08/2022 11:41:20,-999,1120,-999,3,0,-999
21/08/2022 11:41:36,-999,1120,-999,3,0,-999
21/08/2022 11:41:52,-999,1120,-999,3,0,-999
21/08/2022 11:42:08,-999,1120,-999,3,0,-999
21/08/2022 11:42:24,-999,1120,-999,3,0,-999
21/08/2022 11:42:40,-999,1120,-999,3,0,-999
21/08/2022 11:42:56,-999,1120,-999,3,0,-999
21/08/2022 11:43:12,-999,1120,-999,3,0,-999
21/08/2022 11:43:28,-999,1120,-999,3,0,-999
21/08/2022 11:43:44,-999,1120,-999,3,0,-999
21/08/2022 11:44:00,-999,1120,-999,3,0,-999
21/08/2022 11:44:16,-999,1120,-999,3,0,-999
21/08/2022 11:44:32,-999,1120,-999,3,0,-999
21/08/2022 11:44:48,-999,1130,-999,3,0,-999
21/08/2022 11:45:04,-999,1130,-999,3,0,-999
21/08/2022 11:45:20,-999,1130,-999,3,0,-999
21/08/2022 11:45:36,-999,1130,-999,3,0,-999
21/08/2022 11:45:52,-999,1130,-999,3,0,-999
21/08/2022 11:46:08,-999,1130,-999,3,0,-999
21/08/2022 11:46:24,-999,1130,-999,3,0,-999
21/08/2022 11:46:40,-999,1130,-999,3,0,-999
21/08/2022 11:46:56,-999,1130,-999,3,0,-999
21/08/2022 11:47:12,-999,1130,-999,3,0,-999
21/08/2022 11:47:28,-999,1130,-999,3,0,-999
21/08/2022 11:47:44,-999,1130,-999,3,0,-999
21/08/2022 11:48:00,-999,1130,-999,3,0,-999
21/08/2022 11:48:16,-999,1130,-999,3,0,-999
21/08/2022 11:48:32,-999,1130,-999,3,0,-999
21/08/2022 11:48:48,-999,1130,-999,3,0,-999
21/08/2022 11:49:04,-999,1130,-999,3,0,-999
21/08/2022 11:49:20,-999,1130,-999,3,0,-999
21/08/2022 11:49:36,-999,1130,-999,3,0,-999
21/08/2022 11:49:52,-999,1130,-999,3,0,-999
21/08/2022 11:50:08,-999,1120,-999,3,0,-999
21/08/2022 11:50:24,-999,1120,-999,3,0,-999
21/08/2022 11:50:40,-999,1120,-999,3,0,-999
21/08/2022 11:50:56,-999,1120,-999,3,0,-999
21/08/2022 11:51:12,-999,1120,-999,3,0,-999
21/08/2022 11:51:28,-999,1120,-999,3,0,-999
21/08/2022 11:51:44,-999,1120,-999,3,0,-999
21/08/2022 11:52:00,-999,1120,-999,3,0,-999
21/08/2022 11:52:16,-999,1120,-999,3,0,-999
21/08/2022 11:52:32,-999,1120,-999,3,0,-999
21/08/2022 11:52:48,-999,1130,-999,3,0,-999
21/08/2022 11:53:04,-999,1130,-999,3,0,-999
21/08/2022 11:53:20,-999,1130,-999,3,0,-999
21/08/2022 11:53:36,-999,1140,-999,3,0,-999
21/08/2022 11:53:52,-999,1140,-999,3,0,-999
21/08/2022 11:54:08,-999,1140,-999,3,0,-999
21/08/2022 11:54:24,-999,1140,-999,3,0,-999
21/08/2022 11:54:40,-999,1150,-999,3,0,-999
21/08/2022 11:54:56,-999,1150,-999,3,0,-999
21/08/2022 11:55:12,-999,1150,-999,3,0,-999
21/08/2022 11:55:28,-999,1160,-999,3,0,-999
21/08/2022 11:55:44,-999,1160,-999,3,0,-999
21/08/2022 11:56:00,-999,1170,-999,3,0,-999
21/08/2022 11:56:16,-999,1180,-999,3,0,-999
21/08/2022 11:56:32,-999,1190,-999,3,0,-999
21/08/2022 11:56:48,-999,1190,-999,3,0,-999
21/08/2022 11:57:04,-999,1200,-999,3,0,-999
21/08/2022 11:57:20,-999,1210,-999,3,0,-999
21/08/2022 11:57:36,-999,1220,-999,3,0,-999
21/08/2022 11:57:52,-999,1220,-999,3,0,-999
21/08/2022 11:58:08,-999,1230,-999,3,0,-999
21/08/2022 11:58:24,-999,1240,-999,3,0,-999
21/08/2022 11:58:40,-999,1250,-999,3,0,-999
21/08/2022 11:58:56,-999,1250,-999,3,0,-999
21/08/2022 11:59:12,-999,1260,-999,3,0,-999
21/08/2022 11:59:28,-999,1270,-999,3,0,-999
21/08/2022 11:59:44,-999,1280,-999,3,0,-999
21/08/2022 12:00:00,-999,1280,-999,3,0,-999
21/08/2022 12:00:16,-999,1280,-999,3,0,-999
21/08/2022 12:00:32,-999,1280,-999,3,0,-999
21/08/2022 12:00:48,-999,1290,-999,3,0,-999
21/08/2022 12:01:04,-999,1290,-999,3,0,-999
21/08/2022 12:01:20,-999,1300,-999,3,0,-999
21/08/2022 12:01:36,-999,1300,-999,3,0,-999
21/08/2022 12:01:52,-999,1310,-999,3,0,-999
21/08/2022 12:02:08,-999,1320,-999,3,0,-999
21/08/2022 12:02:24,-999,1320,-999,3,0,-999
21/08/2022 12:02:40,-999,1330,-999,3,0,-999
21/08/2022 12:02:56,-999,1330,-999,3,0,-999
21/08/2022 12:03:12,-999,1340,-999,3,0,-999
21/08/2022 12:03:28,-999,1340,-999,3,0,-999
21/08/2022 12:03:44,-999,1350,-999,3,0,-999
21/08/2022 12:04:00,-999,1350,-999,3,0,-999
21/08/2022 12:04:16,-999,1360,-999,3,0,-999
21/08/2022 12:04:32,-999,1360,-999,3,0,-999
21/08/2022 12:04:48,-999,1370,-999,3,0,-999
21/08/2022 12:05:04,-999,1380,-999,3,0,-999
21/08/2022 12:05:20,-999,1380,-999,3,0,-999
21/08/2022 12:05:36,-999,1390,-999,3,0,-999
21/08/2022 12:05:52,-999,1390,-999,3,0,-999
21/08/2022 12:06:08,-999,1390,-999,3,0,-999
21/08/2022 12:06:24,-999,1400,-999,3,0,-999
21/08/2022 12:06:40,-999,1400,-999,3,0,-999
21/08/2022 12:06:56,-999,1400,-999,3,0,-999
21/08/2022 12:07:12,-999,1400,-999,3,0,-999
21/08/2022 12:07:28,-999,1400,-999,3,0,-999
21/08/2022 12:07:44,-999,1400,-999,3,0,-999
21/08/2022 12:08:00,-999,1400,-999,3,0,-999
21/08/2022 12:08:16,-999,1390,-999,3,0,-999
21/08/2022 12:08:32,-999,1390,-999,3,0,-999
21/08/2022 12:08:00,-999,1400,-999,3,0,-999
21/08/2022 12:08:16,-999,1390,-999,3,0,-999
21/08/2022 12:08:32,-999,1390,-999,3,0,-999
21/08/2022 12:08:48,-999,1390,-999,3,0,-999
21/08/2022 12:09:04,-999,1390,-999,3,0,-999
21/08/2022 12:09:20,-999,1390,-999,3,0,-999
21/08/2022 12:09:36,-999,1390,-999,3,0,-999
21/08/2022 12:09:52,-999,1380,-999,3,0,-999
21/08/2022 12:10:08,-999,1380,-999,3,0,-999
21/08/2022 12:10:24,-999,1380,-999,3,0,-999
21/08/2022 12:10:40,-999,1370,-999,3,0,-999
21/08/2022 12:10:56,-999,1370,-999,3,0,-999
21/08/2022 12:11:12,-999,1360,-999,3,0,-999
21/08/2022 12:11:28,-999,1360,-999,3,0,-999
21/08/2022 12:11:44,-999,1360,-999,3,0,-999
21/08/2022 12:12:00,-999,1350,-999,3,0,-999
21/08/2022 12:12:16,-999,1350,-999,3,0,-999
21/08/2022 12:12:32,-999,1340,-999,3,0,-999
21/08/2022 12:12:48,-999,1340,-999,3,0,-999
21/08/2022 12:13:04,-999,1330,-999,3,0,-999
21/08/2022 12:13:20,-999,1330,-999,3,0,-999
21/08/2022 12:13:36,-999,1330,-999,3,0,-999
21/08/2022 12:13:52,-999,1330,-999,3,0,-999
21/08/2022 12:14:08,-999,1330,-999,3,0,-999
21/08/2022 12:14:24,-999,1330,-999,3,0,-999
21/08/2022 12:14:40,-999,1330,-999,3,0,-999
21/08/2022 12:14:56,-999,1330,-999,3,0,-999
21/08/2022 12:15:12,-999,1330,-999,3,0,-999
21/08/2022 12:15:28,-999,1330,-999,3,0,-999
21/08/2022 12:15:44,-999,1330,-999,3,0,-999
21/08/2022 12:16:00,-999,1320,-999,3,0,-999
21/08/2022 12:16:16,-999,1320,-999,3,0,-999
21/08/2022 12:16:32,-999,1320,-999,3,0,-999
21/08/2022 12:16:48,-999,1320,-999,3,0,-999
21/08/2022 12:17:04,-999,1320,-999,3,0,-999
21/08/2022 12:17:20,-999,1320,-999,3,0,-999
21/08/2022 12:17:36,-999,1320,-999,3,0,-999
21/08/2022 12:17:52,-999,1320,-999,3,0,-999
21/08/2022 12:18:08,-999,1320,-999,3,0,-999
21/08/2022 12:18:24,-999,1310,-999,3,0,-999
21/08/2022 12:18:40,-999,1310,-999,3,0,-999
21/08/2022 12:18:56,-999,1300,-999,3,0,-999
21/08/2022 12:19:12,-999,1300,-999,3,0,-999
21/08/2022 12:19:28,-999,1290,-999,3,0,-999
21/08/2022 12:19:44,-999,1290,-999,3,0,-999
21/08/2022 12:20:00,-999,1290,-999,3,0,-999
21/08/2022 12:20:16,-999,1290,-999,3,0,-999
21/08/2022 12:20:32,-999,1280,-999,3,0,-999
21/08/2022 12:20:48,-999,1280,-999,3,0,-999
21/08/2022 12:21:04,-999,1280,-999,3,0,-999
21/08/2022 12:21:20,-999,1280,-999,3,0,-999
21/08/2022 12:21:36,-999,1280,-999,3,0,-999
21/08/2022 12:21:52,-999,1280,-999,3,0,-999
21/08/2022 12:22:08,-999,1280,-999,3,0,-999
21/08/2022 12:22:24,-999,1290,-999,3,0,-999
21/08/2022 12:22:40,-999,1290,-999,3,0,-999
21/08/2022 12:22:56,-999,1290,-999,3,0,-999
21/08/2022 12:23:12,-999,1290,-999,3,0,-999
21/08/2022 12:23:28,-999,1290,-999,3,0,-999
21/08/2022 12:23:44,-999,1280,-999,3,0,-999
21/08/2022 12:24:00,-999,1280,-999,3,0,-999
21/08/2022 12:24:16,-999,1280,-999,3,0,-999
21/08/2022 12:24:32,-999,1280,-999,3,0,-999
21/08/2022 12:24:48,-999,1280,-999,3,0,-999
21/08/2022 12:25:04,-999,1270,-999,3,0,-999
21/08/2022 12:25:20,-999,1270,-999,3,0,-999
21/08/2022 12:25:36,-999,1270,-999,3,0,-999
21/08/2022 12:25:52,-999,1260,-999,3,0,-999
21/08/2022 12:26:08,-999,1260,-999,3,0,-999
21/08/2022 12:26:24,-999,1260,-999,3,0,-999
21/08/2022 12:26:40,-999,1250,-999,3,0,-999
21/08/2022 12:26:56,-999,1250,-999,3,0,-999
21/08/2022 12:27:12,-999,1250,-999,3,0,-999
21/08/2022 12:27:28,-999,1240,-999,3,0,-999
21/08/2022 12:27:44,-999,1240,-999,3,0,-999
21/08/2022 12:28:00,-999,1240,-999,3,0,-999
21/08/2022 12:28:16,-999,1230,-999,3,0,-999
21/08/2022 12:28:32,-999,1230,-999,3,0,-999
21/08/2022 12:28:48,-999,1230,-999,3,0,-999
21/08/2022 12:29:04,-999,1230,-999,3,0,-999
21/08/2022 12:29:20,-999,1220,-999,3,0,-999
21/08/2022 12:29:36,-999,1220,-999,3,0,-999
21/08/2022 12:29:52,-999,1210,-999,3,0,-999
21/08/2022 12:30:08,-999,1210,-999,3,0,-999
21/08/2022 12:30:24,-999,1200,-999,3,0,-999
21/08/2022 12:30:40,-999,1200,-999,3,0,-999
21/08/2022 12:30:56,-999,1190,-999,3,0,-999
21/08/2022 12:31:12,-999,1180,-999,3,0,-999
21/08/2022 12:31:28,-999,1180,-999,3,0,-999
21/08/2022 12:31:44,-999,1170,-999,3,0,-999
21/08/2022 12:32:00,-999,1170,-999,3,0,-999
21/08/2022 12:32:16,-999,1170,-999,3,0,-999
21/08/2022 12:32:32,-999,1160,-999,3,0,-999
21/08/2022 12:32:48,-999,1160,-999,3,0,-999
21/08/2022 12:33:04,-999,1170,-999,3,0,-999
21/08/2022 12:33:20,-999,1170,-999,3,0,-999
21/08/2022 12:33:36,-999,1170,-999,3,0,-999
21/08/2022 12:33:52,-999,1170,-999,3,0,-999
21/08/2022 12:34:08,-999,1180,-999,3,0,-999
21/08/2022 12:34:24,-999,1180,-999,3,0,-999
21/08/2022 12:34:40,-999,1190,-999,3,0,-999
21/08/2022 12:34:56,-999,1190,-999,3,0,-999
21/08/2022 12:35:12,-999,1200,-999,3,0,-999
21/08/2022 12:35:28,-999,1200,-999,3,0,-999
21/08/2022 12:35:44,-999,1200,-999,3,0,-999
21/08/2022 12:36:00,-999,1210,-999,3,0,-999
21/08/2022 12:36:16,-999,1210,-999,3,0,-999
21/08/2022 12:36:32,-999,1210,-999,3,0,-999
21/08/2022 12:36:48,-999,1210,-999,3,0,-999
21/08/2022 12:37:04,-999,1220,-999,3,0,-999
21/08/2022 12:37:20,-999,1220,-999,3,0,-999
21/08/2022 12:37:36,-999,1230,-999,3,0,-999
21/08/2022 12:37:52,-999,1240,-999,3,0,-999
21/08/2022 12:38:08,-999,1240,-999,3,0,-999
21/08/2022 12:38:24,-999,1250,-999,3,0,-999
21/08/2022 12:38:40,-999,1260,-999,3,0,-999
21/08/2022 12:38:56,-999,1260,-999,3,0,-999
21/08/2022 12:39:12,-999,1270,-999,3,0,-999
21/08/2022 12:39:28,-999,1280,-999,3,0,-999
21/08/2022 12:39:44,-999,1280,-999,3,0,-999
21/08/2022 12:40:00,-999,1290,-999,3,0,-999
21/08/2022 12:40:16,-999,1290,-999,3,0,-999
21/08/2022 12:40:32,-999,1290,-999,3,0,-999
21/08/2022 12:40:48,-999,1300,-999,3,0,-999
21/08/2022 12:41:04,-999,1300,-999,3,0,-999
21/08/2022 12:41:20,-999,1300,-999,3,0,-999
21/08/2022 12:41:36,-999,1300,-999,3,0,-999
21/08/2022 12:41:52,-999,1310,-999,3,0,-999
21/08/2022 12:42:08,-999,1310,-999,3,0,-999
21/08/2022 12:42:24,-999,1310,-999,3,0,-999
21/08/2022 12:42:40,-999,1310,-999,3,0,-999
21/08/2022 12:42:56,-999,1310,-999,3,0,-999
21/08/2022 12:43:12,-999,1310,-999,3,0,-999
21/08/2022 12:43:28,-999,1310,-999,3,0,-999
21/08/2022 12:43:44,-999,1310,-999,3,0,-999
21/08/2022 12:44:00,-999,1310,-999,3,0,-999
21/08/2022 12:44:16,-999,1320,-999,3,0,-999
21/08/2022 12:44:32,-999,1320,-999,3,0,-999
21/08/2022 12:44:48,-999,1320,-999,3,0,-999
21/08/2022 12:45:04,-999,1320,-999,3,0,-999
21/08/2022 12:45:20,-999,1320,-999,3,0,-999
21/08/2022 12:45:36,-999,1320,-999,3,0,-999
21/08/2022 12:45:52,-999,1330,-999,3,0,-999
21/08/2022 12:46:08,-999,1330,-999,3,0,-999
21/08/2022 12:46:24,-999,1330,-999,3,0,-999
21/08/2022 12:46:40,-999,1330,-999,3,0,-999
21/08/2022 12:46:56,-999,1330,-999,3,0,-999
21/08/2022 12:47:12,-999,1320,-999,3,0,-999
21/08/2022 12:47:28,-999,1320,-999,3,0,-999
21/08/2022 12:47:44,-999,1310,-999,3,0,-999
21/08/2022 12:48:00,-999,1310,-999,3,0,-999
21/08/2022 12:48:16,-999,1300,-999,3,0,-999
21/08/2022 12:48:32,-999,1300,-999,3,0,-999
21/08/2022 12:48:48,-999,1290,-999,3,0,-999
21/08/2022 12:49:04,-999,1280,-999,3,0,-999
21/08/2022 12:49:20,-999,1280,-999,3,0,-999
21/08/2022 12:49:36,-999,1270,-999,3,0,-999
21/08/2022 12:49:52,-999,1270,-999,3,0,-999
21/08/2022 12:50:08,-999,1270,-999,3,0,-999
21/08/2022 12:50:24,-999,1260,-999,3,0,-999
21/08/2022 12:50:40,-999,1260,-999,3,0,-999
21/08/2022 12:50:56,-999,1260,-999,3,0,-999
21/08/2022 12:51:12,-999,1250,-999,3,0,-999
21/08/2022 12:51:28,-999,1240,-999,3,0,-999
21/08/2022 12:51:44,-999,1240,-999,3,0,-999
21/08/2022 12:52:00,-999,1230,-999,3,0,-999
21/08/2022 12:52:16,-999,1220,-999,3,0,-999
21/08/2022 12:52:32,-999,1220,-999,3,0,-999
21/08/2022 12:52:48,-999,1210,-999,3,0,-999
21/08/2022 12:53:04,-999,1200,-999,3,0,-999
21/08/2022 12:53:20,-999,1200,-999,3,0,-999
21/08/2022 12:53:36,-999,1190,-999,3,0,-999
21/08/2022 12:53:52,-999,1180,-999,3,0,-999
21/08/2022 12:54:08,-999,1180,-999,3,0,-999
21/08/2022 12:54:24,-999,1180,-999,3,0,-999
21/08/2022 12:54:40,-999,1170,-999,3,0,-999
21/08/2022 12:54:56,-999,1170,-999,3,0,-999
21/08/2022 12:55:12,-999,1170,-999,3,0,-999
21/08/2022 12:55:28,-999,1170,-999,3,0,-999
21/08/2022 12:55:44,-999,1160,-999,3,0,-999
21/08/2022 12:56:00,-999,1160,-999,3,0,-999
21/08/2022 12:56:16,-999,1160,-999,3,0,-999
21/08/2022 12:56:32,-999,1160,-999,3,0,-999
21/08/2022 12:56:48,-999,1160,-999,3,0,-999
21/08/2022 12:57:04,-999,1150,-999,3,0,-999
21/08/2022 12:57:20,-999,1150,-999,3,0,-999
21/08/2022 12:57:36,-999,1150,-999,3,0,-999
21/08/2022 12:57:52,-999,1150,-999,3,0,-999
21/08/2022 12:58:08,-999,1150,-999,3,0,-999
21/08/2022 12:58:24,-999,1140,-999,3,0,-999
21/08/2022 12:58:40,-999,1140,-999,3,0,-999
21/08/2022 12:58:56,-999,1140,-999,3,0,-999
21/08/2022 12:59:12,3,1130,1290,3,0,-999
21/08/2022 12:59:28,3,1130,1290,3,0,-999
21/08/2022 12:59:44,3,1130,1290,3,0,-999
21/08/2022 13:00:00,3,1120,1130,3,0,-999
21/08/2022 13:00:16,3,1120,1130,3,0,-999
21/08/2022 13:00:32,3,1110,1130,3,0,-999
21/08/2022 13:00:48,3,1110,1130,3,0,-999
21/08/2022 13:01:04,3,1100,1130,3,0,-999
21/08/2022 13:01:20,3,1100,1130,3,0,-999
21/08/2022 13:01:36,3,1090,1130,3,0,-999
21/08/2022 13:01:52,3,1090,1130,3,0,-999
21/08/2022 13:02:08,3,1090,1130,3,0,-999
21/08/2022 13:02:24,3,1090,1130,3,0,-999
21/08/2022 13:02:40,3,1090,1130,3,0,-999
21/08/2022 13:02:56,3,1090,1130,3,0,-999
21/08/2022 13:03:12,3,1090,1130,3,0,-999
21/08/2022 13:03:28,3,1090,1130,3,0,-999
21/08/2022 13:03:44,3,1090,1130,3,0,-999
21/08/2022 13:04:00,3,1100,1130,3,0,-999
21/08/2022 13:04:16,3,1100,1130,3,0,-999
21/08/2022 13:04:32,3,1110,1130,3,0,-999
21/08/2022 13:04:48,3,1110,1130,3,0,-999
21/08/2022 13:05:04,3,1120,1130,3,0,-999
21/08/2022 13:05:20,3,1130,1130,3,0,-999
21/08/2022 13:05:36,3,1130,1130,3,0,-999
21/08/2022 13:05:52,3,1140,1130,3,0,-999
21/08/2022 13:06:08,3,1140,1130,3,0,-999
21/08/2022 13:06:24,3,1140,1130,3,0,-999
21/08/2022 13:06:40,3,1150,1130,3,0,-999
21/08/2022 13:06:56,3,1150,1130,3,0,-999
21/08/2022 13:07:12,3,1160,1130,3,0,-999
21/08/2022 13:07:28,3,1160,1130,3,0,-999
21/08/2022 13:07:44,3,1170,1130,3,0,-999
21/08/2022 13:08:00,3,1170,1130,3,0,-999
21/08/2022 13:08:16,3,1170,1130,3,0,-999
21/08/2022 13:08:32,3,1170,1130,3,0,-999
21/08/2022 13:08:48,3,1170,1130,3,0,-999
21/08/2022 13:09:04,3,1170,1130,3,0,-999
21/08/2022 13:09:20,3,1170,1130,3,0,-999
21/08/2022 13:09:36,3,1170,1130,3,0,-999
21/08/2022 13:09:52,3,1170,1130,3,0,-999
21/08/2022 13:10:08,3,1170,1130,3,0,-999
21/08/2022 13:10:24,3,1170,1130,3,0,-999
21/08/2022 13:10:40,3,1170,1130,3,0,-999
21/08/2022 13:10:56,3,1170,1130,3,0,-999
21/08/2022 13:11:12,3,1170,1130,3,0,-999
21/08/2022 13:11:28,3,1180,1130,3,0,-999
21/08/2022 13:11:44,3,1180,1130,3,0,-999
21/08/2022 13:12:00,3,1180,1130,3,0,-999
21/08/2022 13:12:16,3,1180,1130,3,0,-999
21/08/2022 13:12:32,3,1190,1130,3,0,-999
21/08/2022 13:12:48,3,1190,1130,3,0,-999
21/08/2022 13:13:04,3,1200,1130,3,0,-999
21/08/2022 13:13:20,3,1200,1130,3,0,-999
21/08/2022 13:13:36,3,1200,1130,3,0,-999
21/08/2022 13:13:52,3,1210,1130,3,0,-999
21/08/2022 13:14:08,3,1210,1130,3,0,-999
21/08/2022 13:14:24,3,1220,1130,3,0,-999
21/08/2022 13:14:40,3,1220,1130,3,0,-999
21/08/2022 13:14:56,3,1230,1130,3,0,-999
21/08/2022 13:15:12,3,1230,1130,3,0,-999
21/08/2022 13:15:28,3,1240,1130,3,0,-999
21/08/2022 13:15:44,3,1240,1130,3,0,-999
21/08/2022 13:16:00,3,1240,1130,3,0,-999
21/08/2022 13:16:16,3,1250,1130,3,0,-999
21/08/2022 13:16:32,3,1250,1130,3,0,-999
21/08/2022 13:16:48,3,1250,1130,3,0,-999
21/08/2022 13:17:04,3,1250,1130,3,0,-999
21/08/2022 13:17:20,3,1250,1130,3,0,-999
21/08/2022 13:17:36,3,1250,1130,3,0,-999
21/08/2022 13:17:52,3,1250,1130,3,0,-999
21/08/2022 13:18:08,3,1250,1130,3,0,-999
21/08/2022 13:18:24,3,1250,1130,3,0,-999
21/08/2022 13:18:40,3,1250,1130,3,0,-999
21/08/2022 13:18:56,3,1250,1130,3,0,-999
21/08/2022 13:19:12,3,1240,1130,3,0,-999
21/08/2022 13:19:28,3,1240,1130,3,0,-999
21/08/2022 13:19:44,3,1240,1130,3,0,-999
21/08/2022 13:20:00,3,1240,1130,3,0,-999
21/08/2022 13:20:16,3,1240,1130,3,0,-999
21/08/2022 13:20:32,3,1240,1130,3,0,-999
21/08/2022 13:20:48,3,1240,1130,3,0,-999
21/08/2022 13:21:04,3,1230,1130,3,0,-999
21/08/2022 13:21:20,3,1230,1130,3,0,-999
21/08/2022 13:21:36,3,1230,1130,3,0,-999
21/08/2022 13:21:52,3,1230,1130,3,0,-999
21/08/2022 13:22:08,3,1230,1130,3,0,-999
21/08/2022 13:22:24,3,1230,1130,3,0,-999
21/08/2022 13:22:40,3,1230,1130,3,0,-999
21/08/2022 13:22:56,3,1230,1130,3,0,-999
21/08/2022 13:23:12,3,1240,1130,3,0,-999
21/08/2022 13:23:28,3,1230,1130,3,0,-999
21/08/2022 13:23:44,3,1230,1130,3,0,-999
21/08/2022 13:24:00,3,1230,1130,3,0,-999
21/08/2022 13:24:16,3,1230,1130,3,0,-999
21/08/2022 13:24:32,3,1230,1130,3,0,-999
21/08/2022 13:24:48,3,1220,1130,3,0,-999
21/08/2022 13:25:04,3,1220,1130,3,0,-999
21/08/2022 13:25:20,3,1220,1130,3,0,-999
21/08/2022 13:25:36,3,1220,1130,3,0,-999
21/08/2022 13:25:52,3,1220,1130,3,0,-999
21/08/2022 13:26:08,3,1220,1130,3,0,-999
21/08/2022 13:26:24,3,1220,1130,3,0,-999
21/08/2022 13:26:40,3,1220,1130,3,0,-999
21/08/2022 13:26:56,3,1220,1130,3,0,-999
21/08/2022 13:27:12,3,1220,1130,3,0,-999
21/08/2022 13:27:28,3,1220,1130,3,0,-999
21/08/2022 13:27:44,3,1220,1130,3,0,-999
21/08/2022 13:28:00,3,1220,1130,3,0,-999
21/08/2022 13:28:16,3,1220,1130,3,0,-999
21/08/2022 13:28:32,3,1220,1130,3,0,-999
21/08/2022 13:28:48,3,1220,1130,3,0,-999
21/08/2022 13:29:04,3,1220,1130,3,0,-999
21/08/2022 13:29:20,3,1220,1130,3,0,-999
21/08/2022 13:29:36,3,1220,1130,3,0,-999
21/08/2022 13:29:52,3,1220,1130,3,0,-999
21/08/2022 13:30:08,3,1230,1130,3,0,-999
21/08/2022 13:30:24,3,1230,1130,3,0,-999
21/08/2022 13:30:40,3,1230,1130,3,0,-999
21/08/2022 13:30:56,3,1230,1130,3,0,-999
21/08/2022 13:31:12,3,1230,1130,3,0,-999
21/08/2022 13:31:28,3,1240,1130,3,0,-999
21/08/2022 13:31:44,3,1240,1130,3,0,-999
21/08/2022 13:32:00,3,1240,1130,3,0,-999
21/08/2022 13:32:16,3,1240,1130,3,0,-999
21/08/2022 13:32:32,3,1240,1130,3,0,-999
21/08/2022 13:32:48,3,1240,1130,3,0,-999
21/08/2022 13:33:04,3,1250,1130,3,0,-999
21/08/2022 13:33:20,3,1240,1130,3,0,-999
21/08/2022 13:33:36,3,1240,1130,3,0,-999
21/08/2022 13:33:52,3,1250,1130,3,0,-999
21/08/2022 13:34:08,3,1250,1130,3,0,-999
21/08/2022 13:34:24,3,1260,1130,3,0,-999
21/08/2022 13:34:40,3,1260,1130,3,0,-999
21/08/2022 13:34:56,3,1260,1130,3,0,-999
21/08/2022 13:35:12,3,1270,1130,3,0,-999
21/08/2022 13:35:28,3,1270,1130,3,0,-999
21/08/2022 13:35:44,3,1280,1130,3,0,-999
21/08/2022 13:36:00,3,1280,1130,3,0,-999
21/08/2022 13:36:16,3,1290,1130,3,0,-999
21/08/2022 13:36:32,3,1300,1130,3,0,-999
21/08/2022 13:36:48,3,1310,1130,3,0,-999
21/08/2022 13:37:04,3,1320,1130,3,0,-999
21/08/2022 13:37:20,3,1330,1130,3,0,-999
21/08/2022 13:37:36,3,1340,1130,3,0,-999
21/08/2022 13:37:52,3,1350,1130,3,0,-999
21/08/2022 13:38:08,3,1370,1130,3,0,-999
21/08/2022 13:38:24,3,1380,1130,3,0,-999
21/08/2022 13:38:40,3,1380,1130,3,0,-999
21/08/2022 13:38:56,3,1390,1130,3,0,-999
21/08/2022 13:39:12,3,1390,1130,3,0,-999
21/08/2022 13:39:28,3,1400,1130,3,0,-999
21/08/2022 13:39:44,3,1400,1130,3,0,-999
21/08/2022 13:40:00,3,1410,1130,3,0,-999
21/08/2022 13:40:16,3,1410,1130,3,0,-999
21/08/2022 13:40:32,3,1410,1130,3,0,-999
21/08/2022 13:40:48,3,1420,1130,3,0,-999
21/08/2022 13:41:04,3,1420,1130,3,0,-999
21/08/2022 13:41:20,3,1430,1130,3,0,-999
21/08/2022 13:41:36,3,1440,1130,3,0,-999
21/08/2022 13:41:52,3,1440,1130,3,0,-999
21/08/2022 13:42:08,3,1450,1130,3,0,-999
21/08/2022 13:42:24,3,1450,1130,3,0,-999
21/08/2022 13:42:40,3,1460,1130,3,0,-999
21/08/2022 13:42:56,3,1470,1130,3,0,-999
21/08/2022 13:43:12,3,1470,1130,3,0,-999
21/08/2022 13:43:28,3,1470,1130,3,0,-999
21/08/2022 13:43:44,3,1480,1130,3,0,-999
21/08/2022 13:44:00,3,1480,1130,3,0,-999
21/08/2022 13:44:16,3,1480,1130,3,0,-999
21/08/2022 13:44:32,3,1480,1130,3,0,-999
21/08/2022 13:44:48,3,1480,1130,3,0,-999
21/08/2022 13:45:04,3,1490,1130,3,0,-999
21/08/2022 13:45:20,3,1490,1130,3,0,-999
21/08/2022 13:45:36,3,1490,1130,3,0,-999
21/08/2022 13:45:52,3,1490,1130,3,0,-999
21/08/2022 13:46:08,3,1490,1130,3,0,-999
21/08/2022 13:46:24,3,1490,1130,3,0,-999
21/08/2022 13:46:40,3,1500,1130,3,0,-999
21/08/2022 13:46:56,3,1500,1130,3,0,-999
21/08/2022 13:47:12,3,1510,1130,3,0,-999
21/08/2022 13:47:28,3,1510,1130,3,0,-999
21/08/2022 13:47:44,3,1510,1130,3,0,-999
21/08/2022 13:48:00,3,1520,1130,3,0,-999
21/08/2022 13:48:16,3,1520,1130,3,0,-999
21/08/2022 13:48:32,3,1520,1130,3,0,-999
21/08/2022 13:48:48,3,1520,1130,3,0,-999
21/08/2022 13:49:04,3,1530,1130,3,0,-999
21/08/2022 13:49:20,3,1530,1130,3,0,-999
21/08/2022 13:49:36,3,1530,1130,3,0,-999
21/08/2022 13:49:52,3,1530,1130,3,0,-999
21/08/2022 13:50:08,3,1530,1130,3,0,-999
21/08/2022 13:50:24,3,1530,1130,3,0,-999
21/08/2022 13:50:40,3,1520,1130,3,0,-999
21/08/2022 13:50:56,3,1520,1130,3,0,-999
21/08/2022 13:51:12,3,1510,1130,3,0,-999
21/08/2022 13:51:28,3,1510,1130,3,0,-999
21/08/2022 13:51:44,3,1500,1130,3,0,-999
21/08/2022 13:52:00,3,1500,1130,3,0,-999
21/08/2022 13:52:16,3,1490,1130,3,0,-999
21/08/2022 13:52:32,3,1490,1130,3,0,-999
21/08/2022 13:52:48,3,1490,1130,3,0,-999
21/08/2022 13:53:04,3,1490,1130,3,0,-999
21/08/2022 13:53:20,3,1490,1130,3,0,-999
21/08/2022 13:53:36,3,1490,1130,3,0,-999
21/08/2022 13:53:52,3,1490,1130,3,0,-999
21/08/2022 13:54:08,3,1490,1130,3,0,-999
21/08/2022 13:54:24,3,1490,1130,3,0,-999
21/08/2022 13:54:40,3,1490,1130,3,0,-999
21/08/2022 13:54:56,3,1480,1130,3,0,-999
21/08/2022 13:55:12,3,1480,1130,3,0,-999
21/08/2022 13:55:28,3,1480,1130,3,0,-999
21/08/2022 13:55:44,3,1470,1130,3,0,-999
21/08/2022 13:56:00,3,1470,1130,3,0,-999
21/08/2022 13:56:16,3,1470,1130,3,0,-999
21/08/2022 13:56:32,3,1460,1130,3,0,-999
21/08/2022 13:56:48,3,1450,1130,3,0,-999
21/08/2022 13:57:04,3,1450,1130,3,0,-999
21/08/2022 13:57:20,3,1450,1130,3,0,-999
21/08/2022 13:57:36,3,1450,1130,3,0,-999
21/08/2022 13:57:52,3,1450,1130,3,0,-999
21/08/2022 13:58:08,3,1450,1130,3,0,-999
21/08/2022 13:58:24,3,1440,1130,3,0,-999
21/08/2022 13:58:40,3,1440,1130,3,0,-999
21/08/2022 13:58:56,3,1450,1130,3,0,-999
21/08/2022 13:59:12,3,1450,1130,3,0,-999
21/08/2022 13:59:28,3,1450,1130,3,0,-999
21/08/2022 13:59:44,3,1450,1130,3,0,-999
21/08/2022 14:00:00,2,1460,1230,3,0,-999
21/08/2022 14:00:16,2,1460,1230,3,0,-999
21/08/2022 14:00:32,2,1450,1230,3,0,-999
21/08/2022 14:00:48,2,1450,1230,3,0,-999
21/08/2022 14:01:04,2,1450,1230,3,0,-999
21/08/2022 14:01:20,2,1440,1230,3,0,-999
21/08/2022 14:01:36,2,1440,1230,3,0,-999
21/08/2022 14:01:52,2,1430,1230,3,0,-999
21/08/2022 14:02:08,2,1430,1230,3,0,-999
21/08/2022 14:02:24,2,1430,1230,3,0,-999
21/08/2022 14:02:40,2,1420,1230,3,0,-999
21/08/2022 14:02:56,2,1410,1230,3,0,-999
21/08/2022 14:03:12,2,1410,1230,3,0,-999
21/08/2022 14:03:28,2,1400,1230,3,0,-999
21/08/2022 14:03:44,2,1400,1230,3,0,-999
21/08/2022 14:04:00,2,1400,1230,3,0,-999
21/08/2022 14:04:16,2,1400,1230,3,0,-999
21/08/2022 14:04:32,2,1400,1230,3,0,-999
21/08/2022 14:04:48,2,1410,1230,3,0,-999
21/08/2022 14:05:04,2,1410,1230,3,0,-999
21/08/2022 14:05:20,2,1410,1230,3,0,-999
21/08/2022 14:05:36,2,1410,1230,3,0,-999
21/08/2022 14:05:52,2,1400,1230,3,0,-999
21/08/2022 14:06:08,2,1410,1230,3,0,-999
21/08/2022 14:06:24,2,1410,1230,3,0,-999
21/08/2022 14:06:40,2,1410,1230,3,0,-999
21/08/2022 14:06:56,2,1410,1230,3,0,-999
21/08/2022 14:07:12,2,1410,1230,3,0,-999
21/08/2022 14:07:28,2,1410,1230,3,0,-999
21/08/2022 14:07:44,2,1410,1230,3,0,-999
21/08/2022 14:08:00,2,1420,1230,3,0,-999
21/08/2022 14:08:16,2,1420,1230,3,0,-999
21/08/2022 14:08:32,2,1420,1230,3,0,-999
21/08/2022 14:08:48,2,1420,1230,3,0,-999
21/08/2022 14:09:04,2,1420,1230,3,0,-999
21/08/2022 14:09:20,2,1420,1230,3,0,-999
21/08/2022 14:09:36,2,1420,1230,3,0,-999
21/08/2022 14:09:52,2,1420,1230,3,0,-999
21/08/2022 14:10:08,2,1420,1230,3,0,-999
21/08/2022 14:10:24,2,1430,1230,3,0,-999
21/08/2022 14:10:40,2,1430,1230,3,0,-999
21/08/2022 14:10:56,2,1430,1230,3,0,-999
21/08/2022 14:11:12,2,1430,1230,3,0,-999
21/08/2022 14:11:28,2,1430,1230,3,0,-999
21/08/2022 14:11:44,2,1430,1230,3,0,-999
21/08/2022 14:12:00,2,1430,1230,3,0,-999
21/08/2022 14:12:16,2,1430,1230,3,0,-999
21/08/2022 14:12:32,2,1440,1230,3,0,-999
21/08/2022 14:12:48,2,1440,1230,3,0,-999
21/08/2022 14:13:04,2,1440,1230,3,0,-999
21/08/2022 14:13:20,2,1440,1230,3,0,-999
21/08/2022 14:13:36,2,1440,1230,3,0,-999
21/08/2022 14:13:52,2,1440,1230,3,0,-999
21/08/2022 14:14:08,2,1440,1230,3,0,-999
21/08/2022 14:14:24,2,1440,1230,3,0,-999
21/08/2022 14:14:40,2,1440,1230,3,0,-999
21/08/2022 14:14:56,2,1440,1230,3,0,-999
21/08/2022 14:15:12,2,1440,1230,3,0,-999
21/08/2022 14:15:28,2,1440,1230,3,0,-999
21/08/2022 14:15:44,2,1440,1230,3,0,-999
21/08/2022 14:16:00,2,1440,1230,3,0,-999
21/08/2022 14:16:16,2,1450,1230,3,0,-999
21/08/2022 14:16:32,2,1450,1230,3,0,-999
21/08/2022 14:16:48,2,1450,1230,3,0,-999
21/08/2022 14:17:04,2,1460,1230,3,0,-999
21/08/2022 14:17:20,2,1460,1230,3,0,-999
21/08/2022 14:17:36,2,1460,1230,3,0,-999
21/08/2022 14:17:52,2,1460,1230,3,0,-999
21/08/2022 14:18:08,2,1460,1230,3,0,-999
21/08/2022 14:18:24,2,1460,1230,3,0,-999
21/08/2022 14:18:40,2,1460,1230,3,0,-999
21/08/2022 14:18:56,2,1460,1230,3,0,-999
21/08/2022 14:19:12,2,1460,1230,3,0,-999
21/08/2022 14:19:28,2,1460,1230,3,0,-999
21/08/2022 14:19:44,2,1470,1230,3,0,-999
21/08/2022 14:20:00,2,1470,1230,3,0,-999
21/08/2022 14:20:16,2,1470,1230,3,0,-999
21/08/2022 14:20:32,2,1470,1230,3,0,-999
21/08/2022 14:20:48,2,1470,1230,3,0,-999
21/08/2022 14:21:04,2,1470,1230,3,0,-999
21/08/2022 14:21:20,2,1470,1230,3,0,-999
21/08/2022 14:21:36,2,1480,1230,3,0,-999
21/08/2022 14:21:52,2,1480,1230,3,0,-999
21/08/2022 14:22:08,2,1480,1230,3,0,-999
21/08/2022 14:22:24,2,1490,1230,3,0,-999
21/08/2022 14:22:40,2,1490,1230,3,0,-999
21/08/2022 14:22:56,2,1490,1230,3,0,-999
21/08/2022 14:23:12,2,1490,1230,3,0,-999
21/08/2022 14:23:28,2,1490,1230,3,0,-999
21/08/2022 14:23:44,2,1500,1230,3,0,-999
21/08/2022 14:24:00,2,1500,1230,3,0,-999
21/08/2022 14:24:16,2,1500,1230,3,0,-999
21/08/2022 14:24:32,2,1500,1230,3,0,-999
21/08/2022 14:24:48,2,1510,1230,3,0,-999
21/08/2022 14:25:04,2,1510,1230,3,0,-999
21/08/2022 14:25:20,2,1510,1230,3,0,-999
21/08/2022 14:25:36,2,1510,1230,3,0,-999
21/08/2022 14:25:52,2,1510,1230,3,0,-999
21/08/2022 14:26:08,2,1510,1230,3,0,-999
21/08/2022 14:26:24,2,1510,1230,3,0,-999
21/08/2022 14:26:40,2,1510,1230,3,0,-999
21/08/2022 14:26:56,2,1510,1230,3,0,-999
21/08/2022 14:27:12,2,1510,1230,3,0,-999
21/08/2022 14:27:28,2,1510,1230,3,0,-999
21/08/2022 14:27:44,2,1510,1230,3,0,-999
21/08/2022 14:28:00,2,1510,1230,3,0,-999
21/08/2022 14:28:16,2,1510,1230,3,0,-999
21/08/2022 14:28:32,2,1510,1230,3,0,-999
21/08/2022 14:28:48,2,1510,1230,3,0,-999
21/08/2022 14:29:04,2,1510,1230,3,0,-999
21/08/2022 14:29:20,2,1520,1230,3,0,-999
21/08/2022 14:29:36,2,1520,1230,3,0,-999
21/08/2022 14:29:52,2,1520,1230,3,0,-999
21/08/2022 14:30:08,2,1520,1230,3,0,-999
21/08/2022 14:30:24,2,1520,1230,3,0,-999
21/08/2022 14:30:40,2,1520,1230,3,0,-999
21/08/2022 14:30:56,2,1520,1230,3,0,-999
21/08/2022 14:31:12,2,1520,1230,3,0,-999
21/08/2022 14:31:28,2,1520,1230,3,0,-999
21/08/2022 14:31:44,2,1520,1230,3,0,-999
21/08/2022 14:32:00,2,1520,1230,3,0,-999
21/08/2022 14:32:16,2,1520,1230,3,0,-999
21/08/2022 14:32:32,2,1530,1230,3,0,-999
21/08/2022 14:32:48,2,1530,1230,3,0,-999
21/08/2022 14:33:04,2,1530,1230,3,0,-999
21/08/2022 14:33:20,2,1530,1230,3,0,-999
21/08/2022 14:33:36,2,1530,1230,3,0,-999
21/08/2022 14:33:52,2,1530,1230,3,0,-999
21/08/2022 14:34:08,2,1530,1230,3,0,-999
21/08/2022 14:34:24,2,1530,1230,3,0,-999
21/08/2022 14:34:40,2,1530,1230,3,0,-999
21/08/2022 14:34:56,2,1530,1230,3,0,-999
21/08/2022 14:35:12,2,1530,1230,3,0,-999
21/08/2022 14:35:28,2,1530,1230,3,0,-999
21/08/2022 14:35:44,2,1530,1230,3,0,-999
21/08/2022 14:36:00,2,1530,1230,3,0,-999
21/08/2022 14:36:16,2,1530,1230,3,0,-999
21/08/2022 14:36:32,2,1530,1230,3,0,-999
21/08/2022 14:36:48,2,1540,1230,3,0,-999
21/08/2022 14:37:04,2,1540,1230,3,0,-999
21/08/2022 14:37:20,2,1540,1230,3,0,-999
21/08/2022 14:37:36,2,1530,1230,3,0,-999
21/08/2022 14:37:52,2,1530,1230,3,0,-999
21/08/2022 14:38:08,2,1530,1230,3,0,-999
21/08/2022 14:38:24,2,1530,1230,3,0,-999
21/08/2022 14:38:40,2,1530,1230,3,0,-999
21/08/2022 14:38:56,2,1530,1230,3,0,-999
21/08/2022 14:39:12,2,1530,1230,3,0,-999
21/08/2022 14:39:28,2,1530,1230,3,0,-999
21/08/2022 14:39:44,2,1530,1230,3,0,-999
21/08/2022 14:40:00,2,1530,1230,3,0,-999
21/08/2022 14:40:16,2,1540,1230,3,0,-999
21/08/2022 14:40:32,2,1540,1230,3,0,-999
21/08/2022 14:40:48,2,1540,1230,3,0,-999
21/08/2022 14:41:04,2,1550,1230,3,0,-999
21/08/2022 14:41:20,2,1550,1230,3,0,-999
21/08/2022 14:41:36,2,1550,1230,3,0,-999
21/08/2022 14:41:52,2,1560,1230,3,0,-999
21/08/2022 14:42:08,2,1560,1230,3,0,-999
21/08/2022 14:42:24,2,1570,1230,3,0,-999
21/08/2022 14:42:40,2,1570,1230,3,0,-999
21/08/2022 14:42:56,2,1570,1230,3,0,-999
21/08/2022 14:43:12,2,1580,1230,3,0,-999
21/08/2022 14:43:28,2,1580,1230,3,0,-999
21/08/2022 14:43:44,2,1580,1230,3,0,-999
21/08/2022 14:44:00,2,1590,1230,3,0,-999
21/08/2022 14:44:16,2,1590,1230,3,0,-999
21/08/2022 14:44:32,2,1590,1230,3,0,-999
21/08/2022 14:44:48,2,1590,1230,3,0,-999
21/08/2022 14:45:04,2,1590,1230,3,0,-999
21/08/2022 14:45:20,2,1600,1230,3,0,-999
21/08/2022 14:45:36,2,1600,1230,3,0,-999
21/08/2022 14:45:52,2,1600,1230,3,0,-999
21/08/2022 14:46:08,2,1600,1230,3,0,-999
21/08/2022 14:46:24,2,1600,1230,3,0,-999
21/08/2022 14:46:40,2,1600,1230,3,0,-999
21/08/2022 14:46:56,2,1600,1230,3,0,-999
21/08/2022 14:47:12,2,1600,1230,3,0,-999
21/08/2022 14:47:28,2,1600,1230,3,0,-999
21/08/2022 14:47:44,2,1600,1230,3,0,-999
21/08/2022 14:48:00,2,1610,1230,3,0,-999
21/08/2022 14:48:16,2,1610,1230,3,0,-999
21/08/2022 14:48:32,2,1610,1230,3,0,-999
21/08/2022 14:48:48,2,1610,1230,3,0,-999
21/08/2022 14:49:04,2,1610,1230,3,0,-999
21/08/2022 14:49:20,2,1610,1230,3,0,-999
21/08/2022 14:49:36,2,1610,1230,3,0,-999
21/08/2022 14:49:52,2,1610,1230,3,0,-999
21/08/2022 14:50:08,2,1610,1230,3,0,-999
21/08/2022 14:50:24,2,1610,1230,3,0,-999
21/08/2022 14:50:40,2,1610,1230,3,0,-999
21/08/2022 14:50:56,2,1610,1230,3,0,-999
21/08/2022 14:51:12,2,1610,1230,3,0,-999
21/08/2022 14:51:28,2,1610,1230,3,0,-999
21/08/2022 14:51:44,2,1610,1230,3,0,-999
21/08/2022 14:52:00,2,1610,1230,3,0,-999
21/08/2022 14:52:16,2,1610,1230,3,0,-999
21/08/2022 14:52:32,2,1620,1230,3,0,-999
21/08/2022 14:52:48,2,1620,1230,3,0,-999
21/08/2022 14:53:04,2,1620,1230,3,0,-999
21/08/2022 14:53:20,2,1610,1230,3,0,-999
21/08/2022 14:53:36,2,1610,1230,3,0,-999
21/08/2022 14:53:52,2,1620,1230,3,0,-999
21/08/2022 14:54:08,2,1620,1230,3,0,-999
21/08/2022 14:54:24,2,1620,1230,3,0,-999
21/08/2022 14:54:40,2,1610,1230,3,0,-999
21/08/2022 14:54:56,2,1610,1230,3,0,-999
21/08/2022 14:55:12,2,1610,1230,3,0,-999
21/08/2022 14:55:28,2,1610,1230,3,0,-999
21/08/2022 14:55:44,2,1610,1230,3,0,-999
21/08/2022 14:56:00,2,1610,1230,3,0,-999
21/08/2022 14:56:16,2,1610,1230,3,0,-999
21/08/2022 14:56:32,2,1610,1230,3,0,-999
21/08/2022 14:56:48,2,1610,1230,3,0,-999
21/08/2022 14:57:04,2,1600,1230,3,0,-999
21/08/2022 14:57:20,2,1610,1230,3,0,-999
21/08/2022 14:57:36,2,1600,1230,3,0,-999
21/08/2022 14:57:52,2,1600,1230,3,0,-999
21/08/2022 14:58:08,2,1600,1230,3,0,-999
21/08/2022 14:58:24,2,1600,1230,3,0,-999
21/08/2022 14:58:40,2,1600,1230,3,0,-999
21/08/2022 14:58:56,2,1600,1230,3,0,-999
21/08/2022 14:59:12,2,1590,1230,3,0,-999
21/08/2022 14:59:28,2,1600,1230,3,0,-999
21/08/2022 14:59:44,2,1600,1230,3,0,-999
21/08/2022 15:00:00,2,1600,1510,3,0,-999
21/08/2022 15:00:16,2,1600,1510,3,0,-999
21/08/2022 15:00:32,2,1600,1510,3,0,-999
21/08/2022 15:00:48,2,1600,1510,3,0,-999
21/08/2022 15:01:04,2,1600,1510,3,0,-999
21/08/2022 15:01:20,2,1600,1510,3,0,-999
21/08/2022 15:01:36,2,1600,1510,3,0,-999
21/08/2022 15:01:52,2,1610,1510,3,0,-999
21/08/2022 15:02:08,2,1610,1510,3,0,-999
21/08/2022 15:02:24,2,1610,1510,3,0,-999
21/08/2022 15:02:40,2,1610,1510,3,0,-999
21/08/2022 15:02:56,2,1610,1510,3,0,-999
21/08/2022 15:03:12,2,1610,1510,3,0,-999
21/08/2022 15:03:28,2,1610,1510,3,0,-999
21/08/2022 15:03:44,2,1610,1510,3,0,-999
21/08/2022 15:04:00,2,1610,1510,3,0,-999
21/08/2022 15:04:16,2,1610,1510,3,0,-999
21/08/2022 15:04:32,2,1610,1510,3,0,-999
21/08/2022 15:04:48,2,1610,1510,3,0,-999
21/08/2022 15:05:04,2,1610,1510,3,0,-999
21/08/2022 15:05:20,2,1610,1510,3,0,-999
21/08/2022 15:05:36,2,1610,1510,3,0,-999
21/08/2022 15:05:52,2,1610,1510,3,0,-999
21/08/2022 15:06:08,2,1610,1510,3,0,-999
21/08/2022 15:06:24,2,1610,1510,3,0,-999
21/08/2022 15:06:40,2,1610,1510,3,0,-999
21/08/2022 15:06:56,2,1610,1510,3,0,-999
21/08/2022 15:07:12,2,1610,1510,3,0,-999
21/08/2022 15:07:28,2,1610,1510,3,0,-999
21/08/2022 15:07:44,2,1610,1510,3,0,-999
21/08/2022 15:08:00,2,1610,1510,3,0,-999
21/08/2022 15:08:16,2,1610,1510,3,0,-999
21/08/2022 15:08:32,2,1610,1510,3,0,-999
21/08/2022 15:08:48,2,1610,1510,3,0,-999
21/08/2022 15:09:04,2,1610,1510,3,0,-999
21/08/2022 15:09:20,2,1600,1510,3,0,-999
21/08/2022 15:09:36,2,1600,1510,3,0,-999
21/08/2022 15:09:52,2,1600,1510,3,0,-999
21/08/2022 15:10:08,2,1600,1510,3,0,-999
21/08/2022 15:10:24,2,1600,1510,3,0,-999
21/08/2022 15:10:40,2,1590,1510,3,0,-999
21/08/2022 15:10:56,2,1590,1510,3,0,-999
21/08/2022 15:11:12,2,1590,1510,3,0,-999
21/08/2022 15:11:28,2,1590,1510,3,0,-999
21/08/2022 15:11:44,2,1590,1510,3,0,-999
21/08/2022 15:12:00,2,1590,1510,3,0,-999
21/08/2022 15:12:16,2,1600,1510,3,0,-999
21/08/2022 15:12:32,2,1590,1510,3,0,-999
21/08/2022 15:12:48,2,1600,1510,3,0,-999
21/08/2022 15:13:04,2,1600,1510,3,0,-999
21/08/2022 15:13:20,2,1600,1510,3,0,-999
21/08/2022 15:13:36,2,1600,1510,3,0,-999
21/08/2022 15:13:52,2,1600,1510,3,0,-999
21/08/2022 15:14:08,2,1600,1510,3,0,-999
21/08/2022 15:14:24,2,1590,1510,3,0,-999
21/08/2022 15:14:40,2,1590,1510,3,0,-999
21/08/2022 15:14:56,2,1590,1510,3,0,-999
21/08/2022 15:15:12,2,1590,1510,3,0,-999
21/08/2022 15:15:28,2,1590,1510,3,0,-999
21/08/2022 15:15:44,2,1580,1510,3,0,-999
21/08/2022 15:16:00,2,1580,1510,3,0,-999
21/08/2022 15:16:16,2,1580,1510,3,0,-999
21/08/2022 15:16:32,2,1580,1510,3,0,-999
21/08/2022 15:16:48,2,1570,1510,3,0,-999
21/08/2022 15:17:04,2,1570,1510,3,0,-999
21/08/2022 15:17:20,2,1570,1510,3,0,-999
21/08/2022 15:17:36,2,1570,1510,3,0,-999
21/08/2022 15:17:52,2,1570,1510,3,0,-999
21/08/2022 15:18:08,2,1560,1510,3,0,-999
21/08/2022 15:18:24,2,1560,1510,3,0,-999
21/08/2022 15:18:40,2,1550,1510,3,0,-999
21/08/2022 15:18:56,2,1550,1510,3,0,-999
21/08/2022 15:19:12,2,1550,1510,3,0,-999
21/08/2022 15:19:28,2,1550,1510,3,0,-999
21/08/2022 15:19:44,2,1540,1510,3,0,-999
21/08/2022 15:20:00,2,1540,1510,3,0,-999
21/08/2022 15:20:16,2,1540,1510,3,0,-999
21/08/2022 15:20:32,2,1540,1510,3,0,-999
21/08/2022 15:20:48,2,1540,1510,3,0,-999
21/08/2022 15:21:04,2,1530,1510,3,0,-999
21/08/2022 15:21:20,2,1530,1510,3,0,-999
21/08/2022 15:21:36,2,1530,1510,3,0,-999
21/08/2022 15:21:52,2,1530,1510,3,0,-999
21/08/2022 15:22:08,2,1520,1510,3,0,-999
21/08/2022 15:22:24,2,1530,1510,3,0,-999
21/08/2022 15:22:40,2,1530,1510,3,0,-999
21/08/2022 15:22:56,2,1530,1510,3,0,-999
21/08/2022 15:23:12,2,1520,1510,3,0,-999
21/08/2022 15:23:28,2,1530,1510,3,0,-999
21/08/2022 15:23:44,2,1530,1510,3,0,-999
21/08/2022 15:24:00,2,1530,1510,3,0,-999
21/08/2022 15:24:16,2,1530,1510,3,0,-999
21/08/2022 15:24:32,2,1530,1510,3,0,-999
21/08/2022 15:24:48,2,1530,1510,3,0,-999
21/08/2022 15:25:04,2,1530,1510,3,0,-999
21/08/2022 15:25:20,2,1530,1510,3,0,-999
21/08/2022 15:25:36,2,1530,1510,3,0,-999
21/08/2022 15:25:52,2,1530,1510,3,0,-999
21/08/2022 15:26:08,2,1530,1510,3,0,-999
21/08/2022 15:26:24,2,1530,1510,3,0,-999
21/08/2022 15:26:40,2,1530,1510,3,0,-999
21/08/2022 15:26:56,2,1540,1510,3,0,-999
21/08/2022 15:27:12,2,1540,1510,3,0,-999
21/08/2022 15:27:28,2,1540,1510,3,0,-999
21/08/2022 15:27:44,2,1540,1510,3,0,-999
21/08/2022 15:28:00,2,1540,1510,3,0,-999
21/08/2022 15:28:16,2,1550,1510,3,0,-999
21/08/2022 15:28:32,2,1550,1510,3,0,-999
21/08/2022 15:28:48,2,1550,1510,3,0,-999
21/08/2022 15:29:04,2,1550,1510,3,0,-999
21/08/2022 15:29:20,2,1560,1510,3,0,-999
21/08/2022 15:29:36,2,1560,1510,3,0,-999
21/08/2022 15:29:52,2,1560,1510,3,0,-999
21/08/2022 15:30:08,2,1560,1510,3,0,-999
21/08/2022 15:30:24,2,1550,1510,3,0,-999
21/08/2022 15:30:40,2,1560,1510,3,0,-999
21/08/2022 15:30:56,2,1560,1510,3,0,-999
21/08/2022 15:31:12,2,1560,1510,3,0,-999
21/08/2022 15:31:28,2,1560,1510,3,0,-999
21/08/2022 15:31:44,2,1560,1510,3,0,-999
21/08/2022 15:32:00,2,1570,1510,3,0,-999
21/08/2022 15:32:16,2,1570,1510,3,0,-999
21/08/2022 15:32:32,2,1570,1510,3,0,-999
21/08/2022 15:32:48,2,1570,1510,3,0,-999
21/08/2022 15:33:04,2,1570,1510,3,0,-999
21/08/2022 15:33:20,2,1580,1510,3,0,-999
21/08/2022 15:33:36,2,1580,1510,3,0,-999
21/08/2022 15:33:52,2,1570,1510,3,0,-999
21/08/2022 15:34:08,2,1570,1510,3,0,-999
21/08/2022 15:34:24,2,1570,1510,3,0,-999
21/08/2022 15:34:40,2,1570,1510,3,0,-999
21/08/2022 15:34:56,2,1570,1510,3,0,-999
21/08/2022 15:35:12,2,1570,1510,3,0,-999
21/08/2022 15:35:28,2,1570,1510,3,0,-999
21/08/2022 15:35:44,2,1570,1510,3,0,-999
21/08/2022 15:36:00,2,1570,1510,3,0,-999
21/08/2022 15:36:16,2,1570,1510,3,0,-999
21/08/2022 15:36:32,2,1570,1510,3,0,-999
21/08/2022 15:36:48,2,1570,1510,3,0,-999
21/08/2022 15:37:04,2,1570,1510,3,0,-999
21/08/2022 15:37:20,2,1560,1510,3,0,-999
21/08/2022 15:37:36,2,1560,1510,3,0,-999
21/08/2022 15:37:52,2,1550,1510,3,0,-999
21/08/2022 15:38:08,2,1550,1510,3,0,-999
21/08/2022 15:38:24,2,1550,1510,3,0,-999
21/08/2022 15:38:40,2,1540,1510,3,0,-999
21/08/2022 15:38:56,2,1540,1510,3,0,-999
21/08/2022 15:39:12,2,1540,1510,3,0,-999
21/08/2022 15:39:28,2,1540,1510,3,0,-999
21/08/2022 15:39:44,2,1530,1510,3,0,-999
21/08/2022 15:40:00,2,1530,1510,3,0,-999
21/08/2022 15:40:16,2,1530,1510,3,0,-999
21/08/2022 15:40:32,2,1530,1510,3,0,-999
21/08/2022 15:40:48,2,1520,1510,3,0,-999
21/08/2022 15:41:04,2,1520,1510,3,0,-999
21/08/2022 15:41:20,2,1520,1510,3,0,-999
21/08/2022 15:41:36,2,1520,1510,3,0,-999
21/08/2022 15:41:52,2,1510,1510,3,0,-999
21/08/2022 15:42:08,2,1510,1510,3,0,-999
21/08/2022 15:42:24,2,1510,1510,3,0,-999
21/08/2022 15:42:40,2,1510,1510,3,0,-999
21/08/2022 15:42:56,2,1510,1510,3,0,-999
21/08/2022 15:43:12,2,1510,1510,3,0,-999
21/08/2022 15:43:28,2,1510,1510,3,0,-999
21/08/2022 15:43:44,2,1510,1510,3,0,-999
21/08/2022 15:44:00,2,1510,1510,3,0,-999
21/08/2022 15:44:16,2,1520,1510,3,0,-999
21/08/2022 15:44:32,2,1520,1510,3,0,-999
21/08/2022 15:44:48,2,1520,1510,3,0,-999
21/08/2022 15:45:04,2,1520,1510,3,0,-999
21/08/2022 15:45:20,2,1520,1510,3,0,-999
21/08/2022 15:45:36,2,1510,1510,3,0,-999
21/08/2022 15:45:52,2,1520,1510,3,0,-999
21/08/2022 15:46:08,2,1520,1510,3,0,-999
21/08/2022 15:46:24,2,1520,1510,3,0,-999
21/08/2022 15:46:40,2,1520,1510,3,0,-999
21/08/2022 15:46:56,2,1510,1510,3,0,-999
21/08/2022 15:47:12,2,1510,1510,3,0,-999
21/08/2022 15:47:28,2,1510,1510,3,0,-999
21/08/2022 15:47:44,2,1520,1510,3,0,-999
21/08/2022 15:48:00,2,1520,1510,3,0,-999
21/08/2022 15:48:16,2,1520,1510,3,0,-999
21/08/2022 15:48:32,2,1520,1510,3,0,-999
21/08/2022 15:48:48,2,1520,1510,3,0,-999
21/08/2022 15:49:04,2,1520,1510,3,0,-999
21/08/2022 15:49:20,2,1520,1510,3,0,-999
21/08/2022 15:49:36,2,1530,1510,3,0,-999
21/08/2022 15:49:52,2,1530,1510,3,0,-999
21/08/2022 15:50:08,2,1530,1510,3,0,-999
21/08/2022 15:50:24,2,1530,1510,3,0,-999
21/08/2022 15:50:40,2,1540,1510,3,0,-999
21/08/2022 15:50:56,2,1540,1510,3,0,-999
21/08/2022 15:51:12,2,1540,1510,3,0,-999
21/08/2022 15:51:28,2,1540,1510,3,0,-999
21/08/2022 15:51:44,2,1540,1510,3,0,-999
21/08/2022 15:52:00,2,1550,1510,3,0,-999
21/08/2022 15:52:16,2,1550,1510,3,0,-999
21/08/2022 15:52:32,2,1560,1510,3,0,-999
21/08/2022 15:52:48,2,1560,1510,3,0,-999
21/08/2022 15:53:04,2,1560,1510,3,0,-999
21/08/2022 15:53:20,2,1570,1510,3,0,-999
21/08/2022 15:53:36,2,1570,1510,3,0,-999
21/08/2022 15:53:52,2,1570,1510,3,0,-999
21/08/2022 15:54:08,2,1570,1510,3,0,-999
21/08/2022 15:54:24,2,1570,1510,3,0,-999
21/08/2022 15:54:40,2,1570,1510,3,0,-999
21/08/2022 15:54:56,2,1570,1510,3,0,-999
21/08/2022 15:55:12,2,1570,1510,3,0,-999
21/08/2022 15:55:28,2,1570,1510,3,0,-999
21/08/2022 15:55:44,2,1580,1510,3,0,-999
21/08/2022 15:56:00,2,1580,1510,3,0,-999
21/08/2022 15:56:16,2,1580,1510,3,0,-999
21/08/2022 15:56:32,2,1580,1510,3,0,-999
21/08/2022 15:56:48,2,1580,1510,3,0,-999
21/08/2022 15:57:04,2,1580,1510,3,0,-999
21/08/2022 15:57:20,2,1580,1510,3,0,-999
21/08/2022 15:57:36,2,1580,1510,3,0,-999
21/08/2022 15:57:52,2,1580,1510,3,0,-999
21/08/2022 15:58:08,2,1580,1510,3,0,-999
21/08/2022 15:58:24,2,1580,1510,3,0,-999
21/08/2022 15:58:40,2,1580,1510,3,0,-999
21/08/2022 15:58:56,2,1580,1510,3,0,-999
21/08/2022 15:59:12,2,1580,1510,3,0,-999
21/08/2022 15:59:28,2,1580,1510,3,0,-999
21/08/2022 15:59:44,2,1580,1510,3,0,-999
21/08/2022 16:00:00,3,1580,1600,3,0,-999
21/08/2022 16:00:16,3,1590,1600,3,0,-999
21/08/2022 16:00:32,3,1590,1600,3,0,-999
21/08/2022 16:00:48,3,1590,1600,3,0,-999
21/08/2022 16:01:04,3,1590,1600,3,0,-999
21/08/2022 16:01:20,3,1600,1600,3,0,-999
21/08/2022 16:01:36,3,1600,1600,3,0,-999
21/08/2022 16:01:52,3,1600,1600,3,0,-999
21/08/2022 16:02:08,3,1600,1600,3,0,-999
21/08/2022 16:02:24,3,1600,1600,3,0,-999
21/08/2022 16:02:40,3,1600,1600,3,0,-999
21/08/2022 16:02:56,3,1610,1600,3,0,-999
21/08/2022 16:03:12,3,1600,1600,3,0,-999
21/08/2022 16:03:28,3,1600,1600,3,0,-999
21/08/2022 16:03:44,3,1600,1600,3,0,-999
21/08/2022 16:04:00,3,1600,1600,3,0,-999
21/08/2022 16:04:16,3,1600,1600,3,0,-999
21/08/2022 16:04:32,3,1610,1600,3,0,-999
21/08/2022 16:04:48,3,1610,1600,3,0,-999
21/08/2022 16:05:04,3,1610,1600,3,0,-999
21/08/2022 16:05:20,3,1610,1600,3,0,-999
21/08/2022 16:05:36,3,1600,1600,3,0,-999
21/08/2022 16:05:52,3,1600,1600,3,0,-999
21/08/2022 16:06:08,3,1600,1600,3,0,-999
21/08/2022 16:06:24,3,1600,1600,3,0,-999
21/08/2022 16:06:40,3,1600,1600,3,0,-999
21/08/2022 16:06:56,3,1600,1600,3,0,-999
21/08/2022 16:07:12,3,1600,1600,3,0,-999
21/08/2022 16:07:28,3,1600,1600,3,0,-999
21/08/2022 16:07:44,3,1600,1600,3,0,-999
21/08/2022 16:08:00,3,1600,1600,3,0,-999
21/08/2022 16:08:16,3,1600,1600,3,0,-999
21/08/2022 16:08:32,3,1600,1600,3,0,-999
21/08/2022 16:08:48,3,1610,1600,3,0,-999
21/08/2022 16:09:04,3,1610,1600,3,0,-999
21/08/2022 16:09:20,3,1610,1600,3,0,-999
21/08/2022 16:09:36,3,1610,1600,3,0,-999
21/08/2022 16:09:52,3,1600,1600,3,0,-999
21/08/2022 16:10:08,3,1600,1600,3,0,-999
21/08/2022 16:10:24,3,1600,1600,3,0,-999
21/08/2022 16:10:40,3,1600,1600,3,0,-999
21/08/2022 16:10:56,3,1610,1600,3,0,-999
21/08/2022 16:11:12,3,1610,1600,3,0,-999
21/08/2022 16:11:28,3,1610,1600,3,0,-999
21/08/2022 16:11:44,3,1610,1600,3,0,-999
21/08/2022 16:12:00,3,1600,1600,3,0,-999
21/08/2022 16:12:16,3,1600,1600,3,0,-999
21/08/2022 16:12:32,3,1600,1600,3,0,-999
21/08/2022 16:12:48,3,1600,1600,3,0,-999
21/08/2022 16:13:04,3,1600,1600,3,0,-999
21/08/2022 16:13:20,3,1600,1600,3,0,-999
21/08/2022 16:13:36,3,1600,1600,3,0,-999
21/08/2022 16:13:52,3,1600,1600,3,0,-999
21/08/2022 16:14:08,3,1600,1600,3,0,-999
21/08/2022 16:14:24,3,1600,1600,3,0,-999
21/08/2022 16:14:40,3,1600,1600,3,0,-999
21/08/2022 16:14:56,3,1610,1600,3,0,-999
21/08/2022 16:15:12,3,1610,1600,3,0,-999
21/08/2022 16:15:28,3,1610,1600,3,0,-999
21/08/2022 16:15:44,3,1610,1600,3,0,-999
21/08/2022 16:16:00,3,1610,1600,3,0,-999
21/08/2022 16:16:16,3,1610,1600,3,0,-999
21/08/2022 16:16:32,3,1610,1600,3,0,-999
21/08/2022 16:16:48,3,1610,1600,3,0,-999
21/08/2022 16:17:04,3,1610,1600,3,0,-999
21/08/2022 16:17:20,3,1610,1600,3,0,-999
21/08/2022 16:17:36,3,1600,1600,3,0,-999
21/08/2022 16:17:52,3,1600,1600,3,0,-999
21/08/2022 16:18:08,3,1590,1600,3,0,-999
21/08/2022 16:18:24,3,1580,1600,3,0,-999
21/08/2022 16:18:40,3,1580,1600,3,0,-999
21/08/2022 16:18:56,3,1570,1600,3,0,-999
21/08/2022 16:19:12,3,1560,1600,3,0,-999
21/08/2022 16:19:28,3,1550,1600,3,0,-999
21/08/2022 16:19:44,3,1530,1600,3,0,-999
21/08/2022 16:20:00,3,1510,1600,3,0,-999
21/08/2022 16:20:16,3,1480,1600,3,0,-999
21/08/2022 16:20:32,3,1450,1600,3,0,-999
21/08/2022 16:20:48,3,1410,1600,3,0,-999
21/08/2022 16:21:04,3,1370,1600,3,0,-999
21/08/2022 16:21:20,3,1330,1600,3,0,-999
21/08/2022 16:21:36,3,410,1600,3,0,-999
21/08/2022 16:21:52,3,410,1600,3,0,-999
21/08/2022 16:22:08,3,410,1600,3,0,-999
21/08/2022 16:22:24,3,410,1600,3,0,-999
21/08/2022 16:22:40,3,410,1600,3,0,-999
21/08/2022 16:22:56,3,410,1600,3,0,-999
21/08/2022 16:23:12,3,410,1600,3,0,-999
21/08/2022 16:23:28,3,410,1600,3,0,-999
21/08/2022 16:23:44,3,410,1600,3,0,-999
21/08/2022 16:24:00,3,410,1600,3,0,-999
21/08/2022 16:24:16,3,410,1600,3,0,-999
21/08/2022 16:24:32,3,410,1600,3,0,-999
21/08/2022 16:24:48,3,410,1600,3,0,-999
21/08/2022 16:25:04,3,400,1600,3,0,-999
21/08/2022 16:25:20,3,400,1600,3,0,-999
21/08/2022 16:25:36,3,400,1600,3,0,-999
21/08/2022 16:25:52,3,920,1600,3,0,-999
21/08/2022 16:26:08,3,920,1600,3,0,-999
21/08/2022 16:26:24,3,910,1600,3,0,-999
21/08/2022 16:26:40,3,900,1600,3,0,-999
21/08/2022 16:26:56,3,890,1600,3,0,-999
21/08/2022 16:27:12,3,880,1600,3,0,-999
21/08/2022 16:27:28,3,880,1600,3,0,-999
21/08/2022 16:27:44,3,870,1600,3,0,-999
21/08/2022 16:28:00,3,860,1600,3,0,-999
21/08/2022 16:28:16,3,850,1600,3,0,-999
21/08/2022 16:28:32,3,840,1600,3,0,-999
21/08/2022 16:28:48,3,830,1600,3,0,-999
21/08/2022 16:29:04,3,830,1600,3,0,-999
21/08/2022 16:29:20,3,340,1600,3,0,-999
21/08/2022 16:29:36,3,340,1600,3,0,-999
21/08/2022 16:29:52,3,340,1600,3,0,-999
21/08/2022 16:30:08,3,340,1600,3,0,-999
21/08/2022 16:30:24,3,340,1600,3,0,-999
21/08/2022 16:30:40,3,340,1600,3,0,-999
21/08/2022 16:30:56,3,340,1600,3,0,-999
21/08/2022 16:31:12,3,340,1600,3,0,-999
21/08/2022 16:31:28,3,340,1600,3,0,-999
21/08/2022 16:31:44,3,340,1600,3,0,-999
21/08/2022 16:32:00,3,340,1600,3,0,-999
21/08/2022 16:32:16,3,340,1600,3,0,-999
21/08/2022 16:32:32,3,340,1600,3,0,-999
21/08/2022 16:32:48,3,340,1600,3,0,-999
21/08/2022 16:33:04,3,340,1600,3,0,-999
21/08/2022 16:33:20,3,340,1600,3,0,-999
21/08/2022 16:33:36,3,340,1600,3,0,-999
21/08/2022 16:33:52,3,340,1600,3,0,-999
21/08/2022 16:34:08,3,340,1600,3,0,-999
21/08/2022 16:34:24,3,340,1600,3,0,-999
21/08/2022 16:34:40,3,340,1600,3,0,-999
21/08/2022 16:34:56,3,330,1600,3,0,-999
21/08/2022 16:35:12,3,330,1600,3,0,-999
21/08/2022 16:35:28,3,330,1600,3,0,-999
21/08/2022 16:35:44,3,330,1600,3,0,-999
21/08/2022 16:36:00,3,330,1600,3,0,-999
21/08/2022 16:36:16,3,330,1600,3,0,-999
21/08/2022 16:36:32,3,330,1600,3,0,-999
21/08/2022 16:36:48,3,330,1600,3,0,-999
21/08/2022 16:37:04,3,330,1600,3,0,-999
21/08/2022 16:37:20,3,330,1600,3,0,-999
21/08/2022 16:37:36,3,330,1600,3,0,-999
21/08/2022 16:37:52,3,330,1600,3,0,-999
21/08/2022 16:38:08,3,330,1600,3,0,-999
21/08/2022 16:38:24,3,330,1600,3,0,-999
21/08/2022 16:38:40,3,330,1600,3,0,-999
21/08/2022 16:38:56,3,340,1600,3,0,-999
21/08/2022 16:39:12,3,340,1600,3,0,-999
21/08/2022 16:39:28,3,340,1600,3,0,-999
21/08/2022 16:39:44,3,350,1600,3,0,-999
21/08/2022 16:40:00,3,350,1600,3,0,-999
21/08/2022 16:40:16,3,360,1600,3,0,-999
21/08/2022 16:40:32,3,360,1600,3,0,-999
21/08/2022 16:40:48,3,360,1600,3,0,-999
21/08/2022 16:41:04,3,370,1600,3,0,-999
21/08/2022 16:41:20,3,370,1600,3,0,-999
21/08/2022 16:41:36,3,380,1600,3,0,-999
21/08/2022 16:41:52,3,380,1600,3,0,-999
21/08/2022 16:42:08,3,380,1600,3,0,-999
21/08/2022 16:42:24,3,390,1600,3,0,-999
21/08/2022 16:42:40,3,390,1600,3,0,-999
21/08/2022 16:42:56,3,390,1600,3,0,-999
21/08/2022 16:43:12,3,390,1600,3,0,-999
21/08/2022 16:43:28,3,400,1600,3,0,-999
21/08/2022 16:43:44,3,400,1600,3,0,-999
21/08/2022 16:44:00,3,400,1600,3,0,-999
21/08/2022 16:44:16,3,400,1600,3,0,-999
21/08/2022 16:44:32,3,410,1600,3,0,-999
21/08/2022 16:44:48,3,410,1600,3,0,-999
21/08/2022 16:45:04,3,410,1600,3,0,-999
21/08/2022 16:45:20,3,410,1600,3,0,-999
21/08/2022 16:45:36,3,410,1600,3,0,-999
21/08/2022 16:45:52,3,410,1600,3,0,-999
21/08/2022 16:46:08,3,410,1600,3,0,-999
21/08/2022 16:46:24,3,420,1600,3,0,-999
21/08/2022 16:46:40,3,420,1600,3,0,-999
21/08/2022 16:46:56,3,420,1600,3,0,-999
21/08/2022 16:47:12,3,430,1600,3,0,-999
21/08/2022 16:47:28,3,430,1600,3,0,-999
21/08/2022 16:47:44,3,430,1600,3,0,-999
21/08/2022 16:48:00,3,430,1600,3,0,-999
21/08/2022 16:48:16,3,440,1600,3,0,-999
21/08/2022 16:48:32,3,440,1600,3,0,-999
21/08/2022 16:48:48,3,440,1600,3,0,-999
21/08/2022 16:49:04,3,440,1600,3,0,-999
21/08/2022 16:49:20,3,450,1600,3,0,-999
21/08/2022 16:49:36,3,450,1600,3,0,-999
21/08/2022 16:49:52,3,450,1600,3,0,-999
21/08/2022 16:50:08,3,450,1600,3,0,-999
21/08/2022 16:50:24,3,460,1600,3,0,-999
21/08/2022 16:50:40,3,460,1600,3,0,-999
21/08/2022 16:50:56,3,460,1600,3,0,-999
21/08/2022 16:51:12,3,460,1600,3,0,-999
21/08/2022 16:51:28,3,460,1600,3,0,-999
21/08/2022 16:51:44,3,460,1600,3,0,-999
21/08/2022 16:52:00,3,470,1600,3,0,-999
21/08/2022 16:52:16,3,470,1600,3,0,-999
21/08/2022 16:52:32,3,470,1600,3,0,-999
21/08/2022 16:52:48,3,470,1600,3,0,-999
21/08/2022 16:53:04,3,470,1600,3,0,-999
21/08/2022 16:53:20,3,480,1600,3,0,-999
21/08/2022 16:53:36,3,480,1600,3,0,-999
21/08/2022 16:53:52,3,480,1600,3,0,-999
21/08/2022 16:54:08,3,480,1600,3,0,-999
21/08/2022 16:54:24,3,480,1600,3,0,-999
21/08/2022 16:54:40,3,480,1600,3,0,-999
21/08/2022 16:54:56,3,480,1600,3,0,-999
21/08/2022 16:55:12,3,490,1600,3,0,-999
21/08/2022 16:55:28,3,490,1600,3,0,-999
21/08/2022 16:55:44,3,490,1600,3,0,-999
21/08/2022 16:56:00,3,590,1600,3,0,-999
21/08/2022 16:56:16,3,790,1600,3,0,-999
21/08/2022 16:56:32,3,790,1600,3,0,-999
21/08/2022 16:56:48,3,790,1600,3,0,-999
21/08/2022 16:57:04,3,790,1600,3,0,-999
21/08/2022 16:57:20,3,790,1600,3,0,-999
21/08/2022 16:57:36,3,790,1600,3,0,-999
21/08/2022 16:57:52,3,790,1600,3,0,-999
21/08/2022 16:58:08,3,790,1600,3,0,-999
21/08/2022 16:58:24,3,790,1600,3,0,-999
21/08/2022 16:58:40,3,790,1600,3,0,-999
21/08/2022 16:58:56,3,800,1600,3,0,-999
21/08/2022 16:59:12,3,800,1600,3,0,-999
21/08/2022 16:59:28,3,800,1600,3,0,-999
21/08/2022 16:59:44,3,800,1600,3,0,-999
21/08/2022 17:00:00,-999,800,-999,3,0,-999
21/08/2022 17:00:16,-999,800,-999,3,0,-999
21/08/2022 17:00:32,-999,800,-999,3,0,-999
21/08/2022 17:00:48,-999,800,-999,3,0,-999
21/08/2022 17:01:04,-999,800,-999,3,0,-999
21/08/2022 17:01:20,-999,800,-999,3,0,-999
21/08/2022 17:01:36,-999,800,-999,3,0,-999
21/08/2022 17:01:52,-999,800,-999,3,0,-999
21/08/2022 17:02:08,-999,800,-999,3,0,-999
21/08/2022 17:02:24,-999,800,-999,3,0,-999
21/08/2022 17:02:40,-999,800,-999,3,0,-999
21/08/2022 17:02:56,-999,800,-999,3,0,-999
21/08/2022 17:03:12,-999,800,-999,3,0,-999
21/08/2022 17:03:28,-999,800,-999,3,0,-999
21/08/2022 17:03:44,-999,800,-999,3,0,-999
21/08/2022 17:04:00,-999,800,-999,3,0,-999
21/08/2022 17:04:16,-999,800,-999,3,0,-999
21/08/2022 17:04:32,-999,790,-999,3,0,-999
21/08/2022 17:04:48,-999,790,-999,3,0,-999
21/08/2022 17:05:04,-999,790,-999,3,0,-999
21/08/2022 17:05:20,-999,790,-999,3,0,-999
21/08/2022 17:05:36,-999,790,-999,3,0,-999
21/08/2022 17:05:52,-999,790,-999,3,0,-999
21/08/2022 17:06:08,-999,790,-999,3,0,-999
21/08/2022 17:06:24,-999,790,-999,3,0,-999
21/08/2022 17:06:40,-999,790,-999,3,0,-999
21/08/2022 17:06:56,-999,780,-999,3,0,-999
21/08/2022 17:07:12,-999,780,-999,3,0,-999
21/08/2022 17:07:28,-999,780,-999,3,0,-999
21/08/2022 17:07:44,-999,780,-999,3,0,-999
21/08/2022 17:08:00,-999,780,-999,3,0,-999
21/08/2022 17:08:16,-999,780,-999,3,0,-999
21/08/2022 17:08:32,-999,780,-999,3,0,-999
21/08/2022 17:08:48,-999,780,-999,3,0,-999
21/08/2022 17:09:04,-999,780,-999,3,0,-999
21/08/2022 17:09:20,-999,780,-999,3,0,-999
21/08/2022 17:09:36,-999,780,-999,3,0,-999
21/08/2022 17:09:52,-999,780,-999,3,0,-999
21/08/2022 17:10:08,-999,780,-999,3,0,-999
21/08/2022 17:10:24,-999,780,-999,3,0,-999
21/08/2022 17:10:40,-999,780,-999,3,0,-999
21/08/2022 17:10:56,-999,780,-999,3,0,-999
21/08/2022 17:11:12,-999,780,-999,3,0,-999
21/08/2022 17:11:28,-999,780,-999,3,0,-999
21/08/2022 17:11:44,-999,780,-999,3,0,-999
21/08/2022 17:12:00,-999,780,-999,3,0,-999
21/08/2022 17:12:16,-999,780,-999,3,0,-999
21/08/2022 17:12:32,-999,780,-999,3,0,-999
21/08/2022 17:12:48,-999,780,-999,3,0,-999
21/08/2022 17:13:04,-999,780,-999,3,0,-999
21/08/2022 17:13:20,-999,780,-999,3,0,-999
21/08/2022 17:13:36,-999,770,-999,3,0,-999
21/08/2022 17:13:52,-999,780,-999,3,0,-999
21/08/2022 17:14:08,-999,770,-999,3,0,-999
21/08/2022 17:14:24,-999,770,-999,3,0,-999
21/08/2022 17:14:40,-999,770,-999,3,0,-999
21/08/2022 17:14:56,-999,770,-999,3,0,-999
21/08/2022 17:15:12,-999,770,-999,3,0,-999
21/08/2022 17:15:28,-999,770,-999,3,0,-999
21/08/2022 17:15:44,-999,770,-999,3,0,-999
21/08/2022 17:16:00,-999,520,-999,3,0,-999
21/08/2022 17:16:16,-999,490,-999,3,0,-999
21/08/2022 17:16:32,-999,490,-999,3,0,-999
21/08/2022 17:16:48,-999,490,-999,3,0,-999
21/08/2022 17:17:04,-999,480,-999,3,0,-999
21/08/2022 17:17:20,-999,480,-999,3,0,-999
21/08/2022 17:17:36,-999,480,-999,3,0,-999
21/08/2022 17:17:52,-999,480,-999,3,0,-999
21/08/2022 17:18:08,-999,480,-999,3,0,-999
21/08/2022 17:18:24,-999,480,-999,3,0,-999
21/08/2022 17:18:40,-999,480,-999,3,0,-999
21/08/2022 17:18:56,-999,480,-999,3,0,-999
21/08/2022 17:19:12,-999,480,-999,3,0,-999
21/08/2022 17:19:28,-999,480,-999,3,0,-999
21/08/2022 17:19:44,-999,470,-999,3,0,-999
21/08/2022 17:20:00,-999,470,-999,3,0,-999
21/08/2022 17:20:16,-999,470,-999,3,0,-999
21/08/2022 17:20:32,-999,470,-999,3,0,-999
21/08/2022 17:20:48,-999,470,-999,3,0,-999
21/08/2022 17:21:04,-999,470,-999,3,0,-999
21/08/2022 17:21:20,-999,470,-999,3,0,-999
21/08/2022 17:21:36,-999,470,-999,3,0,-999
21/08/2022 17:21:52,-999,470,-999,3,0,-999
21/08/2022 17:22:08,-999,470,-999,3,0,-999
21/08/2022 17:22:24,-999,470,-999,3,0,-999
21/08/2022 17:22:40,-999,470,-999,3,0,-999
21/08/2022 17:22:56,-999,480,-999,3,0,-999
21/08/2022 17:23:12,-999,480,-999,3,0,-999
21/08/2022 17:23:28,-999,480,-999,3,0,-999
21/08/2022 17:23:44,-999,480,-999,3,0,-999
21/08/2022 17:24:00,-999,480,-999,3,0,-999
21/08/2022 17:24:16,-999,480,-999,3,0,-999
21/08/2022 17:24:32,-999,480,-999,3,0,-999
21/08/2022 17:24:48,-999,480,-999,3,0,-999
21/08/2022 17:25:04,-999,480,-999,3,0,-999
21/08/2022 17:25:20,-999,480,-999,3,0,-999
21/08/2022 17:25:36,-999,480,-999,3,0,-999
21/08/2022 17:25:52,-999,490,-999,3,0,-999
21/08/2022 17:26:08,-999,490,-999,3,0,-999
21/08/2022 17:26:24,-999,490,-999,3,0,-999
21/08/2022 17:26:40,-999,490,-999,3,0,-999
21/08/2022 17:26:56,-999,490,-999,3,0,-999
21/08/2022 17:27:12,-999,490,-999,3,0,-999
21/08/2022 17:27:28,-999,490,-999,3,0,-999
21/08/2022 17:27:44,-999,490,-999,3,0,-999
21/08/2022 17:28:00,-999,490,-999,3,0,-999
21/08/2022 17:28:16,-999,490,-999,3,0,-999
21/08/2022 17:28:32,-999,490,-999,3,0,-999
21/08/2022 17:28:48,-999,490,-999,3,0,-999
21/08/2022 17:29:04,-999,490,-999,3,0,-999
21/08/2022 17:29:20,-999,490,-999,3,0,-999
21/08/2022 17:29:36,-999,490,-999,3,0,-999
21/08/2022 17:29:52,-999,490,-999,3,0,-999
21/08/2022 17:30:08,-999,490,-999,3,0,-999
21/08/2022 17:30:24,-999,490,-999,3,0,-999
21/08/2022 17:30:40,-999,490,-999,3,0,-999
21/08/2022 17:30:56,-999,490,-999,3,0,-999
21/08/2022 17:31:12,-999,490,-999,3,0,-999
21/08/2022 17:31:28,-999,490,-999,3,0,-999
21/08/2022 17:31:44,-999,530,-999,3,0,-999
21/08/2022 17:32:00,-999,530,-999,3,0,-999
21/08/2022 17:32:16,-999,530,-999,3,0,-999
21/08/2022 17:32:32,-999,530,-999,3,0,-999
21/08/2022 17:32:48,-999,530,-999,3,0,-999
21/08/2022 17:33:04,-999,530,-999,3,0,-999
21/08/2022 17:33:20,-999,530,-999,3,0,-999
21/08/2022 17:33:36,-999,530,-999,3,0,-999
21/08/2022 17:33:52,-999,530,-999,3,0,-999
21/08/2022 17:34:08,-999,530,-999,3,0,-999
21/08/2022 17:34:24,-999,530,-999,3,0,-999
21/08/2022 17:34:40,-999,530,-999,3,0,-999
21/08/2022 17:34:56,-999,780,-999,3,0,-999
21/08/2022 17:35:12,-999,780,-999,3,0,-999
21/08/2022 17:35:28,-999,780,-999,3,0,-999
21/08/2022 17:35:44,-999,780,-999,3,0,-999
21/08/2022 17:36:00,-999,780,-999,3,0,-999
21/08/2022 17:36:16,-999,790,-999,3,0,-999
21/08/2022 17:36:32,-999,790,-999,3,0,-999
21/08/2022 17:36:48,-999,790,-999,3,0,-999
21/08/2022 17:37:04,-999,790,-999,3,0,-999
21/08/2022 17:37:20,-999,790,-999,3,0,-999
21/08/2022 17:37:36,-999,790,-999,3,0,-999
21/08/2022 17:37:52,-999,520,-999,3,0,-999
21/08/2022 17:38:08,-999,520,-999,3,0,-999
21/08/2022 17:38:24,-999,520,-999,3,0,-999
21/08/2022 17:38:40,-999,520,-999,3,0,-999
21/08/2022 17:38:56,-999,520,-999,3,0,-999
21/08/2022 17:39:12,-999,520,-999,3,0,-999
21/08/2022 17:39:28,-999,520,-999,3,0,-999
21/08/2022 17:39:44,-999,490,-999,3,0,-999
21/08/2022 17:40:00,-999,490,-999,3,0,-999
21/08/2022 17:40:16,-999,490,-999,3,0,-999
21/08/2022 17:40:32,-999,490,-999,3,0,-999
21/08/2022 17:40:48,-999,490,-999,3,0,-999
21/08/2022 17:41:04,-999,490,-999,3,0,-999
21/08/2022 17:41:20,-999,490,-999,3,0,-999
21/08/2022 17:41:36,-999,490,-999,3,0,-999
21/08/2022 17:41:52,-999,490,-999,3,0,-999
21/08/2022 17:42:08,-999,490,-999,3,0,-999
21/08/2022 17:42:24,-999,490,-999,3,0,-999
21/08/2022 17:42:40,-999,490,-999,3,0,-999
21/08/2022 17:42:56,-999,490,-999,3,0,-999
21/08/2022 17:43:12,-999,490,-999,3,0,-999
21/08/2022 17:43:28,-999,490,-999,3,0,-999
21/08/2022 17:43:44,-999,490,-999,3,0,-999
21/08/2022 17:44:00,-999,490,-999,3,0,-999
21/08/2022 17:44:16,-999,490,-999,3,0,-999
21/08/2022 17:44:32,-999,490,-999,3,0,-999
21/08/2022 17:44:48,-999,490,-999,3,0,-999
21/08/2022 17:45:04,-999,490,-999,3,0,-999
21/08/2022 17:45:20,-999,490,-999,3,0,-999
21/08/2022 17:45:36,-999,490,-999,3,0,-999
21/08/2022 17:45:52,-999,490,-999,3,0,-999
21/08/2022 17:46:08,-999,480,-999,3,0,-999
21/08/2022 17:46:24,-999,480,-999,3,0,-999
21/08/2022 17:46:40,-999,480,-999,3,0,-999
21/08/2022 17:46:56,-999,480,-999,3,0,-999
21/08/2022 17:47:12,-999,480,-999,3,0,-999
21/08/2022 17:47:28,-999,480,-999,3,0,-999
21/08/2022 17:47:44,-999,480,-999,3,0,-999
21/08/2022 17:48:00,-999,480,-999,3,0,-999
21/08/2022 17:48:16,-999,480,-999,3,0,-999
21/08/2022 17:48:32,-999,470,-999,3,0,-999
21/08/2022 17:48:48,-999,470,-999,3,0,-999
21/08/2022 17:49:04,-999,470,-999,3,0,-999
21/08/2022 17:49:20,-999,470,-999,3,0,-999
21/08/2022 17:49:36,-999,470,-999,3,0,-999
21/08/2022 17:49:52,-999,460,-999,3,0,-999
21/08/2022 17:50:08,-999,460,-999,3,0,-999
21/08/2022 17:50:24,-999,460,-999,3,0,-999
21/08/2022 17:50:40,-999,460,-999,3,0,-999
21/08/2022 17:50:56,-999,460,-999,3,0,-999
21/08/2022 17:51:12,-999,460,-999,3,0,-999
21/08/2022 17:51:28,-999,460,-999,3,0,-999
21/08/2022 17:51:44,-999,450,-999,3,0,-999
21/08/2022 17:52:00,-999,440,-999,3,0,-999
21/08/2022 17:52:16,-999,440,-999,3,0,-999
21/08/2022 17:52:32,-999,430,-999,3,0,-999
21/08/2022 17:52:48,-999,420,-999,3,0,-999
21/08/2022 17:53:04,-999,420,-999,3,0,-999
21/08/2022 17:53:20,-999,410,-999,3,0,-999
21/08/2022 17:53:36,-999,410,-999,3,0,-999
21/08/2022 17:53:52,-999,410,-999,3,0,-999
21/08/2022 17:54:08,-999,410,-999,3,0,-999
21/08/2022 17:54:24,-999,400,-999,3,0,-999
21/08/2022 17:54:40,-999,400,-999,3,0,-999
21/08/2022 17:54:56,-999,400,-999,3,0,-999
21/08/2022 17:55:12,-999,400,-999,3,0,-999
21/08/2022 17:55:28,-999,390,-999,3,0,-999
21/08/2022 17:55:44,-999,390,-999,3,0,-999
21/08/2022 17:56:00,-999,390,-999,3,0,-999
21/08/2022 17:56:16,-999,380,-999,3,0,-999
21/08/2022 17:56:32,-999,380,-999,3,0,-999
21/08/2022 17:56:48,-999,380,-999,3,0,-999
21/08/2022 17:57:04,-999,380,-999,3,0,-999
21/08/2022 17:57:20,-999,380,-999,3,0,-999
21/08/2022 17:57:36,-999,380,-999,3,0,-999
21/08/2022 17:57:52,-999,380,-999,3,0,-999
21/08/2022 17:58:08,-999,380,-999,3,0,-999
21/08/2022 17:58:24,-999,380,-999,3,0,-999
21/08/2022 17:58:40,-999,370,-999,3,0,-999
21/08/2022 17:58:56,-999,370,-999,3,0,-999
21/08/2022 17:59:12,-999,370,-999,3,0,-999
21/08/2022 17:59:28,-999,370,-999,3,0,-999
21/08/2022 17:59:44,-999,370,-999,3,0,-999
21/08/2022 18:00:00,2,370,480,3,0,-999
21/08/2022 18:00:16,2,370,480,3,0,-999
21/08/2022 18:00:32,2,370,480,3,0,-999
21/08/2022 18:00:48,2,370,480,3,0,-999
21/08/2022 18:01:04,2,370,480,3,0,-999
21/08/2022 18:01:20,2,370,480,3,0,-999
21/08/2022 18:01:36,2,370,480,3,0,-999
21/08/2022 18:01:52,2,370,480,3,0,-999
21/08/2022 18:02:08,2,370,480,3,0,-999
21/08/2022 18:02:24,2,370,480,3,0,-999
21/08/2022 18:02:40,2,370,480,3,0,-999
21/08/2022 18:02:56,2,370,480,3,0,-999
21/08/2022 18:03:12,2,370,480,3,0,-999
21/08/2022 18:03:28,2,370,480,3,0,-999
21/08/2022 18:03:44,2,370,480,3,0,-999
21/08/2022 18:04:00,2,370,480,3,0,-999
21/08/2022 18:04:16,2,370,480,3,0,-999
21/08/2022 18:04:32,2,370,480,3,0,-999
21/08/2022 18:04:48,2,370,480,3,0,-999
21/08/2022 18:05:04,2,370,480,3,0,-999
21/08/2022 18:05:20,2,370,480,3,0,-999
21/08/2022 18:05:36,2,380,480,3,0,-999
21/08/2022 18:05:52,2,380,480,3,0,-999
21/08/2022 18:06:08,2,380,480,3,0,-999
21/08/2022 18:06:24,2,380,480,3,0,-999
21/08/2022 18:06:40,2,380,480,3,0,-999
21/08/2022 18:06:56,2,380,480,3,0,-999
21/08/2022 18:07:12,2,380,480,3,0,-999
21/08/2022 18:07:28,2,380,480,3,0,-999
21/08/2022 18:07:44,2,380,480,3,0,-999
21/08/2022 18:08:00,2,390,480,3,0,-999
21/08/2022 18:08:16,2,390,480,3,0,-999
21/08/2022 18:08:32,2,390,480,3,0,-999
21/08/2022 18:08:48,2,390,480,3,0,-999
21/08/2022 18:09:04,2,390,480,3,0,-999
21/08/2022 18:09:20,2,390,480,3,0,-999
21/08/2022 18:09:36,2,390,480,3,0,-999
21/08/2022 18:09:52,2,400,480,3,0,-999
21/08/2022 18:10:08,2,400,480,3,0,-999
21/08/2022 18:10:24,2,400,480,3,0,-999
21/08/2022 18:10:40,2,400,480,3,0,-999
21/08/2022 18:10:56,2,400,480,3,0,-999
21/08/2022 18:11:12,2,400,480,3,0,-999
21/08/2022 18:11:28,2,410,480,3,0,-999
21/08/2022 18:11:44,2,410,480,3,0,-999
21/08/2022 18:12:00,2,410,480,3,0,-999
21/08/2022 18:12:16,2,410,480,3,0,-999
21/08/2022 18:12:32,2,410,480,3,0,-999
21/08/2022 18:12:48,2,410,480,3,0,-999
21/08/2022 18:13:04,2,410,480,3,0,-999
21/08/2022 18:13:20,2,420,480,3,0,-999
21/08/2022 18:13:36,2,420,480,3,0,-999
21/08/2022 18:13:52,2,420,480,3,0,-999
21/08/2022 18:14:08,2,420,480,3,0,-999
21/08/2022 18:14:24,2,420,480,3,0,-999
21/08/2022 18:14:40,2,420,480,3,0,-999
21/08/2022 18:14:56,2,420,480,3,0,-999
21/08/2022 18:15:12,2,420,480,3,0,-999
21/08/2022 18:15:28,2,420,480,3,0,-999
21/08/2022 18:15:44,2,430,480,3,0,-999
21/08/2022 18:16:00,2,430,480,3,0,-999
21/08/2022 18:16:16,2,430,480,3,0,-999
21/08/2022 18:16:32,2,430,480,3,0,-999
21/08/2022 18:16:48,2,430,480,3,0,-999
21/08/2022 18:17:04,2,430,480,3,0,-999
21/08/2022 18:17:20,2,430,480,3,0,-999
21/08/2022 18:17:36,2,430,480,3,0,-999
21/08/2022 18:17:52,2,430,480,3,0,-999
21/08/2022 18:18:08,2,430,480,3,0,-999
21/08/2022 18:18:24,2,430,480,3,0,-999
21/08/2022 18:18:40,2,440,480,3,0,-999
21/08/2022 18:18:56,2,440,480,3,0,-999
21/08/2022 18:19:12,2,440,480,3,0,-999
21/08/2022 18:19:28,2,440,480,3,0,-999
21/08/2022 18:19:44,2,440,480,3,0,-999
21/08/2022 18:20:00,2,440,480,3,0,-999
21/08/2022 18:20:16,2,440,480,3,0,-999
21/08/2022 18:20:32,2,440,480,3,0,-999
21/08/2022 18:20:48,2,440,480,3,0,-999
21/08/2022 18:21:04,2,440,480,3,0,-999
21/08/2022 18:21:20,2,440,480,3,0,-999
21/08/2022 18:21:36,2,440,480,3,0,-999
21/08/2022 18:21:52,2,440,480,3,0,-999
21/08/2022 18:22:08,2,440,480,3,0,-999
21/08/2022 18:22:24,2,440,480,3,0,-999
21/08/2022 18:22:40,2,440,480,3,0,-999
21/08/2022 18:22:56,2,440,480,3,0,-999
21/08/2022 18:23:12,2,440,480,3,0,-999
21/08/2022 18:23:28,2,450,480,3,0,-999
21/08/2022 18:23:44,2,450,480,3,0,-999
21/08/2022 18:24:00,2,450,480,3,0,-999
21/08/2022 18:24:16,2,450,480,3,0,-999
21/08/2022 18:24:32,2,450,480,3,0,-999
21/08/2022 18:24:48,2,450,480,3,0,-999
21/08/2022 18:25:04,2,450,480,3,0,-999
21/08/2022 18:25:20,2,450,480,3,0,-999
21/08/2022 18:25:36,2,450,480,3,0,-999
21/08/2022 18:25:52,2,450,480,3,0,-999
21/08/2022 18:26:08,2,450,480,3,0,-999
21/08/2022 18:26:24,2,440,480,3,0,-999
21/08/2022 18:26:40,2,440,480,3,0,-999
21/08/2022 18:26:56,2,440,480,3,0,-999
21/08/2022 18:27:12,2,440,480,3,0,-999
21/08/2022 18:27:28,2,440,480,3,0,-999
21/08/2022 18:27:44,2,440,480,3,0,-999
21/08/2022 18:28:00,2,440,480,3,0,-999
21/08/2022 18:28:16,2,440,480,3,0,-999
21/08/2022 18:28:32,2,440,480,3,0,-999
21/08/2022 18:28:48,2,440,480,3,0,-999
21/08/2022 18:29:04,2,440,480,3,0,-999
21/08/2022 18:29:20,2,440,480,3,0,-999
21/08/2022 18:29:36,2,440,480,3,0,-999
21/08/2022 18:29:52,2,440,480,3,0,-999
21/08/2022 18:30:08,2,440,480,3,0,-999
21/08/2022 18:30:24,2,440,480,3,0,-999
21/08/2022 18:30:40,2,440,480,3,0,-999
21/08/2022 18:30:56,2,440,480,3,0,-999
21/08/2022 18:31:12,2,440,480,3,0,-999
21/08/2022 18:31:28,2,440,480,3,0,-999
21/08/2022 18:31:44,2,440,480,3,0,-999
21/08/2022 18:32:00,2,440,480,3,0,-999
21/08/2022 18:32:16,2,440,480,3,0,-999
21/08/2022 18:32:32,2,440,480,3,0,-999
21/08/2022 18:32:48,2,440,480,3,0,-999
21/08/2022 18:33:04,2,440,480,3,0,-999
21/08/2022 18:33:20,2,440,480,3,0,-999
21/08/2022 18:33:36,2,440,480,3,0,-999
21/08/2022 18:33:52,2,440,480,3,0,-999
21/08/2022 18:34:08,2,440,480,3,0,-999
21/08/2022 18:34:24,2,440,480,3,0,-999
21/08/2022 18:34:40,2,440,480,3,0,-999
21/08/2022 18:34:56,2,440,480,3,0,-999
21/08/2022 18:35:12,2,440,480,3,0,-999
21/08/2022 18:35:28,2,440,480,3,0,-999
21/08/2022 18:35:44,2,440,480,3,0,-999
21/08/2022 18:36:00,2,440,480,3,0,-999
21/08/2022 18:36:16,2,440,480,3,0,-999
21/08/2022 18:36:32,2,440,480,3,0,-999
21/08/2022 18:36:48,2,440,480,3,0,-999
21/08/2022 18:37:04,2,440,480,3,0,-999
21/08/2022 18:37:20,2,440,480,3,0,-999
21/08/2022 18:37:36,2,440,480,3,0,-999
21/08/2022 18:37:52,2,440,480,3,0,-999
21/08/2022 18:38:08,2,440,480,3,0,-999
21/08/2022 18:38:24,2,440,480,3,0,-999
21/08/2022 18:38:40,2,440,480,3,0,-999
21/08/2022 18:38:56,2,440,480,3,0,-999
21/08/2022 18:39:12,2,450,480,3,0,-999
21/08/2022 18:39:28,2,450,480,3,0,-999
21/08/2022 18:39:44,2,460,480,3,0,-999
21/08/2022 18:40:00,2,460,480,3,0,-999
21/08/2022 18:40:16,2,460,480,3,0,-999
21/08/2022 18:40:32,2,460,480,3,0,-999
21/08/2022 18:40:48,2,460,480,3,0,-999
21/08/2022 18:41:04,2,460,480,3,0,-999
21/08/2022 18:41:20,2,460,480,3,0,-999
21/08/2022 18:41:36,2,460,480,3,0,-999
21/08/2022 18:41:52,2,470,480,3,0,-999
21/08/2022 18:42:08,2,470,480,3,0,-999
21/08/2022 18:42:24,2,470,480,3,0,-999
21/08/2022 18:42:40,2,470,480,3,0,-999
21/08/2022 18:42:56,2,470,480,3,0,-999
21/08/2022 18:43:12,2,470,480,3,0,-999
21/08/2022 18:43:28,2,470,480,3,0,-999
21/08/2022 18:43:44,2,470,480,3,0,-999
21/08/2022 18:44:00,2,480,480,3,0,-999
21/08/2022 18:44:16,2,480,480,3,0,-999
21/08/2022 18:44:32,2,480,480,3,0,-999
21/08/2022 18:44:48,2,480,480,3,0,-999
21/08/2022 18:45:04,2,480,480,3,0,-999
21/08/2022 18:45:20,2,480,480,3,0,-999
21/08/2022 18:45:36,2,480,480,3,0,-999
21/08/2022 18:45:52,2,480,480,3,0,-999
21/08/2022 18:46:08,2,480,480,3,0,-999
21/08/2022 18:46:24,2,480,480,3,0,-999
21/08/2022 18:46:40,2,480,480,3,0,-999
21/08/2022 18:46:56,2,480,480,3,0,-999
21/08/2022 18:47:12,2,480,480,3,0,-999
21/08/2022 18:47:28,2,480,480,3,0,-999
21/08/2022 18:47:44,2,490,480,3,0,-999
21/08/2022 18:48:00,2,490,480,3,0,-999
21/08/2022 18:48:16,2,490,480,3,0,-999
21/08/2022 18:48:32,2,490,480,3,0,-999
21/08/2022 18:48:48,2,490,480,3,0,-999
21/08/2022 18:49:04,2,490,480,3,0,-999
21/08/2022 18:49:20,2,490,480,3,0,-999
21/08/2022 18:49:36,2,490,480,3,0,-999
21/08/2022 18:49:52,2,490,480,3,0,-999
21/08/2022 18:50:08,2,490,480,3,0,-999
21/08/2022 18:50:24,2,490,480,3,0,-999
21/08/2022 18:50:40,2,490,480,3,0,-999
21/08/2022 18:50:56,2,490,480,3,0,-999
21/08/2022 18:51:12,2,500,480,3,0,-999
21/08/2022 18:51:28,2,500,480,3,0,-999
21/08/2022 18:51:44,2,500,480,3,0,-999
21/08/2022 18:52:00,2,500,480,3,0,-999
21/08/2022 18:52:16,2,500,480,3,0,-999
21/08/2022 18:52:32,2,500,480,3,0,-999
21/08/2022 18:52:48,2,500,480,3,0,-999
21/08/2022 18:53:04,2,490,480,3,0,-999
21/08/2022 18:53:20,2,490,480,3,0,-999
21/08/2022 18:53:36,2,490,480,3,0,-999
21/08/2022 18:53:52,2,490,480,3,0,-999
21/08/2022 18:54:08,2,490,480,3,0,-999
21/08/2022 18:54:24,2,490,480,3,0,-999
21/08/2022 18:54:40,2,490,480,3,0,-999
21/08/2022 18:54:56,2,490,480,3,0,-999
21/08/2022 18:55:12,2,490,480,3,0,-999
21/08/2022 18:55:28,2,490,480,3,0,-999
21/08/2022 18:55:44,2,490,480,3,0,-999
21/08/2022 18:56:00,2,490,480,3,0,-999
21/08/2022 18:56:16,2,490,480,3,0,-999
21/08/2022 18:56:32,2,480,480,3,0,-999
21/08/2022 18:56:48,2,480,480,3,0,-999
21/08/2022 18:57:04,2,480,480,3,0,-999
21/08/2022 18:57:20,2,480,480,3,0,-999
21/08/2022 18:57:36,2,480,480,3,0,-999
21/08/2022 18:57:52,2,480,480,3,0,-999
21/08/2022 18:58:08,2,480,480,3,0,-999
21/08/2022 18:58:24,2,480,480,3,0,-999
21/08/2022 18:58:40,2,480,480,3,0,-999
21/08/2022 18:58:56,2,480,480,3,0,-999
21/08/2022 18:59:12,2,480,480,3,0,-999
21/08/2022 18:59:28,2,480,480,3,0,-999
21/08/2022 18:59:44,2,480,480,3,0,-999
21/08/2022 19:00:00,3,480,440,3,0,-999
21/08/2022 19:00:16,3,480,440,3,0,-999
21/08/2022 19:00:32,3,480,440,3,0,-999
21/08/2022 19:00:48,3,480,440,3,0,-999
21/08/2022 19:01:04,3,480,440,3,0,-999
21/08/2022 19:01:20,3,480,440,3,0,-999
21/08/2022 19:01:36,3,480,440,3,0,-999
21/08/2022 19:01:52,3,470,440,3,0,-999
21/08/2022 19:02:08,3,470,440,3,0,-999
21/08/2022 19:02:24,3,470,440,3,0,-999
21/08/2022 19:02:40,3,470,440,3,0,-999
21/08/2022 19:02:56,3,470,440,3,0,-999
21/08/2022 19:03:12,3,470,440,3,0,-999
21/08/2022 19:03:28,3,470,440,3,0,-999
21/08/2022 19:03:44,3,470,440,3,0,-999
21/08/2022 19:04:00,3,470,440,3,0,-999
21/08/2022 19:04:16,3,470,440,3,0,-999
21/08/2022 19:04:32,3,460,440,3,0,-999
21/08/2022 19:04:48,3,460,440,3,0,-999
21/08/2022 19:05:04,3,460,440,3,0,-999
21/08/2022 19:05:20,3,460,440,3,0,-999
21/08/2022 19:05:36,3,460,440,3,0,-999
21/08/2022 19:05:52,3,490,440,3,0,-999
21/08/2022 19:06:08,3,490,440,3,0,-999
21/08/2022 19:06:24,3,490,440,3,0,-999
21/08/2022 19:06:40,3,490,440,3,0,-999
21/08/2022 19:06:56,3,490,440,3,0,-999
21/08/2022 19:07:12,3,490,440,3,0,-999
21/08/2022 19:07:28,3,490,440,3,0,-999
21/08/2022 19:07:44,3,490,440,3,0,-999
21/08/2022 19:08:00,3,490,440,3,0,-999
21/08/2022 19:08:16,3,490,440,3,0,-999
21/08/2022 19:08:32,3,480,440,3,0,-999
21/08/2022 19:08:48,3,480,440,3,0,-999
21/08/2022 19:09:04,3,480,440,3,0,-999
21/08/2022 19:09:20,3,480,440,3,0,-999
21/08/2022 19:09:36,3,480,440,3,0,-999
21/08/2022 19:09:52,3,480,440,3,0,-999
21/08/2022 19:10:08,3,480,440,3,0,-999
21/08/2022 19:10:24,3,480,440,3,0,-999
21/08/2022 19:10:40,3,480,440,3,0,-999
21/08/2022 19:10:56,3,480,440,3,0,-999
21/08/2022 19:11:12,3,470,440,3,0,-999
21/08/2022 19:11:28,3,470,440,3,0,-999
21/08/2022 19:11:44,3,470,440,3,0,-999
21/08/2022 19:12:00,3,470,440,3,0,-999
21/08/2022 19:12:16,3,470,440,3,0,-999
21/08/2022 19:12:32,3,470,440,3,0,-999
21/08/2022 19:12:48,3,470,440,3,0,-999
21/08/2022 19:13:04,3,470,440,3,0,-999
21/08/2022 19:13:20,3,470,440,3,0,-999
21/08/2022 19:13:36,3,470,440,3,0,-999
21/08/2022 19:13:52,3,470,440,3,0,-999
21/08/2022 19:14:08,3,470,440,3,0,-999
21/08/2022 19:14:24,3,460,440,3,0,-999
21/08/2022 19:14:40,3,460,440,3,0,-999
21/08/2022 19:14:56,3,460,440,3,0,-999
21/08/2022 19:15:12,3,460,440,3,0,-999
21/08/2022 19:15:28,3,460,440,3,0,-999
21/08/2022 19:15:44,3,460,440,3,0,-999
21/08/2022 19:16:00,3,460,440,3,0,-999
21/08/2022 19:16:16,3,460,440,3,0,-999
21/08/2022 19:16:32,3,460,440,3,0,-999
21/08/2022 19:16:48,3,460,440,3,0,-999
21/08/2022 19:17:04,3,460,440,3,0,-999
21/08/2022 19:17:20,3,460,440,3,0,-999
21/08/2022 19:17:36,3,460,440,3,0,-999
21/08/2022 19:17:52,3,460,440,3,0,-999
21/08/2022 19:18:08,3,460,440,3,0,-999
21/08/2022 19:18:24,3,460,440,3,0,-999
21/08/2022 19:18:40,3,460,440,3,0,-999
21/08/2022 19:18:56,3,460,440,3,0,-999
21/08/2022 19:19:12,3,450,440,3,0,-999
21/08/2022 19:19:28,3,450,440,3,0,-999
21/08/2022 19:19:44,3,450,440,3,0,-999
21/08/2022 19:20:00,3,450,440,3,0,-999
21/08/2022 19:20:16,3,450,440,3,0,-999
21/08/2022 19:20:32,3,450,440,3,0,-999
21/08/2022 19:20:48,3,450,440,3,0,-999
21/08/2022 19:21:04,3,450,440,3,0,-999
21/08/2022 19:21:20,3,450,440,3,0,-999
21/08/2022 19:21:36,3,450,440,3,0,-999
21/08/2022 19:21:52,3,440,440,3,0,-999
21/08/2022 19:22:08,3,440,440,3,0,-999
21/08/2022 19:22:24,3,440,440,3,0,-999
21/08/2022 19:22:40,3,440,440,3,0,-999
21/08/2022 19:22:56,3,440,440,3,0,-999
21/08/2022 19:23:12,3,440,440,3,0,-999
21/08/2022 19:23:28,3,440,440,3,0,-999
21/08/2022 19:23:44,3,440,440,3,0,-999
21/08/2022 19:24:00,3,440,440,3,0,-999
21/08/2022 19:24:16,3,440,440,3,0,-999
21/08/2022 19:24:32,3,440,440,3,0,-999
21/08/2022 19:24:48,3,440,440,3,0,-999
21/08/2022 19:25:04,3,430,440,3,0,-999
21/08/2022 19:25:20,3,430,440,3,0,-999
21/08/2022 19:25:36,3,430,440,3,0,-999
21/08/2022 19:25:52,3,430,440,3,0,-999
21/08/2022 19:26:08,3,430,440,3,0,-999
21/08/2022 19:26:24,3,430,440,3,0,-999
21/08/2022 19:26:40,3,430,440,3,0,-999
21/08/2022 19:26:56,3,430,440,3,0,-999
21/08/2022 19:27:12,3,430,440,3,0,-999
21/08/2022 19:27:28,3,430,440,3,0,-999
21/08/2022 19:27:44,3,430,440,3,0,-999
21/08/2022 19:28:00,3,430,440,3,0,-999
21/08/2022 19:28:16,3,430,440,3,0,-999
21/08/2022 19:28:32,3,420,440,3,0,-999
21/08/2022 19:28:48,3,420,440,3,0,-999
21/08/2022 19:29:04,3,420,440,3,0,-999
21/08/2022 19:29:20,3,420,440,3,0,-999
21/08/2022 19:29:36,3,420,440,3,0,-999
21/08/2022 19:29:52,3,420,440,3,0,-999
21/08/2022 19:30:08,3,420,440,3,0,-999
21/08/2022 19:30:24,3,420,440,3,0,-999
21/08/2022 19:30:40,3,420,440,3,0,-999
21/08/2022 19:30:56,3,420,440,3,0,-999
21/08/2022 19:31:12,3,420,440,3,0,-999
21/08/2022 19:31:28,3,420,440,3,0,-999
21/08/2022 19:31:44,3,420,440,3,0,-999
21/08/2022 19:32:00,3,420,440,3,0,-999
21/08/2022 19:32:16,3,420,440,3,0,-999
21/08/2022 19:32:32,3,410,440,3,0,-999
21/08/2022 19:32:48,3,410,440,3,0,-999
21/08/2022 19:33:04,3,410,440,3,0,-999
21/08/2022 19:33:20,3,410,440,3,0,-999
21/08/2022 19:33:36,3,410,440,3,0,-999
21/08/2022 19:33:52,3,410,440,3,0,-999
21/08/2022 19:34:08,3,410,440,3,0,-999
21/08/2022 19:34:24,3,410,440,3,0,-999
21/08/2022 19:34:40,3,410,440,3,0,-999
21/08/2022 19:34:56,3,410,440,3,0,-999
21/08/2022 19:35:12,3,410,440,3,0,-999
21/08/2022 19:35:28,3,410,440,3,0,-999
21/08/2022 19:35:44,3,410,440,3,0,-999
21/08/2022 19:36:00,3,410,440,3,0,-999
21/08/2022 19:36:16,3,410,440,3,0,-999
21/08/2022 19:36:32,3,410,440,3,0,-999
21/08/2022 19:36:48,3,410,440,3,0,-999
21/08/2022 19:37:04,3,410,440,3,0,-999
21/08/2022 19:37:20,3,410,440,3,0,-999
21/08/2022 19:37:36,3,410,440,3,0,-999
21/08/2022 19:37:52,3,410,440,3,0,-999
21/08/2022 19:38:08,3,410,440,3,0,-999
21/08/2022 19:38:24,3,410,440,3,0,-999
21/08/2022 19:38:40,3,410,440,3,0,-999
21/08/2022 19:38:56,3,410,440,3,0,-999
21/08/2022 19:39:12,3,410,440,3,0,-999
21/08/2022 19:39:28,3,410,440,3,0,-999
21/08/2022 19:39:44,3,410,440,3,0,-999
21/08/2022 19:40:00,3,410,440,3,0,-999
21/08/2022 19:40:16,3,410,440,3,0,-999
21/08/2022 19:40:32,3,410,440,3,0,-999
21/08/2022 19:40:48,3,410,440,3,0,-999
21/08/2022 19:41:04,3,410,440,3,0,-999
21/08/2022 19:41:20,3,410,440,3,0,-999
21/08/2022 19:41:36,3,410,440,3,0,-999
21/08/2022 19:41:52,3,410,440,3,0,-999
21/08/2022 19:42:08,3,410,440,3,0,-999
21/08/2022 19:42:24,3,410,440,3,0,-999
21/08/2022 19:42:40,3,410,440,3,0,-999
21/08/2022 19:42:56,3,410,440,3,0,-999
21/08/2022 19:43:12,3,410,440,3,0,-999
21/08/2022 19:43:28,3,410,440,3,0,-999
21/08/2022 19:43:44,3,410,440,3,0,-999
21/08/2022 19:44:00,3,410,440,3,0,-999
21/08/2022 19:44:16,3,410,440,3,0,-999
21/08/2022 19:44:32,3,410,440,3,0,-999
21/08/2022 19:44:48,3,410,440,3,0,-999
21/08/2022 19:45:04,3,410,440,3,0,-999
21/08/2022 19:45:20,3,410,440,3,0,-999
21/08/2022 19:45:36,3,410,440,3,0,-999
21/08/2022 19:45:52,3,410,440,3,0,-999
21/08/2022 19:46:08,3,410,440,3,0,-999
21/08/2022 19:46:24,3,410,440,3,0,-999
21/08/2022 19:46:40,3,410,440,3,0,-999
21/08/2022 19:46:56,3,410,440,3,0,-999
21/08/2022 19:47:12,3,410,440,3,0,-999
21/08/2022 19:47:28,3,410,440,3,0,-999
21/08/2022 19:47:44,3,410,440,3,0,-999
21/08/2022 19:48:00,3,410,440,3,0,-999
21/08/2022 19:48:16,3,410,440,3,0,-999
21/08/2022 19:48:32,3,410,440,3,0,-999
21/08/2022 19:48:48,3,410,440,3,0,-999
21/08/2022 19:49:04,3,410,440,3,0,-999
21/08/2022 19:49:20,3,410,440,3,0,-999
21/08/2022 19:49:36,3,410,440,3,0,-999
21/08/2022 19:49:52,3,410,440,3,0,-999
21/08/2022 19:50:08,3,410,440,3,0,-999
21/08/2022 19:50:24,3,410,440,3,0,-999
21/08/2022 19:50:40,3,410,440,3,0,-999
21/08/2022 19:50:56,3,410,440,3,0,-999
21/08/2022 19:51:12,3,410,440,3,0,-999
21/08/2022 19:51:28,3,410,440,3,0,-999
21/08/2022 19:51:44,3,410,440,3,0,-999
21/08/2022 19:52:00,3,410,440,3,0,-999
21/08/2022 19:52:16,3,400,440,3,0,-999
21/08/2022 19:52:32,3,400,440,3,0,-999
21/08/2022 19:52:48,3,400,440,3,0,-999
21/08/2022 19:53:04,3,400,440,3,0,-999
21/08/2022 19:53:20,3,400,440,3,0,-999
21/08/2022 19:53:36,3,400,440,3,0,-999
21/08/2022 19:53:52,3,400,440,3,0,-999
21/08/2022 19:54:08,3,400,440,3,0,-999
21/08/2022 19:54:24,3,400,440,3,0,-999
21/08/2022 19:54:40,3,400,440,3,0,-999
21/08/2022 19:54:56,3,400,440,3,0,-999
21/08/2022 19:55:12,3,400,440,3,0,-999
21/08/2022 19:55:28,3,400,440,3,0,-999
21/08/2022 19:55:44,3,400,440,3,0,-999
21/08/2022 19:56:00,3,400,440,3,0,-999
21/08/2022 19:56:16,3,390,440,3,0,-999
21/08/2022 19:56:32,3,390,440,3,0,-999
21/08/2022 19:56:48,3,390,440,3,0,-999
21/08/2022 19:57:04,3,390,440,3,0,-999
21/08/2022 19:57:20,3,390,440,3,0,-999
21/08/2022 19:57:36,3,390,440,3,0,-999
21/08/2022 19:57:52,3,390,440,3,0,-999
21/08/2022 19:58:08,3,390,440,3,0,-999
21/08/2022 19:58:24,3,390,440,3,0,-999
21/08/2022 19:58:40,3,390,440,3,0,-999
21/08/2022 19:58:56,3,390,440,3,0,-999
21/08/2022 19:59:12,3,390,440,3,0,-999
21/08/2022 19:59:28,3,390,440,3,0,-999
21/08/2022 19:59:44,3,390,440,3,0,-999
21/08/2022 20:00:00,3,390,420,3,0,-999
21/08/2022 20:00:16,3,390,420,3,0,-999
21/08/2022 20:00:32,3,390,420,3,0,-999
21/08/2022 20:00:48,3,390,420,3,0,-999
21/08/2022 20:01:04,3,390,420,3,0,-999
21/08/2022 20:01:20,3,390,420,3,0,-999
21/08/2022 20:01:36,3,380,420,3,0,-999
21/08/2022 20:01:52,3,380,420,3,0,-999
21/08/2022 20:02:08,3,380,420,3,0,-999
21/08/2022 20:02:24,3,380,420,3,0,-999
21/08/2022 20:02:40,3,380,420,3,0,-999
21/08/2022 20:02:56,3,380,420,3,0,-999
21/08/2022 20:03:12,3,380,420,3,0,-999
21/08/2022 20:03:28,3,380,420,3,0,-999
21/08/2022 20:03:44,3,380,420,3,0,-999
21/08/2022 20:04:00,3,380,420,3,0,-999
21/08/2022 20:04:16,3,380,420,3,0,-999
21/08/2022 20:04:32,3,380,420,3,0,-999
21/08/2022 20:04:48,3,380,420,3,0,-999
21/08/2022 20:05:04,3,380,420,3,0,-999
21/08/2022 20:05:20,3,380,420,3,0,-999
21/08/2022 20:05:36,3,380,420,3,0,-999
21/08/2022 20:05:52,3,380,420,3,0,-999
21/08/2022 20:06:08,3,380,420,3,0,-999
21/08/2022 20:06:24,3,380,420,3,0,-999
21/08/2022 20:06:40,3,380,420,3,0,-999
21/08/2022 20:06:56,3,380,420,3,0,-999
21/08/2022 20:07:12,3,380,420,3,0,-999
21/08/2022 20:07:28,3,380,420,3,0,-999
21/08/2022 20:07:44,3,380,420,3,0,-999
21/08/2022 20:08:00,3,380,420,3,0,-999
21/08/2022 20:08:16,3,380,420,3,0,-999
21/08/2022 20:08:32,3,380,420,3,0,-999
21/08/2022 20:08:48,3,380,420,3,0,-999
21/08/2022 20:09:04,3,380,420,3,0,-999
21/08/2022 20:09:20,3,380,420,3,0,-999
21/08/2022 20:09:36,3,380,420,3,0,-999
21/08/2022 20:09:52,3,380,420,3,0,-999
21/08/2022 20:10:08,3,380,420,3,0,-999
21/08/2022 20:10:24,3,380,420,3,0,-999
21/08/2022 20:10:40,3,380,420,3,0,-999
21/08/2022 20:10:56,3,380,420,3,0,-999
21/08/2022 20:11:12,3,380,420,3,0,-999
21/08/2022 20:11:28,3,380,420,3,0,-999
21/08/2022 20:11:44,3,380,420,3,0,-999
21/08/2022 20:12:00,3,380,420,3,0,-999
21/08/2022 20:12:16,3,380,420,3,0,-999
21/08/2022 20:12:32,3,380,420,3,0,-999
21/08/2022 20:12:48,3,390,420,3,0,-999
21/08/2022 20:13:04,3,390,420,3,0,-999
21/08/2022 20:13:20,3,390,420,3,0,-999
21/08/2022 20:13:36,3,390,420,3,0,-999
21/08/2022 20:13:52,3,390,420,3,0,-999
21/08/2022 20:14:08,3,390,420,3,0,-999
21/08/2022 20:14:24,3,390,420,3,0,-999
21/08/2022 20:14:40,3,390,420,3,0,-999
21/08/2022 20:14:56,3,390,420,3,0,-999
21/08/2022 20:15:12,3,380,420,3,0,-999
21/08/2022 20:15:28,3,380,420,3,0,-999
21/08/2022 20:15:44,3,380,420,3,0,-999
21/08/2022 20:16:00,3,380,420,3,0,-999
21/08/2022 20:16:16,3,380,420,3,0,-999
21/08/2022 20:16:32,3,380,420,3,0,-999
21/08/2022 20:16:48,3,380,420,3,0,-999
21/08/2022 20:17:04,3,380,420,3,0,-999
21/08/2022 20:17:20,3,380,420,3,0,-999
21/08/2022 20:17:36,3,380,420,3,0,-999
21/08/2022 20:17:52,3,380,420,3,0,-999
21/08/2022 20:18:08,3,380,420,3,0,-999
21/08/2022 20:18:24,3,380,420,3,0,-999
21/08/2022 20:18:40,3,380,420,3,0,-999
21/08/2022 20:18:56,3,380,420,3,0,-999
21/08/2022 20:19:12,3,380,420,3,0,-999
21/08/2022 20:19:28,3,380,420,3,0,-999
21/08/2022 20:19:44,3,380,420,3,0,-999
21/08/2022 20:20:00,3,380,420,3,0,-999
21/08/2022 20:20:16,3,380,420,3,0,-999
21/08/2022 20:20:32,3,380,420,3,0,-999
21/08/2022 20:20:48,3,380,420,3,0,-999
21/08/2022 20:21:04,3,380,420,3,0,-999
21/08/2022 20:21:20,3,380,420,3,0,-999
21/08/2022 20:21:36,3,380,420,3,0,-999
21/08/2022 20:21:52,3,380,420,3,0,-999
21/08/2022 20:22:08,3,380,420,3,0,-999
21/08/2022 20:22:24,3,380,420,3,0,-999
21/08/2022 20:22:40,3,380,420,3,0,-999
21/08/2022 20:22:56,3,380,420,3,0,-999
21/08/2022 20:23:12,3,380,420,3,0,-999
21/08/2022 20:23:28,3,380,420,3,0,-999
21/08/2022 20:23:44,3,380,420,3,0,-999
21/08/2022 20:24:00,3,380,420,3,0,-999
21/08/2022 20:24:16,3,380,420,3,0,-999
21/08/2022 20:24:32,3,380,420,3,0,-999
21/08/2022 20:24:48,3,380,420,3,0,-999
21/08/2022 20:25:04,3,380,420,3,0,-999
21/08/2022 20:25:20,3,380,420,3,0,-999
21/08/2022 20:25:36,3,380,420,3,0,-999
21/08/2022 20:25:52,3,380,420,3,0,-999
21/08/2022 20:26:08,3,380,420,3,0,-999
21/08/2022 20:26:24,3,380,420,3,0,-999
21/08/2022 20:26:40,3,380,420,3,0,-999
21/08/2022 20:26:56,3,380,420,3,0,-999
21/08/2022 20:27:12,3,380,420,3,0,-999
21/08/2022 20:27:28,3,380,420,3,0,-999
21/08/2022 20:27:44,3,380,420,3,0,-999
21/08/2022 20:28:00,3,380,420,3,0,-999
21/08/2022 20:28:16,3,380,420,3,0,-999
21/08/2022 20:28:32,3,380,420,3,0,-999
21/08/2022 20:28:48,3,380,420,3,0,-999
21/08/2022 20:29:04,3,380,420,3,0,-999
21/08/2022 20:29:20,3,380,420,3,0,-999
21/08/2022 20:29:36,3,380,420,3,0,-999
21/08/2022 20:29:52,3,380,420,3,0,-999
21/08/2022 20:30:08,3,380,420,3,0,-999
21/08/2022 20:30:24,3,380,420,3,0,-999
21/08/2022 20:30:40,3,380,420,3,0,-999
21/08/2022 20:30:56,3,380,420,3,0,-999
21/08/2022 20:31:12,3,380,420,3,0,-999
21/08/2022 20:31:28,3,380,420,3,0,-999
21/08/2022 20:31:44,3,380,420,3,0,-999
21/08/2022 20:32:00,3,380,420,3,0,-999
21/08/2022 20:32:16,3,380,420,3,0,-999
21/08/2022 20:32:32,3,380,420,3,0,-999
21/08/2022 20:32:48,3,380,420,3,0,-999
21/08/2022 20:33:04,3,380,420,3,0,-999
21/08/2022 20:33:20,3,380,420,3,0,-999
21/08/2022 20:33:36,3,380,420,3,0,-999
21/08/2022 20:33:52,3,380,420,3,0,-999
21/08/2022 20:34:08,3,380,420,3,0,-999
21/08/2022 20:34:24,3,380,420,3,0,-999
21/08/2022 20:34:40,3,380,420,3,0,-999
21/08/2022 20:34:56,3,380,420,3,0,-999
21/08/2022 20:35:12,3,380,420,3,0,-999
21/08/2022 20:35:28,3,380,420,3,0,-999
21/08/2022 20:35:44,3,380,420,3,0,-999
21/08/2022 20:36:00,3,380,420,3,0,-999
21/08/2022 20:36:16,3,380,420,3,0,-999
21/08/2022 20:36:32,3,380,420,3,0,-999
21/08/2022 20:36:48,3,380,420,3,0,-999
21/08/2022 20:37:04,3,380,420,3,0,-999
21/08/2022 20:37:20,3,370,420,3,0,-999
21/08/2022 20:37:36,3,370,420,3,0,-999
21/08/2022 20:37:52,3,370,420,3,0,-999
21/08/2022 20:38:08,3,370,420,3,0,-999
21/08/2022 20:38:24,3,370,420,3,0,-999
21/08/2022 20:38:40,3,370,420,3,0,-999
21/08/2022 20:38:56,3,370,420,3,0,-999
21/08/2022 20:39:12,3,370,420,3,0,-999
21/08/2022 20:39:28,3,370,420,3,0,-999
21/08/2022 20:39:44,3,370,420,3,0,-999
21/08/2022 20:40:00,3,370,420,3,0,-999
21/08/2022 20:40:16,3,370,420,3,0,-999
21/08/2022 20:40:32,3,370,420,3,0,-999
21/08/2022 20:40:48,3,370,420,3,0,-999
21/08/2022 20:41:04,3,370,420,3,0,-999
21/08/2022 20:41:20,3,370,420,3,0,-999
21/08/2022 20:41:36,3,370,420,3,0,-999
21/08/2022 20:41:52,3,370,420,3,0,-999
21/08/2022 20:42:08,3,370,420,3,0,-999
21/08/2022 20:42:24,3,370,420,3,0,-999
21/08/2022 20:42:40,3,370,420,3,0,-999
21/08/2022 20:42:56,3,370,420,3,0,-999
21/08/2022 20:43:12,3,370,420,3,0,-999
21/08/2022 20:43:28,3,370,420,3,0,-999
21/08/2022 20:43:44,3,370,420,3,0,-999
21/08/2022 20:44:00,3,370,420,3,0,-999
21/08/2022 20:44:16,3,360,420,3,0,-999
21/08/2022 20:44:32,3,360,420,3,0,-999
21/08/2022 20:44:48,3,360,420,3,0,-999
21/08/2022 20:45:04,3,360,420,3,0,-999
21/08/2022 20:45:20,3,360,420,3,0,-999
21/08/2022 20:45:36,3,360,420,3,0,-999
21/08/2022 20:45:52,3,360,420,3,0,-999
21/08/2022 20:46:08,3,360,420,3,0,-999
21/08/2022 20:46:24,3,360,420,3,0,-999
21/08/2022 20:46:40,3,360,420,3,0,-999
21/08/2022 20:46:56,3,360,420,3,0,-999
21/08/2022 20:47:12,3,360,420,3,0,-999
21/08/2022 20:47:28,3,360,420,3,0,-999
21/08/2022 20:47:44,3,360,420,3,0,-999
21/08/2022 20:48:00,3,360,420,3,0,-999
21/08/2022 20:48:16,3,370,420,3,0,-999
21/08/2022 20:48:32,3,370,420,3,0,-999
21/08/2022 20:48:48,3,370,420,3,0,-999
21/08/2022 20:49:04,3,370,420,3,0,-999
21/08/2022 20:49:20,3,370,420,3,0,-999
21/08/2022 20:49:36,3,370,420,3,0,-999
21/08/2022 20:49:52,3,370,420,3,0,-999
21/08/2022 20:50:08,3,370,420,3,0,-999
21/08/2022 20:50:24,3,370,420,3,0,-999
21/08/2022 20:50:40,3,370,420,3,0,-999
21/08/2022 20:50:56,3,370,420,3,0,-999
21/08/2022 20:51:12,3,370,420,3,0,-999
21/08/2022 20:51:28,3,370,420,3,0,-999
21/08/2022 20:51:44,3,370,420,3,0,-999
21/08/2022 20:52:00,3,370,420,3,0,-999
21/08/2022 20:52:16,3,370,420,3,0,-999
21/08/2022 20:52:32,3,370,420,3,0,-999
21/08/2022 20:52:48,3,370,420,3,0,-999
21/08/2022 20:53:04,3,370,420,3,0,-999
21/08/2022 20:53:20,3,370,420,3,0,-999
21/08/2022 20:53:36,3,370,420,3,0,-999
21/08/2022 20:53:52,3,370,420,3,0,-999
21/08/2022 20:54:08,3,370,420,3,0,-999
21/08/2022 20:54:24,3,370,420,3,0,-999
21/08/2022 20:54:40,3,370,420,3,0,-999
21/08/2022 20:54:56,3,370,420,3,0,-999
21/08/2022 20:55:12,3,370,420,3,0,-999
21/08/2022 20:55:28,3,370,420,3,0,-999
21/08/2022 20:55:44,3,370,420,3,0,-999
21/08/2022 20:56:00,3,370,420,3,0,-999
21/08/2022 20:56:16,3,370,420,3,0,-999
21/08/2022 20:56:32,3,370,420,3,0,-999
21/08/2022 20:56:48,3,370,420,3,0,-999
21/08/2022 20:57:04,3,370,420,3,0,-999
21/08/2022 20:57:20,3,370,420,3,0,-999
21/08/2022 20:57:36,3,370,420,3,0,-999
21/08/2022 20:57:52,3,370,420,3,0,-999
21/08/2022 20:58:08,3,370,420,3,0,-999
21/08/2022 20:58:24,3,370,420,3,0,-999
21/08/2022 20:58:40,3,370,420,3,0,-999
21/08/2022 20:58:56,3,370,420,3,0,-999
21/08/2022 20:59:12,3,370,420,3,0,-999
21/08/2022 20:59:28,3,370,420,3,0,-999
21/08/2022 20:59:44,3,370,420,3,0,-999
21/08/2022 21:00:00,-999,370,-999,3,0,-999
21/08/2022 21:00:16,-999,370,-999,3,0,-999
21/08/2022 21:00:32,-999,370,-999,3,0,-999
21/08/2022 21:00:48,-999,370,-999,3,0,-999
21/08/2022 21:01:04,-999,370,-999,3,0,-999
21/08/2022 21:01:20,-999,370,-999,3,0,-999
21/08/2022 21:01:36,-999,370,-999,3,0,-999
21/08/2022 21:01:52,-999,370,-999,3,0,-999
21/08/2022 21:02:08,-999,370,-999,3,0,-999
21/08/2022 21:02:24,-999,370,-999,3,0,-999
21/08/2022 21:02:40,-999,370,-999,3,0,-999
21/08/2022 21:02:56,-999,370,-999,3,0,-999
21/08/2022 21:03:12,-999,370,-999,3,0,-999
21/08/2022 21:03:28,-999,370,-999,3,0,-999
21/08/2022 21:03:44,-999,370,-999,3,0,-999
21/08/2022 21:04:00,-999,380,-999,3,0,-999
21/08/2022 21:04:16,-999,380,-999,3,0,-999
21/08/2022 21:04:32,-999,380,-999,3,0,-999
21/08/2022 21:04:48,-999,380,-999,3,0,-999
21/08/2022 21:05:04,-999,380,-999,3,0,-999
21/08/2022 21:05:20,-999,380,-999,3,0,-999
21/08/2022 21:05:36,-999,380,-999,3,0,-999
21/08/2022 21:05:52,-999,380,-999,3,0,-999
21/08/2022 21:06:08,-999,380,-999,3,0,-999
21/08/2022 21:06:24,-999,380,-999,3,0,-999
21/08/2022 21:06:40,-999,380,-999,3,0,-999
21/08/2022 21:06:56,-999,380,-999,3,0,-999
21/08/2022 21:07:12,-999,380,-999,3,0,-999
21/08/2022 21:07:28,-999,380,-999,3,0,-999
21/08/2022 21:07:44,-999,380,-999,3,0,-999
21/08/2022 21:08:00,-999,380,-999,3,0,-999
21/08/2022 21:08:16,-999,380,-999,3,0,-999
21/08/2022 21:08:32,-999,380,-999,3,0,-999
21/08/2022 21:08:48,-999,380,-999,3,0,-999
21/08/2022 21:09:04,-999,380,-999,3,0,-999
21/08/2022 21:09:20,-999,380,-999,3,0,-999
21/08/2022 21:09:36,-999,380,-999,3,0,-999
21/08/2022 21:09:52,-999,380,-999,3,0,-999
21/08/2022 21:10:08,-999,380,-999,3,0,-999
21/08/2022 21:10:24,-999,380,-999,3,0,-999
21/08/2022 21:10:40,-999,380,-999,3,0,-999
21/08/2022 21:10:56,-999,380,-999,3,0,-999
21/08/2022 21:11:12,-999,390,-999,3,0,-999
21/08/2022 21:11:28,-999,390,-999,3,0,-999
21/08/2022 21:11:44,-999,390,-999,3,0,-999
21/08/2022 21:12:00,-999,390,-999,3,0,-999
21/08/2022 21:12:16,-999,390,-999,3,0,-999
21/08/2022 21:12:32,-999,390,-999,3,0,-999
21/08/2022 21:12:48,-999,390,-999,3,0,-999
21/08/2022 21:13:04,-999,390,-999,3,0,-999
21/08/2022 21:13:20,-999,390,-999,3,0,-999
21/08/2022 21:13:36,-999,390,-999,3,0,-999
21/08/2022 21:13:52,-999,390,-999,3,0,-999
21/08/2022 21:14:08,-999,390,-999,3,0,-999
21/08/2022 21:14:24,-999,390,-999,3,0,-999
21/08/2022 21:14:40,-999,390,-999,3,0,-999
21/08/2022 21:14:56,-999,400,-999,3,0,-999
21/08/2022 21:15:12,-999,400,-999,3,0,-999
21/08/2022 21:15:28,-999,400,-999,3,0,-999
21/08/2022 21:15:44,-999,400,-999,3,0,-999
21/08/2022 21:16:00,-999,400,-999,3,0,-999
21/08/2022 21:16:16,-999,400,-999,3,0,-999
21/08/2022 21:16:32,-999,400,-999,3,0,-999
21/08/2022 21:16:48,-999,400,-999,3,0,-999
21/08/2022 21:17:04,-999,400,-999,3,0,-999
21/08/2022 21:17:20,-999,400,-999,3,0,-999
21/08/2022 21:17:36,-999,400,-999,3,0,-999
21/08/2022 21:17:52,-999,400,-999,3,0,-999
21/08/2022 21:18:08,-999,400,-999,3,0,-999
21/08/2022 21:18:24,-999,400,-999,3,0,-999
21/08/2022 21:18:40,-999,400,-999,3,0,-999
21/08/2022 21:18:56,-999,410,-999,3,0,-999
21/08/2022 21:19:12,-999,410,-999,3,0,-999
21/08/2022 21:19:28,-999,410,-999,3,0,-999
21/08/2022 21:19:44,-999,410,-999,3,0,-999
21/08/2022 21:20:00,-999,410,-999,3,0,-999
21/08/2022 21:20:16,-999,410,-999,3,0,-999
21/08/2022 21:20:32,-999,410,-999,3,0,-999
21/08/2022 21:20:48,-999,410,-999,3,0,-999
21/08/2022 21:21:04,-999,410,-999,3,0,-999
21/08/2022 21:21:20,-999,410,-999,3,0,-999
21/08/2022 21:21:36,-999,410,-999,3,0,-999
21/08/2022 21:21:52,-999,410,-999,3,0,-999
21/08/2022 21:22:08,-999,410,-999,3,0,-999
21/08/2022 21:22:24,-999,410,-999,3,0,-999
21/08/2022 21:22:40,-999,410,-999,3,0,-999
21/08/2022 21:22:56,-999,410,-999,3,0,-999
21/08/2022 21:23:12,-999,410,-999,3,0,-999
21/08/2022 21:23:28,-999,410,-999,3,0,-999
21/08/2022 21:23:44,-999,410,-999,3,0,-999
21/08/2022 21:24:00,-999,410,-999,3,0,-999
21/08/2022 21:24:16,-999,410,-999,3,0,-999
21/08/2022 21:24:32,-999,410,-999,3,0,-999
21/08/2022 21:24:48,-999,410,-999,3,0,-999
21/08/2022 21:25:04,-999,410,-999,3,0,-999
21/08/2022 21:25:20,-999,410,-999,3,0,-999
21/08/2022 21:25:36,-999,410,-999,3,0,-999
21/08/2022 21:25:52,-999,410,-999,3,0,-999
21/08/2022 21:26:08,-999,410,-999,3,0,-999
21/08/2022 21:26:24,-999,410,-999,3,0,-999
21/08/2022 21:26:40,-999,410,-999,3,0,-999
21/08/2022 21:26:56,-999,410,-999,3,0,-999
21/08/2022 21:27:12,-999,410,-999,3,0,-999
21/08/2022 21:27:28,-999,410,-999,3,0,-999
21/08/2022 21:27:44,-999,410,-999,3,0,-999
21/08/2022 21:28:00,-999,410,-999,3,0,-999
21/08/2022 21:28:16,-999,410,-999,3,0,-999
21/08/2022 21:28:32,-999,410,-999,3,0,-999
21/08/2022 21:28:48,-999,410,-999,3,0,-999
21/08/2022 21:29:04,-999,410,-999,3,0,-999
21/08/2022 21:29:20,-999,400,-999,3,0,-999
21/08/2022 21:29:36,-999,400,-999,3,0,-999
21/08/2022 21:29:52,-999,400,-999,3,0,-999
21/08/2022 21:30:08,-999,400,-999,3,0,-999
21/08/2022 21:30:24,-999,400,-999,3,0,-999
21/08/2022 21:30:40,-999,400,-999,3,0,-999
21/08/2022 21:30:56,-999,400,-999,3,0,-999
21/08/2022 21:31:12,-999,400,-999,3,0,-999
21/08/2022 21:31:28,-999,400,-999,3,0,-999
21/08/2022 21:31:44,-999,400,-999,3,0,-999
21/08/2022 21:32:00,-999,400,-999,3,0,-999
21/08/2022 21:32:16,-999,400,-999,3,0,-999
21/08/2022 21:32:32,-999,400,-999,3,0,-999
21/08/2022 21:32:48,-999,400,-999,3,0,-999
21/08/2022 21:33:04,-999,400,-999,3,0,-999
21/08/2022 21:33:20,-999,400,-999,3,0,-999
21/08/2022 21:33:36,-999,400,-999,3,0,-999
21/08/2022 21:33:52,-999,400,-999,3,0,-999
21/08/2022 21:34:08,-999,400,-999,3,0,-999
21/08/2022 21:34:24,-999,400,-999,3,0,-999
21/08/2022 21:34:40,-999,400,-999,3,0,-999
21/08/2022 21:34:56,-999,390,-999,3,0,-999
21/08/2022 21:35:12,-999,390,-999,3,0,-999
21/08/2022 21:35:28,-999,390,-999,3,0,-999
21/08/2022 21:35:44,-999,390,-999,3,0,-999
21/08/2022 21:36:00,-999,390,-999,3,0,-999
21/08/2022 21:36:16,-999,390,-999,3,0,-999
21/08/2022 21:36:32,-999,390,-999,3,0,-999
21/08/2022 21:36:48,-999,390,-999,3,0,-999
21/08/2022 21:37:04,-999,390,-999,3,0,-999
21/08/2022 21:37:20,-999,390,-999,3,0,-999
21/08/2022 21:37:36,-999,390,-999,3,0,-999
21/08/2022 21:37:52,-999,390,-999,3,0,-999
21/08/2022 21:38:08,-999,390,-999,3,0,-999
21/08/2022 21:38:24,-999,380,-999,3,0,-999
21/08/2022 21:38:40,-999,380,-999,3,0,-999
21/08/2022 21:38:56,-999,380,-999,3,0,-999
21/08/2022 21:39:12,-999,380,-999,3,0,-999
21/08/2022 21:39:28,-999,380,-999,3,0,-999
21/08/2022 21:39:44,-999,380,-999,3,0,-999
21/08/2022 21:40:00,-999,380,-999,3,0,-999
21/08/2022 21:40:16,-999,380,-999,3,0,-999
21/08/2022 21:40:32,-999,380,-999,3,0,-999
21/08/2022 21:40:48,-999,380,-999,3,0,-999
21/08/2022 21:41:04,-999,380,-999,3,0,-999
21/08/2022 21:41:20,-999,370,-999,3,0,-999
21/08/2022 21:41:36,-999,370,-999,3,0,-999
21/08/2022 21:41:52,-999,370,-999,3,0,-999
21/08/2022 21:42:08,-999,370,-999,3,0,-999
21/08/2022 21:42:24,-999,370,-999,3,0,-999
21/08/2022 21:42:40,-999,370,-999,3,0,-999
21/08/2022 21:42:56,-999,370,-999,3,0,-999
21/08/2022 21:43:12,-999,370,-999,3,0,-999
21/08/2022 21:43:28,-999,370,-999,3,0,-999
21/08/2022 21:43:44,-999,370,-999,3,0,-999
21/08/2022 21:44:00,-999,370,-999,3,0,-999
21/08/2022 21:44:16,-999,370,-999,3,0,-999
21/08/2022 21:44:32,-999,370,-999,3,0,-999
21/08/2022 21:44:48,-999,370,-999,3,0,-999
21/08/2022 21:45:04,-999,370,-999,3,0,-999
21/08/2022 21:45:20,-999,370,-999,3,0,-999
21/08/2022 21:45:36,-999,370,-999,3,0,-999
21/08/2022 21:45:52,-999,370,-999,3,0,-999
21/08/2022 21:46:08,-999,370,-999,3,0,-999
21/08/2022 21:46:24,-999,370,-999,3,0,-999
21/08/2022 21:46:40,-999,370,-999,3,0,-999
21/08/2022 21:46:56,-999,370,-999,3,0,-999
21/08/2022 21:47:12,-999,370,-999,3,0,-999
21/08/2022 21:47:28,-999,370,-999,3,0,-999
21/08/2022 21:47:44,-999,370,-999,3,0,-999
21/08/2022 21:48:00,-999,370,-999,3,0,-999
21/08/2022 21:48:16,-999,370,-999,3,0,-999
21/08/2022 21:48:32,-999,370,-999,3,0,-999
21/08/2022 21:48:48,-999,370,-999,3,0,-999
21/08/2022 21:49:04,-999,370,-999,3,0,-999
21/08/2022 21:49:20,-999,370,-999,3,0,-999
21/08/2022 21:49:36,-999,370,-999,3,0,-999
21/08/2022 21:49:52,-999,370,-999,3,0,-999
21/08/2022 21:50:08,-999,370,-999,3,0,-999
21/08/2022 21:50:24,-999,370,-999,3,0,-999
21/08/2022 21:50:40,-999,370,-999,3,0,-999
21/08/2022 21:50:56,-999,370,-999,3,0,-999
21/08/2022 21:51:12,-999,370,-999,3,0,-999
21/08/2022 21:51:28,-999,370,-999,3,0,-999
21/08/2022 21:51:44,-999,370,-999,3,0,-999
21/08/2022 21:52:00,-999,370,-999,3,0,-999
21/08/2022 21:52:16,-999,370,-999,3,0,-999
21/08/2022 21:52:32,-999,370,-999,3,0,-999
21/08/2022 21:52:48,-999,370,-999,3,0,-999
21/08/2022 21:53:04,-999,370,-999,3,0,-999
21/08/2022 21:53:20,-999,370,-999,3,0,-999
21/08/2022 21:53:36,-999,370,-999,3,0,-999
21/08/2022 21:53:52,-999,370,-999,3,0,-999
21/08/2022 21:54:08,-999,370,-999,3,0,-999
21/08/2022 21:54:24,-999,370,-999,3,0,-999
21/08/2022 21:54:40,-999,370,-999,3,0,-999
21/08/2022 21:54:56,-999,370,-999,3,0,-999
21/08/2022 21:55:12,-999,370,-999,3,0,-999
21/08/2022 21:55:28,-999,370,-999,3,0,-999
21/08/2022 21:55:44,-999,370,-999,3,0,-999
21/08/2022 21:56:00,-999,370,-999,3,0,-999
21/08/2022 21:56:16,-999,370,-999,3,0,-999
21/08/2022 21:56:32,-999,370,-999,3,0,-999
21/08/2022 21:56:48,-999,370,-999,3,0,-999
21/08/2022 21:57:04,-999,370,-999,3,0,-999
21/08/2022 21:57:20,-999,370,-999,3,0,-999
21/08/2022 21:57:36,-999,370,-999,3,0,-999
21/08/2022 21:57:52,-999,380,-999,3,0,-999
21/08/2022 21:58:08,-999,380,-999,3,0,-999
21/08/2022 21:58:24,-999,380,-999,3,0,-999
21/08/2022 21:58:40,-999,380,-999,3,0,-999
21/08/2022 21:58:56,-999,380,-999,3,0,-999
21/08/2022 21:59:12,-999,380,-999,3,0,-999
21/08/2022 21:59:28,-999,380,-999,3,0,-999
21/08/2022 21:59:44,-999,380,-999,3,0,-999
21/08/2022 22:00:00,3,380,380,3,0,-999
21/08/2022 22:00:16,3,380,380,3,0,-999
21/08/2022 22:00:32,3,380,380,3,0,-999
21/08/2022 22:00:48,3,380,380,3,0,-999
21/08/2022 22:01:04,3,380,380,3,0,-999
21/08/2022 22:01:20,3,380,380,3,0,-999
21/08/2022 22:01:36,3,380,380,3,0,-999
21/08/2022 22:01:52,3,380,380,3,0,-999
21/08/2022 22:02:08,3,380,380,3,0,-999
21/08/2022 22:02:24,3,380,380,3,0,-999
21/08/2022 22:02:40,3,380,380,3,0,-999
21/08/2022 22:02:56,3,380,380,3,0,-999
21/08/2022 22:03:12,3,380,380,3,0,-999
21/08/2022 22:03:28,3,380,380,3,0,-999
21/08/2022 22:03:44,3,380,380,3,0,-999
21/08/2022 22:04:00,3,380,380,3,0,-999
21/08/2022 22:04:16,3,380,380,3,0,-999
21/08/2022 22:04:32,3,380,380,3,0,-999
21/08/2022 22:04:48,3,380,380,3,0,-999
21/08/2022 22:05:04,3,380,380,3,0,-999
21/08/2022 22:05:20,3,380,380,3,0,-999
21/08/2022 22:05:36,3,380,380,3,0,-999
21/08/2022 22:05:52,3,380,380,3,0,-999
21/08/2022 22:06:08,3,380,380,3,0,-999
21/08/2022 22:06:24,3,380,380,3,0,-999
21/08/2022 22:06:40,3,380,380,3,0,-999
21/08/2022 22:06:56,3,380,380,3,0,-999
21/08/2022 22:07:12,3,380,380,3,0,-999
21/08/2022 22:07:28,3,380,380,3,0,-999
21/08/2022 22:07:44,3,380,380,3,0,-999
21/08/2022 22:08:00,3,380,380,3,0,-999
21/08/2022 22:08:16,3,380,380,3,0,-999
21/08/2022 22:08:32,3,380,380,3,0,-999
21/08/2022 22:08:48,3,380,380,3,0,-999
21/08/2022 22:09:04,3,380,380,3,0,-999
21/08/2022 22:09:20,3,380,380,3,0,-999
21/08/2022 22:09:36,3,380,380,3,0,-999
21/08/2022 22:09:52,3,380,380,3,0,-999
21/08/2022 22:10:08,3,380,380,3,0,-999
21/08/2022 22:10:24,3,380,380,3,0,-999
21/08/2022 22:10:40,3,380,380,3,0,-999
21/08/2022 22:10:56,3,380,380,3,0,-999
21/08/2022 22:11:12,3,380,380,3,0,-999
21/08/2022 22:11:28,3,380,380,3,0,-999
21/08/2022 22:11:44,3,380,380,3,0,-999
21/08/2022 22:12:00,3,380,380,3,0,-999
21/08/2022 22:12:16,3,380,380,3,0,-999
21/08/2022 22:12:32,3,380,380,3,0,-999
21/08/2022 22:12:48,3,380,380,3,0,-999
21/08/2022 22:13:04,3,380,380,3,0,-999
21/08/2022 22:13:20,3,380,380,3,0,-999
21/08/2022 22:13:36,3,380,380,3,0,-999
21/08/2022 22:13:52,3,380,380,3,0,-999
21/08/2022 22:14:08,3,380,380,3,0,-999
21/08/2022 22:14:24,3,380,380,3,0,-999
21/08/2022 22:14:40,3,380,380,3,0,-999
21/08/2022 22:14:56,3,380,380,3,0,-999
21/08/2022 22:15:12,3,380,380,3,0,-999
21/08/2022 22:15:28,3,380,380,3,0,-999
21/08/2022 22:15:44,3,380,380,3,0,-999
21/08/2022 22:16:00,3,380,380,3,0,-999
21/08/2022 22:16:16,3,380,380,3,0,-999
21/08/2022 22:16:32,3,380,380,3,0,-999
21/08/2022 22:16:48,3,380,380,3,0,-999
21/08/2022 22:17:04,3,380,380,3,0,-999
21/08/2022 22:17:20,3,380,380,3,0,-999
21/08/2022 22:17:36,3,380,380,3,0,-999
21/08/2022 22:17:52,3,380,380,3,0,-999
21/08/2022 22:18:08,3,380,380,3,0,-999
21/08/2022 22:18:24,3,380,380,3,0,-999
21/08/2022 22:18:40,3,380,380,3,0,-999
21/08/2022 22:18:56,3,380,380,3,0,-999
21/08/2022 22:19:12,3,380,380,3,0,-999
21/08/2022 22:19:28,3,380,380,3,0,-999
21/08/2022 22:19:44,3,380,380,3,0,-999
21/08/2022 22:20:00,3,380,380,3,0,-999
21/08/2022 22:20:16,3,380,380,3,0,-999
21/08/2022 22:20:32,3,380,380,3,0,-999
21/08/2022 22:20:48,3,380,380,3,0,-999
21/08/2022 22:21:04,3,380,380,3,0,-999
21/08/2022 22:21:20,3,380,380,3,0,-999
21/08/2022 22:21:36,3,380,380,3,0,-999
21/08/2022 22:21:52,3,380,380,3,0,-999
21/08/2022 22:22:08,3,380,380,3,0,-999
21/08/2022 22:22:24,3,380,380,3,0,-999
21/08/2022 22:22:40,3,380,380,3,0,-999
21/08/2022 22:22:56,3,380,380,3,0,-999
21/08/2022 22:23:12,3,380,380,3,0,-999
21/08/2022 22:23:28,3,380,380,3,0,-999
21/08/2022 22:23:44,3,380,380,3,0,-999
21/08/2022 22:24:00,3,380,380,3,0,-999
21/08/2022 22:24:16,3,380,380,3,0,-999
21/08/2022 22:24:32,3,380,380,3,0,-999
21/08/2022 22:24:48,3,380,380,3,0,-999
21/08/2022 22:25:04,3,380,380,3,0,-999
21/08/2022 22:25:20,3,380,380,3,0,-999
21/08/2022 22:25:36,3,380,380,3,0,-999
21/08/2022 22:25:52,3,380,380,3,0,-999
21/08/2022 22:26:08,3,380,380,3,0,-999
21/08/2022 22:26:24,3,380,380,3,0,-999
21/08/2022 22:26:40,3,380,380,3,0,-999
21/08/2022 22:26:56,3,380,380,3,0,-999
21/08/2022 22:27:12,3,380,380,3,0,-999
21/08/2022 22:27:28,3,380,380,3,0,-999
21/08/2022 22:27:44,3,380,380,3,0,-999
21/08/2022 22:28:00,3,380,380,3,0,-999
21/08/2022 22:28:16,3,380,380,3,0,-999
21/08/2022 22:28:32,3,380,380,3,0,-999
21/08/2022 22:28:48,3,380,380,3,0,-999
21/08/2022 22:29:04,3,380,380,3,0,-999
21/08/2022 22:29:20,3,380,380,3,0,-999
21/08/2022 22:29:36,3,380,380,3,0,-999
21/08/2022 22:29:52,3,380,380,3,0,-999
21/08/2022 22:30:08,3,380,380,3,0,-999
21/08/2022 22:30:24,3,380,380,3,0,-999
21/08/2022 22:30:40,3,380,380,3,0,-999
21/08/2022 22:30:56,3,380,380,3,0,-999
21/08/2022 22:31:12,3,380,380,3,0,-999
21/08/2022 22:31:28,3,380,380,3,0,-999
21/08/2022 22:31:44,3,380,380,3,0,-999
21/08/2022 22:32:00,3,380,380,3,0,-999
21/08/2022 22:32:16,3,380,380,3,0,-999
21/08/2022 22:32:32,3,380,380,3,0,-999
21/08/2022 22:32:48,3,380,380,3,0,-999
21/08/2022 22:33:04,3,380,380,3,0,-999
21/08/2022 22:33:20,3,380,380,3,0,-999
21/08/2022 22:33:36,3,380,380,3,0,-999
21/08/2022 22:33:52,3,380,380,3,0,-999
21/08/2022 22:34:08,3,380,380,3,0,-999
21/08/2022 22:34:24,3,380,380,3,0,-999
21/08/2022 22:34:40,3,380,380,3,0,-999
21/08/2022 22:34:56,3,390,380,3,0,-999
21/08/2022 22:35:12,3,390,380,3,0,-999
21/08/2022 22:35:28,3,390,380,3,0,-999
21/08/2022 22:35:44,3,390,380,3,0,-999
21/08/2022 22:36:00,3,390,380,3,0,-999
21/08/2022 22:36:16,3,390,380,3,0,-999
21/08/2022 22:36:32,3,390,380,3,0,-999
21/08/2022 22:36:48,3,390,380,3,0,-999
21/08/2022 22:37:04,3,390,380,3,0,-999
21/08/2022 22:37:20,3,390,380,3,0,-999
21/08/2022 22:37:36,3,390,380,3,0,-999
21/08/2022 22:37:52,3,390,380,3,0,-999
21/08/2022 22:38:08,3,390,380,3,0,-999
21/08/2022 22:38:24,3,390,380,3,0,-999
21/08/2022 22:38:40,3,390,380,3,0,-999
21/08/2022 22:38:56,3,390,380,3,0,-999
21/08/2022 22:39:12,3,390,380,3,0,-999
21/08/2022 22:39:28,3,390,380,3,0,-999
21/08/2022 22:39:44,3,390,380,3,0,-999
21/08/2022 22:40:00,3,400,380,3,0,-999
21/08/2022 22:40:16,3,400,380,3,0,-999
21/08/2022 22:40:32,3,400,380,3,0,-999
21/08/2022 22:40:48,3,400,380,3,0,-999
21/08/2022 22:41:04,3,400,380,3,0,-999
21/08/2022 22:41:20,3,400,380,3,0,-999
21/08/2022 22:41:36,3,400,380,3,0,-999
21/08/2022 22:41:52,3,400,380,3,0,-999
21/08/2022 22:42:08,3,400,380,3,0,-999
21/08/2022 22:42:24,3,400,380,3,0,-999
21/08/2022 22:42:40,3,410,380,3,0,-999
21/08/2022 22:42:56,3,410,380,3,0,-999
21/08/2022 22:43:12,3,410,380,3,0,-999
21/08/2022 22:43:28,3,410,380,3,0,-999
21/08/2022 22:43:44,3,410,380,3,0,-999
21/08/2022 22:44:00,3,410,380,3,0,-999
21/08/2022 22:44:16,3,410,380,3,0,-999
21/08/2022 22:44:32,3,410,380,3,0,-999
21/08/2022 22:44:48,3,410,380,3,0,-999
21/08/2022 22:45:04,3,410,380,3,0,-999
21/08/2022 22:45:20,3,420,380,3,0,-999
21/08/2022 22:45:36,3,420,380,3,0,-999
21/08/2022 22:45:52,3,420,380,3,0,-999
21/08/2022 22:46:08,3,420,380,3,0,-999
21/08/2022 22:46:24,3,420,380,3,0,-999
21/08/2022 22:46:40,3,420,380,3,0,-999
21/08/2022 22:46:56,3,430,380,3,0,-999
21/08/2022 22:47:12,3,430,380,3,0,-999
21/08/2022 22:47:28,3,430,380,3,0,-999
21/08/2022 22:47:44,3,430,380,3,0,-999
21/08/2022 22:48:00,3,430,380,3,0,-999
21/08/2022 22:48:16,3,440,380,3,0,-999
21/08/2022 22:48:32,3,440,380,3,0,-999
21/08/2022 22:48:48,3,440,380,3,0,-999
21/08/2022 22:49:04,3,440,380,3,0,-999
21/08/2022 22:49:20,3,450,380,3,0,-999
21/08/2022 22:49:36,3,450,380,3,0,-999
21/08/2022 22:49:52,3,450,380,3,0,-999
21/08/2022 22:50:08,3,450,380,3,0,-999
21/08/2022 22:50:24,3,460,380,3,0,-999
21/08/2022 22:50:40,3,460,380,3,0,-999
21/08/2022 22:50:56,3,460,380,3,0,-999
21/08/2022 22:51:12,3,460,380,3,0,-999
21/08/2022 22:51:28,3,460,380,3,0,-999
21/08/2022 22:51:44,3,460,380,3,0,-999
21/08/2022 22:52:00,3,460,380,3,0,-999
21/08/2022 22:52:16,3,460,380,3,0,-999
21/08/2022 22:52:32,3,460,380,3,0,-999
21/08/2022 22:52:48,3,460,380,3,0,-999
21/08/2022 22:53:04,3,460,380,3,0,-999
21/08/2022 22:53:20,3,460,380,3,0,-999
21/08/2022 22:53:36,3,470,380,3,0,-999
21/08/2022 22:53:52,3,470,380,3,0,-999
21/08/2022 22:54:08,3,470,380,3,0,-999
21/08/2022 22:54:24,3,470,380,3,0,-999
21/08/2022 22:54:40,3,470,380,3,0,-999
21/08/2022 22:54:56,3,470,380,3,0,-999
21/08/2022 22:55:12,3,470,380,3,0,-999
21/08/2022 22:55:28,3,470,380,3,0,-999
21/08/2022 22:55:44,3,470,380,3,0,-999
21/08/2022 22:56:00,3,470,380,3,0,-999
21/08/2022 22:56:16,3,470,380,3,0,-999
21/08/2022 22:56:32,3,470,380,3,0,-999
21/08/2022 22:56:48,3,470,380,3,0,-999
21/08/2022 22:57:04,3,470,380,3,0,-999
21/08/2022 22:57:20,3,470,380,3,0,-999
21/08/2022 22:57:36,3,470,380,3,0,-999
21/08/2022 22:57:52,3,470,380,3,0,-999
21/08/2022 22:58:08,3,470,380,3,0,-999
21/08/2022 22:58:24,3,470,380,3,0,-999
21/08/2022 22:58:40,3,470,380,3,0,-999
21/08/2022 22:58:56,3,480,380,3,0,-999
21/08/2022 22:59:12,3,480,380,3,0,-999
21/08/2022 22:59:28,3,480,380,3,0,-999
21/08/2022 22:59:44,3,480,380,3,0,-999
21/08/2022 23:00:00,3,480,380,3,0,-999
21/08/2022 23:00:16,3,480,380,3,0,-999
21/08/2022 23:00:32,3,480,380,3,0,-999
21/08/2022 23:00:48,3,480,380,3,0,-999
21/08/2022 23:01:04,3,480,380,3,0,-999
21/08/2022 23:01:20,3,480,380,3,0,-999
21/08/2022 23:01:36,3,480,380,3,0,-999
21/08/2022 23:01:52,3,480,380,3,0,-999
21/08/2022 23:02:08,3,480,380,3,0,-999
21/08/2022 23:02:24,3,480,380,3,0,-999
21/08/2022 23:02:40,3,480,380,3,0,-999
21/08/2022 23:02:56,3,480,380,3,0,-999
21/08/2022 23:03:12,3,490,380,3,0,-999
21/08/2022 23:03:28,3,490,380,3,0,-999
21/08/2022 23:03:44,3,490,380,3,0,-999
21/08/2022 23:04:00,3,490,380,3,0,-999
21/08/2022 23:04:16,3,490,380,3,0,-999
21/08/2022 23:04:32,3,490,380,3,0,-999
21/08/2022 23:04:48,3,490,380,3,0,-999
21/08/2022 23:05:04,3,490,380,3,0,-999
21/08/2022 23:05:20,3,490,380,3,0,-999
21/08/2022 23:05:36,3,560,380,3,0,-999
21/08/2022 23:05:52,3,560,380,3,0,-999
21/08/2022 23:06:08,3,560,380,3,0,-999
21/08/2022 23:06:24,3,560,380,3,0,-999
21/08/2022 23:06:40,3,570,380,3,0,-999
21/08/2022 23:06:56,3,570,380,3,0,-999
21/08/2022 23:07:12,3,570,380,3,0,-999
21/08/2022 23:07:28,3,570,380,3,0,-999
21/08/2022 23:07:44,3,570,380,3,0,-999
21/08/2022 23:08:00,3,570,380,3,0,-999
21/08/2022 23:08:16,3,570,380,3,0,-999
21/08/2022 23:08:32,3,570,380,3,0,-999
21/08/2022 23:08:48,3,570,380,3,0,-999
21/08/2022 23:09:04,3,570,380,3,0,-999
21/08/2022 23:09:20,3,570,380,3,0,-999
21/08/2022 23:09:36,3,570,380,3,0,-999
21/08/2022 23:09:52,3,580,380,3,0,-999
21/08/2022 23:10:08,3,580,380,3,0,-999
21/08/2022 23:10:24,3,580,380,3,0,-999
21/08/2022 23:10:40,3,580,380,3,0,-999
21/08/2022 23:10:56,3,580,380,3,0,-999
21/08/2022 23:11:12,3,570,380,3,0,-999
21/08/2022 23:11:28,3,570,380,3,0,-999
21/08/2022 23:11:44,3,570,380,3,0,-999
21/08/2022 23:12:00,3,570,380,3,0,-999
21/08/2022 23:12:16,3,570,380,3,0,-999
21/08/2022 23:12:32,3,570,380,3,0,-999
21/08/2022 23:12:48,3,570,380,3,0,-999
21/08/2022 23:13:04,3,570,380,3,0,-999
21/08/2022 23:13:20,3,570,380,3,0,-999
21/08/2022 23:13:36,3,570,380,3,0,-999
21/08/2022 23:13:52,3,580,380,3,0,-999
21/08/2022 23:14:08,3,580,380,3,0,-999
21/08/2022 23:14:24,3,580,380,3,0,-999
21/08/2022 23:14:40,3,580,380,3,0,-999
21/08/2022 23:14:56,3,580,380,3,0,-999
21/08/2022 23:15:12,3,580,380,3,0,-999
21/08/2022 23:15:28,3,580,380,3,0,-999
21/08/2022 23:15:44,3,580,380,3,0,-999
21/08/2022 23:16:00,3,580,380,3,0,-999
21/08/2022 23:16:16,3,580,380,3,0,-999
21/08/2022 23:16:32,3,570,380,3,0,-999
21/08/2022 23:16:48,3,570,380,3,0,-999
21/08/2022 23:17:04,3,570,380,3,0,-999
21/08/2022 23:17:20,3,570,380,3,0,-999
21/08/2022 23:17:36,3,570,380,3,0,-999
21/08/2022 23:17:52,3,570,380,3,0,-999
21/08/2022 23:18:08,3,570,380,3,0,-999
21/08/2022 23:18:24,3,570,380,3,0,-999
21/08/2022 23:18:40,3,570,380,3,0,-999
21/08/2022 23:18:56,3,570,380,3,0,-999
21/08/2022 23:19:12,3,570,380,3,0,-999
21/08/2022 23:19:28,3,570,380,3,0,-999
21/08/2022 23:19:44,3,490,380,3,0,-999
21/08/2022 23:20:00,3,490,380,3,0,-999
21/08/2022 23:20:16,3,490,380,3,0,-999
21/08/2022 23:20:32,3,490,380,3,0,-999
21/08/2022 23:20:48,3,490,380,3,0,-999
21/08/2022 23:21:04,3,490,380,3,0,-999
21/08/2022 23:21:20,3,490,380,3,0,-999
21/08/2022 23:21:36,3,490,380,3,0,-999
21/08/2022 23:21:52,3,490,380,3,0,-999
21/08/2022 23:22:08,3,490,380,3,0,-999
21/08/2022 23:22:24,3,490,380,3,0,-999
21/08/2022 23:22:40,3,490,380,3,0,-999
21/08/2022 23:22:56,3,490,380,3,0,-999
21/08/2022 23:23:12,3,490,380,3,0,-999
21/08/2022 23:23:28,3,490,380,3,0,-999
21/08/2022 23:23:44,3,490,380,3,0,-999
21/08/2022 23:24:00,3,480,380,3,0,-999
21/08/2022 23:24:16,3,480,380,3,0,-999
21/08/2022 23:24:32,3,480,380,3,0,-999
21/08/2022 23:24:48,3,480,380,3,0,-999
21/08/2022 23:25:04,3,480,380,3,0,-999
21/08/2022 23:25:20,3,480,380,3,0,-999
21/08/2022 23:25:36,3,480,380,3,0,-999
21/08/2022 23:25:52,3,480,380,3,0,-999
21/08/2022 23:26:08,3,480,380,3,0,-999
21/08/2022 23:26:24,3,480,380,3,0,-999
21/08/2022 23:26:40,3,480,380,3,0,-999
21/08/2022 23:26:56,3,480,380,3,0,-999
21/08/2022 23:27:12,3,480,380,3,0,-999
21/08/2022 23:27:28,3,480,380,3,0,-999
21/08/2022 23:27:44,3,480,380,3,0,-999
21/08/2022 23:28:00,3,480,380,3,0,-999
21/08/2022 23:28:16,3,480,380,3,0,-999
21/08/2022 23:28:32,3,480,380,3,0,-999
21/08/2022 23:28:48,3,480,380,3,0,-999
21/08/2022 23:29:04,3,490,380,3,0,-999
21/08/2022 23:29:20,3,490,380,3,0,-999
21/08/2022 23:29:36,3,490,380,3,0,-999
21/08/2022 23:29:52,3,490,380,3,0,-999
21/08/2022 23:30:08,3,490,380,3,0,-999
21/08/2022 23:30:24,3,490,380,3,0,-999
21/08/2022 23:30:40,3,490,380,3,0,-999
21/08/2022 23:30:56,3,490,380,3,0,-999
21/08/2022 23:31:12,3,490,380,3,0,-999
21/08/2022 23:31:28,3,490,380,3,0,-999
21/08/2022 23:31:44,3,490,380,3,0,-999
21/08/2022 23:32:00,3,490,380,3,0,-999
21/08/2022 23:32:16,3,490,380,3,0,-999
21/08/2022 23:32:32,3,490,380,3,0,-999
21/08/2022 23:32:48,3,490,380,3,0,-999
21/08/2022 23:33:04,3,490,380,3,0,-999
21/08/2022 23:33:20,3,490,380,3,0,-999
21/08/2022 23:33:36,3,490,380,3,0,-999
21/08/2022 23:33:52,3,490,380,3,0,-999
21/08/2022 23:34:08,3,490,380,3,0,-999
21/08/2022 23:34:24,3,490,380,3,0,-999
21/08/2022 23:34:40,3,490,380,3,0,-999
21/08/2022 23:34:56,3,490,380,3,0,-999
21/08/2022 23:35:12,3,490,380,3,0,-999
21/08/2022 23:35:28,3,490,380,3,0,-999
21/08/2022 23:35:44,3,490,380,3,0,-999
21/08/2022 23:36:00,3,490,380,3,0,-999
21/08/2022 23:36:16,3,490,380,3,0,-999
21/08/2022 23:36:32,3,490,380,3,0,-999
21/08/2022 23:36:48,3,490,380,3,0,-999
21/08/2022 23:37:04,3,490,380,3,0,-999
21/08/2022 23:37:20,3,490,380,3,0,-999
21/08/2022 23:37:36,3,490,380,3,0,-999
21/08/2022 23:37:52,3,490,380,3,0,-999
21/08/2022 23:38:08,3,490,380,3,0,-999
21/08/2022 23:38:24,3,480,380,3,0,-999
21/08/2022 23:38:40,3,480,380,3,0,-999
21/08/2022 23:38:56,3,480,380,3,0,-999
21/08/2022 23:39:12,3,480,380,3,0,-999
21/08/2022 23:39:28,3,480,380,3,0,-999
21/08/2022 23:39:44,3,480,380,3,0,-999
21/08/2022 23:40:00,3,480,380,3,0,-999
21/08/2022 23:40:16,3,480,380,3,0,-999
21/08/2022 23:40:32,3,480,380,3,0,-999
21/08/2022 23:40:48,3,480,380,3,0,-999
21/08/2022 23:41:04,3,480,380,3,0,-999
21/08/2022 23:41:20,3,480,380,3,0,-999
21/08/2022 23:41:36,3,480,380,3,0,-999
21/08/2022 23:41:52,3,480,380,3,0,-999
21/08/2022 23:42:08,3,480,380,3,0,-999
21/08/2022 23:42:24,3,480,380,3,0,-999
21/08/2022 23:42:40,3,480,380,3,0,-999
21/08/2022 23:42:56,3,480,380,3,0,-999
21/08/2022 23:43:12,3,480,380,3,0,-999
21/08/2022 23:43:28,3,480,380,3,0,-999
21/08/2022 23:43:44,3,470,380,3,0,-999
21/08/2022 23:44:00,3,470,380,3,0,-999
21/08/2022 23:44:16,3,470,380,3,0,-999
21/08/2022 23:44:32,3,470,380,3,0,-999
21/08/2022 23:44:48,3,470,380,3,0,-999
21/08/2022 23:45:04,3,470,380,3,0,-999
21/08/2022 23:45:20,3,470,380,3,0,-999
21/08/2022 23:45:36,3,470,380,3,0,-999
21/08/2022 23:45:52,3,470,380,3,0,-999
21/08/2022 23:46:08,3,470,380,3,0,-999
21/08/2022 23:46:24,3,470,380,3,0,-999
21/08/2022 23:46:40,3,470,380,3,0,-999
21/08/2022 23:46:56,3,470,380,3,0,-999
21/08/2022 23:47:12,3,470,380,3,0,-999
21/08/2022 23:47:28,3,470,380,3,0,-999
21/08/2022 23:47:44,3,470,380,3,0,-999
21/08/2022 23:48:00,3,470,380,3,0,-999
21/08/2022 23:48:16,3,470,380,3,0,-999
21/08/2022 23:48:32,3,470,380,3,0,-999
21/08/2022 23:48:48,3,470,380,3,0,-999
21/08/2022 23:49:04,3,470,380,3,0,-999
21/08/2022 23:49:20,3,470,380,3,0,-999
21/08/2022 23:49:36,3,470,380,3,0,-999
21/08/2022 23:49:52,3,470,380,3,0,-999
21/08/2022 23:50:08,3,470,380,3,0,-999
21/08/2022 23:50:24,3,470,380,3,0,-999
21/08/2022 23:50:40,3,470,380,3,0,-999
21/08/2022 23:50:56,3,470,380,3,0,-999
21/08/2022 23:51:12,3,470,380,3,0,-999
21/08/2022 23:51:28,3,470,380,3,0,-999
21/08/2022 23:51:44,3,480,380,3,0,-999
21/08/2022 23:52:00,3,480,380,3,0,-999
21/08/2022 23:52:16,3,480,380,3,0,-999
21/08/2022 23:52:32,3,480,380,3,0,-999
21/08/2022 23:52:48,3,480,380,3,0,-999
21/08/2022 23:53:04,3,480,380,3,0,-999
21/08/2022 23:53:20,3,480,380,3,0,-999
21/08/2022 23:53:36,3,480,380,3,0,-999
21/08/2022 23:53:52,3,480,380,3,0,-999
21/08/2022 23:54:08,3,480,380,3,0,-999
21/08/2022 23:54:24,3,480,380,3,0,-999
21/08/2022 23:54:40,3,490,380,3,0,-999
21/08/2022 23:54:56,3,490,380,3,0,-999
21/08/2022 23:55:12,3,490,380,3,0,-999
21/08/2022 23:55:28,3,490,380,3,0,-999
21/08/2022 23:55:44,3,490,380,3,0,-999
21/08/2022 23:56:00,3,490,380,3,0,-999
21/08/2022 23:56:16,3,490,380,3,0,-999
21/08/2022 23:56:32,3,630,380,3,1,10080
21/08/2022 23:56:48,3,630,380,3,1,10080
21/08/2022 23:57:04,3,630,380,3,1,10090
21/08/2022 23:57:20,3,630,380,3,1,10090
21/08/2022 23:57:36,3,620,380,3,1,10090
21/08/2022 23:57:52,3,620,380,3,1,10080
21/08/2022 23:58:08,3,620,380,3,1,10080
21/08/2022 23:58:24,3,620,380,3,1,10080
21/08/2022 23:58:40,3,620,380,3,1,10080
21/08/2022 23:58:56,3,620,380,3,2,10890
21/08/2022 23:59:12,3,620,380,3,2,10890
21/08/2022 23:59:28,3,620,380,3,1,11140
21/08/2022 23:59:44,3,490,380,3,1,11140
22/08/2022 00:00:00,3,490,490,3,1,11140
22/08/2022 00:00:16,3,490,490,3,1,11120
22/08/2022 00:00:32,3,490,490,3,1,11120
22/08/2022 00:00:48,3,490,490,3,1,11130
22/08/2022 00:01:04,3,490,490,3,1,11130
22/08/2022 00:01:20,3,490,490,3,1,11100
22/08/2022 00:01:36,3,490,490,3,1,11100
22/08/2022 00:01:52,3,490,490,3,1,10920
22/08/2022 00:02:08,3,490,490,3,1,10920
22/08/2022 00:02:24,3,490,490,3,1,10920
22/08/2022 00:02:40,3,490,490,3,0,-999
22/08/2022 00:02:56,3,490,490,3,0,-999
22/08/2022 00:03:12,3,480,490,3,1,10900
22/08/2022 00:03:28,3,480,490,3,1,10900
22/08/2022 00:03:44,3,480,490,3,1,10740
22/08/2022 00:04:00,3,480,490,3,1,10740
22/08/2022 00:04:16,3,480,490,3,1,10710
22/08/2022 00:04:32,3,480,490,3,1,10710
22/08/2022 00:04:48,3,480,490,3,1,10710
22/08/2022 00:05:04,3,480,490,3,1,10710
22/08/2022 00:05:20,3,480,490,3,1,10710
22/08/2022 00:05:36,3,480,490,3,1,10600
22/08/2022 00:05:52,3,480,490,3,1,10600
22/08/2022 00:06:08,3,480,490,3,1,10550
22/08/2022 00:06:24,3,480,490,3,1,10550
22/08/2022 00:06:40,3,480,490,3,2,10040
22/08/2022 00:06:56,3,480,490,3,2,10040
22/08/2022 00:07:12,3,480,490,3,2,10040
22/08/2022 00:07:28,3,480,490,3,1,10060
22/08/2022 00:07:44,3,480,490,3,1,10060
22/08/2022 00:08:00,3,480,490,3,1,10070
22/08/2022 00:08:16,3,480,490,3,1,10070
22/08/2022 00:08:32,3,470,490,3,1,10170
22/08/2022 00:08:48,3,470,490,3,1,10170
22/08/2022 00:09:04,3,470,490,3,1,10090
22/08/2022 00:09:20,3,470,490,3,1,10090
22/08/2022 00:09:36,3,470,490,3,1,10090
22/08/2022 00:09:52,3,470,490,3,1,10030
22/08/2022 00:10:08,3,470,490,3,1,10030
22/08/2022 00:10:24,3,470,490,3,1,9940
22/08/2022 00:10:40,3,470,490,3,1,9940
22/08/2022 00:10:56,3,470,490,3,1,9930
22/08/2022 00:11:12,3,470,490,3,1,9930
22/08/2022 00:11:28,3,470,490,3,1,9920
22/08/2022 00:11:44,3,470,490,3,1,9920
22/08/2022 00:12:00,3,470,490,3,1,9920
22/08/2022 00:12:16,3,470,490,3,2,9930
22/08/2022 00:12:32,3,470,490,3,2,9930
22/08/2022 00:12:48,3,470,490,3,1,11000
22/08/2022 00:13:04,3,470,490,3,1,11000
22/08/2022 00:13:20,3,470,490,3,1,11050
22/08/2022 00:13:36,3,470,490,3,1,11050
22/08/2022 00:13:52,3,470,490,3,1,11060
22/08/2022 00:14:08,3,470,490,3,1,11060
22/08/2022 00:14:24,3,470,490,3,1,11060
22/08/2022 00:14:40,3,470,490,3,1,11200
22/08/2022 00:14:56,3,470,490,3,1,11200
22/08/2022 00:15:12,3,470,490,3,1,11240
22/08/2022 00:15:28,3,470,490,3,1,11240
22/08/2022 00:15:44,3,470,490,3,1,11190
22/08/2022 00:16:00,3,470,490,3,1,11190
22/08/2022 00:16:16,3,470,490,3,1,11190
22/08/2022 00:16:32,3,470,490,3,1,11190
22/08/2022 00:16:48,3,460,490,3,1,11190
22/08/2022 00:17:04,3,460,490,3,1,11200
22/08/2022 00:17:20,3,460,490,3,1,11200
22/08/2022 00:17:36,3,460,490,3,1,11190
22/08/2022 00:17:52,3,460,490,3,1,11190
22/08/2022 00:18:08,3,460,490,3,1,11190
22/08/2022 00:18:24,3,460,490,3,1,11190
22/08/2022 00:18:40,3,460,490,3,1,11170
22/08/2022 00:18:56,3,460,490,3,1,11170
22/08/2022 00:19:12,3,460,490,3,1,11170
22/08/2022 00:19:28,3,460,490,3,1,11160
22/08/2022 00:19:44,3,460,490,3,1,11160
22/08/2022 00:20:00,3,460,490,3,1,11150
22/08/2022 00:20:16,3,460,490,3,1,11150
22/08/2022 00:20:32,3,460,490,3,1,11150
22/08/2022 00:20:48,3,460,490,3,1,11150
22/08/2022 00:21:04,3,460,490,3,1,11150
22/08/2022 00:21:20,3,450,490,3,1,11150
22/08/2022 00:21:36,3,450,490,3,1,11150
22/08/2022 00:21:52,3,450,490,3,1,11160
22/08/2022 00:22:08,3,450,490,3,1,11160
22/08/2022 00:22:24,3,450,490,3,1,11130
22/08/2022 00:22:40,3,450,490,3,1,11130
22/08/2022 00:22:56,3,440,490,3,1,11130
22/08/2022 00:23:12,3,440,490,3,1,11130
22/08/2022 00:23:28,3,440,490,3,1,11170
22/08/2022 00:23:44,3,440,490,3,1,11170
22/08/2022 00:24:00,3,440,490,3,1,11170
22/08/2022 00:24:16,3,440,490,3,1,11170
22/08/2022 00:24:32,3,440,490,3,1,11170
22/08/2022 00:24:48,3,440,490,3,1,11190
22/08/2022 00:25:04,3,430,490,3,1,11190
22/08/2022 00:25:20,3,430,490,3,1,11140
22/08/2022 00:25:36,3,430,490,3,1,11140
22/08/2022 00:25:52,3,430,490,3,1,11160
22/08/2022 00:26:08,3,430,490,3,1,11160
22/08/2022 00:26:24,3,430,490,3,1,11160
22/08/2022 00:26:40,3,430,490,3,1,11150
22/08/2022 00:26:56,3,430,490,3,1,11150
22/08/2022 00:27:12,3,430,490,3,1,11150
22/08/2022 00:27:28,3,420,490,3,1,11150
22/08/2022 00:27:44,3,420,490,3,1,11140
22/08/2022 00:28:00,3,420,490,3,1,11140
22/08/2022 00:28:16,3,420,490,3,1,11130
22/08/2022 00:28:32,3,420,490,3,1,11130
22/08/2022 00:28:48,3,420,490,3,1,11130
22/08/2022 00:29:04,3,420,490,3,1,11110
22/08/2022 00:29:20,3,420,490,3,1,11110
22/08/2022 00:29:36,3,420,490,3,1,11100
22/08/2022 00:29:52,3,420,490,3,1,11100
22/08/2022 00:30:08,3,420,490,3,1,11070
22/08/2022 00:30:24,3,420,490,3,1,11070
22/08/2022 00:30:40,3,420,490,3,1,11070
22/08/2022 00:30:56,3,420,490,3,1,11070
22/08/2022 00:31:12,3,410,490,3,1,11070
22/08/2022 00:31:28,3,410,490,3,1,11060
22/08/2022 00:31:44,3,410,490,3,1,11060
22/08/2022 00:32:00,3,410,490,3,1,11060
22/08/2022 00:32:16,3,410,490,3,1,11060
22/08/2022 00:32:32,3,410,490,3,1,11080
22/08/2022 00:32:48,3,410,490,3,1,11080
22/08/2022 00:33:04,3,410,490,3,1,11080
22/08/2022 00:33:20,3,410,490,3,1,11080
22/08/2022 00:33:36,3,410,490,3,1,11080
22/08/2022 00:33:52,3,410,490,3,1,11060
22/08/2022 00:34:08,3,410,490,3,1,11060
22/08/2022 00:34:24,3,400,490,3,1,11040
22/08/2022 00:34:40,3,400,490,3,1,11040
22/08/2022 00:34:56,3,400,490,3,1,11020
22/08/2022 00:35:12,3,400,490,3,1,11020
22/08/2022 00:35:28,3,400,490,3,1,11000
22/08/2022 00:35:44,3,400,490,3,1,11000
22/08/2022 00:36:00,3,400,490,3,1,11000
22/08/2022 00:36:16,3,400,490,3,1,10940
22/08/2022 00:36:32,3,400,490,3,1,10940
22/08/2022 00:36:48,3,400,490,3,1,10910
22/08/2022 00:37:04,3,400,490,3,1,10910
22/08/2022 00:37:20,3,400,490,3,1,10890
22/08/2022 00:37:36,3,400,490,3,1,10890
22/08/2022 00:37:52,3,400,490,3,1,10890
22/08/2022 00:38:08,3,400,490,3,1,10890
22/08/2022 00:38:24,3,400,490,3,1,10890
22/08/2022 00:38:40,3,400,490,3,1,10800
22/08/2022 00:38:56,3,400,490,3,1,10800
22/08/2022 00:39:12,3,400,490,3,0,-999
22/08/2022 00:39:28,3,400,490,3,0,-999
22/08/2022 00:39:44,3,400,490,3,0,-999
22/08/2022 00:40:00,3,400,490,3,0,-999
22/08/2022 00:40:16,3,400,490,3,0,-999
22/08/2022 00:40:32,3,400,490,3,0,-999
22/08/2022 00:40:48,3,390,490,3,0,-999
22/08/2022 00:41:04,3,390,490,3,0,-999
22/08/2022 00:41:20,3,390,490,3,0,-999
22/08/2022 00:41:36,3,390,490,3,0,-999
22/08/2022 00:41:52,3,390,490,3,0,-999
22/08/2022 00:42:08,3,390,490,3,0,-999
22/08/2022 00:42:24,3,390,490,3,0,-999
22/08/2022 00:42:40,3,390,490,3,0,-999
22/08/2022 00:42:56,3,390,490,3,0,-999
22/08/2022 00:43:12,3,390,490,3,0,-999
22/08/2022 00:43:28,3,390,490,3,0,-999
22/08/2022 00:43:44,3,390,490,3,0,-999
22/08/2022 00:44:00,3,390,490,3,0,-999
22/08/2022 00:44:16,3,390,490,3,0,-999
22/08/2022 00:44:32,3,390,490,3,0,-999
22/08/2022 00:44:48,3,390,490,3,0,-999
22/08/2022 00:45:04,3,390,490,3,0,-999
22/08/2022 00:45:20,3,390,490,3,0,-999
22/08/2022 00:45:36,3,390,490,3,0,-999
22/08/2022 00:45:52,3,390,490,3,0,-999
22/08/2022 00:46:08,3,390,490,3,0,-999
22/08/2022 00:46:24,3,380,490,3,0,-999
22/08/2022 00:46:40,3,380,490,3,0,-999
22/08/2022 00:46:56,3,380,490,3,0,-999
22/08/2022 00:47:12,3,380,490,3,0,-999
22/08/2022 00:47:28,3,380,490,3,0,-999
22/08/2022 00:47:44,3,380,490,3,0,-999
22/08/2022 00:48:00,3,380,490,3,0,-999
22/08/2022 00:48:16,3,380,490,3,0,-999
22/08/2022 00:48:32,3,380,490,3,0,-999
22/08/2022 00:48:48,3,380,490,3,0,-999
22/08/2022 00:49:04,3,380,490,3,0,-999
22/08/2022 00:49:20,3,380,490,3,0,-999
22/08/2022 00:49:36,3,380,490,3,0,-999
22/08/2022 00:49:52,3,380,490,3,0,-999
22/08/2022 00:50:08,3,380,490,3,0,-999
22/08/2022 00:50:24,3,380,490,3,0,-999
22/08/2022 00:50:40,3,380,490,3,0,-999
22/08/2022 00:50:56,3,380,490,3,0,-999
22/08/2022 00:51:12,3,380,490,3,0,-999
22/08/2022 00:51:28,3,380,490,3,0,-999
22/08/2022 00:51:44,3,380,490,3,0,-999
22/08/2022 00:52:00,3,380,490,3,0,-999
22/08/2022 00:52:16,3,380,490,3,0,-999
22/08/2022 00:52:32,3,380,490,3,0,-999
22/08/2022 00:52:48,3,380,490,3,0,-999
22/08/2022 00:53:04,3,380,490,3,0,-999
22/08/2022 00:53:20,3,380,490,3,0,-999
22/08/2022 00:53:36,3,380,490,3,0,-999
22/08/2022 00:53:52,3,390,490,3,0,-999
22/08/2022 00:54:08,3,390,490,3,0,-999
22/08/2022 00:54:24,3,390,490,3,0,-999
22/08/2022 00:54:40,3,390,490,3,0,-999
22/08/2022 00:54:56,3,390,490,3,0,-999
22/08/2022 00:55:12,3,390,490,3,0,-999
22/08/2022 00:55:28,3,390,490,3,0,-999
22/08/2022 00:55:44,3,390,490,3,0,-999
22/08/2022 00:56:00,3,390,490,3,0,-999
22/08/2022 00:56:16,3,390,490,3,0,-999
22/08/2022 00:56:32,3,390,490,3,0,-999
22/08/2022 00:56:48,3,390,490,3,0,-999
22/08/2022 00:57:04,3,390,490,3,0,-999
22/08/2022 00:57:20,3,390,490,3,0,-999
22/08/2022 00:57:36,3,390,490,3,0,-999
22/08/2022 00:57:52,3,390,490,3,0,-999
22/08/2022 00:58:08,3,390,490,3,0,-999
22/08/2022 00:58:24,3,390,490,3,0,-999
22/08/2022 00:58:40,3,390,490,3,0,-999
22/08/2022 00:58:56,3,390,490,3,0,-999
22/08/2022 00:59:12,3,390,490,3,0,-999
22/08/2022 00:59:28,3,390,490,3,0,-999
22/08/2022 00:59:44,3,390,490,3,0,-999
22/08/2022 01:00:00,-999,390,-999,3,0,-999
22/08/2022 01:00:16,-999,390,-999,3,0,-999
22/08/2022 01:00:32,-999,390,-999,3,0,-999
22/08/2022 01:00:48,-999,390,-999,3,0,-999
22/08/2022 01:01:04,-999,390,-999,3,0,-999
22/08/2022 01:01:20,-999,390,-999,3,0,-999
22/08/2022 01:01:36,-999,390,-999,3,0,-999
22/08/2022 01:01:52,-999,390,-999,3,0,-999
22/08/2022 01:02:08,-999,390,-999,3,0,-999
22/08/2022 01:02:24,-999,390,-999,3,0,-999
22/08/2022 01:02:40,-999,390,-999,3,0,-999
22/08/2022 01:02:56,-999,390,-999,3,0,-999
22/08/2022 01:03:12,-999,390,-999,3,0,-999
22/08/2022 01:03:28,-999,390,-999,3,0,-999
22/08/2022 01:03:44,-999,390,-999,3,0,-999
22/08/2022 01:04:00,-999,390,-999,3,0,-999
22/08/2022 01:04:16,-999,390,-999,3,0,-999
22/08/2022 01:04:32,-999,390,-999,3,0,-999
22/08/2022 01:04:48,-999,390,-999,3,0,-999
22/08/2022 01:05:04,-999,390,-999,3,0,-999
22/08/2022 01:05:20,-999,390,-999,3,0,-999
22/08/2022 01:05:36,-999,390,-999,3,0,-999
22/08/2022 01:05:52,-999,390,-999,3,0,-999
22/08/2022 01:06:08,-999,390,-999,3,0,-999
22/08/2022 01:06:24,-999,390,-999,3,0,-999
22/08/2022 01:06:40,-999,390,-999,3,0,-999
22/08/2022 01:06:56,-999,390,-999,3,0,-999
22/08/2022 01:07:12,-999,380,-999,3,0,-999
22/08/2022 01:07:28,-999,380,-999,3,0,-999
22/08/2022 01:07:44,-999,380,-999,3,0,-999
22/08/2022 01:08:00,-999,380,-999,3,0,-999
22/08/2022 01:08:16,-999,380,-999,3,0,-999
22/08/2022 01:08:32,-999,380,-999,3,0,-999
22/08/2022 01:08:48,-999,380,-999,3,0,-999
22/08/2022 01:09:04,-999,380,-999,3,0,-999
22/08/2022 01:09:20,-999,380,-999,3,0,-999
22/08/2022 01:09:36,-999,380,-999,3,0,-999
22/08/2022 01:09:52,-999,380,-999,3,0,-999
22/08/2022 01:10:08,-999,380,-999,3,0,-999
22/08/2022 01:10:24,-999,380,-999,3,0,-999
22/08/2022 01:10:40,-999,380,-999,3,0,-999
22/08/2022 01:10:56,-999,380,-999,3,0,-999
22/08/2022 01:11:12,-999,380,-999,3,0,-999
22/08/2022 01:11:28,-999,380,-999,3,0,-999
22/08/2022 01:11:44,-999,380,-999,3,0,-999
22/08/2022 01:12:00,-999,380,-999,3,0,-999
22/08/2022 01:12:16,-999,380,-999,3,0,-999
22/08/2022 01:12:32,-999,380,-999,3,0,-999
22/08/2022 01:12:48,-999,380,-999,3,0,-999
22/08/2022 01:13:04,-999,380,-999,3,0,-999
22/08/2022 01:13:20,-999,380,-999,3,0,-999
22/08/2022 01:13:36,-999,380,-999,3,0,-999
22/08/2022 01:13:52,-999,370,-999,3,0,-999
22/08/2022 01:14:08,-999,370,-999,3,0,-999
22/08/2022 01:14:24,-999,370,-999,3,0,-999
22/08/2022 01:14:40,-999,370,-999,3,0,-999
22/08/2022 01:14:56,-999,370,-999,3,0,-999
22/08/2022 01:15:12,-999,370,-999,3,1,11360
22/08/2022 01:15:28,-999,370,-999,3,1,11360
22/08/2022 01:15:44,-999,370,-999,3,1,11350
22/08/2022 01:16:00,-999,370,-999,3,1,11350
22/08/2022 01:16:16,-999,370,-999,3,1,11350
22/08/2022 01:16:32,-999,370,-999,3,1,11350
22/08/2022 01:16:48,-999,370,-999,3,1,11350
22/08/2022 01:17:04,-999,370,-999,3,1,11340
22/08/2022 01:17:20,-999,370,-999,3,1,11340
22/08/2022 01:17:36,-999,360,-999,3,1,11340
22/08/2022 01:17:52,-999,360,-999,3,1,11340
22/08/2022 01:18:08,-999,360,-999,3,1,11350
22/08/2022 01:18:24,-999,360,-999,3,1,11350
22/08/2022 01:18:40,-999,360,-999,3,1,11320
22/08/2022 01:18:56,-999,360,-999,3,1,11320
22/08/2022 01:19:12,-999,360,-999,3,1,11320
22/08/2022 01:19:28,-999,360,-999,3,1,11310
22/08/2022 01:19:44,-999,360,-999,3,1,11310
22/08/2022 01:20:00,-999,360,-999,3,1,11310
22/08/2022 01:20:16,-999,360,-999,3,1,11310
22/08/2022 01:20:32,-999,360,-999,3,1,11320
22/08/2022 01:20:48,-999,360,-999,3,1,11320
22/08/2022 01:21:04,-999,360,-999,3,1,11330
22/08/2022 01:21:20,-999,360,-999,3,1,11330
22/08/2022 01:21:36,-999,350,-999,3,1,11330
22/08/2022 01:21:52,-999,350,-999,3,1,11280
22/08/2022 01:22:08,-999,350,-999,3,1,11280
22/08/2022 01:22:24,-999,350,-999,3,1,11240
22/08/2022 01:22:40,-999,350,-999,3,1,11240
22/08/2022 01:22:56,-999,350,-999,3,1,11220
22/08/2022 01:23:12,-999,350,-999,3,1,11220
22/08/2022 01:23:28,-999,350,-999,3,1,11180
22/08/2022 01:23:44,-999,350,-999,3,1,11180
22/08/2022 01:24:00,-999,350,-999,3,1,11180
22/08/2022 01:24:16,-999,350,-999,3,1,11150
22/08/2022 01:24:32,-999,350,-999,3,1,11150
22/08/2022 01:24:48,-999,350,-999,3,1,11120
22/08/2022 01:25:04,-999,350,-999,3,1,11120
22/08/2022 01:25:20,-999,350,-999,3,1,11110
22/08/2022 01:25:36,-999,340,-999,3,1,11110
22/08/2022 01:25:52,-999,340,-999,3,0,-999
22/08/2022 01:26:08,-999,340,-999,3,0,-999
22/08/2022 01:26:24,-999,340,-999,3,0,-999
22/08/2022 01:26:40,-999,340,-999,3,1,11030
22/08/2022 01:26:56,-999,340,-999,3,1,11030
22/08/2022 01:27:12,-999,340,-999,3,1,11030
22/08/2022 01:27:28,-999,340,-999,3,1,11030
22/08/2022 01:27:44,-999,340,-999,3,1,11030
22/08/2022 01:28:00,-999,340,-999,3,1,11030
22/08/2022 01:28:16,-999,330,-999,3,1,10980
22/08/2022 01:28:32,-999,330,-999,3,1,10980
22/08/2022 01:28:48,-999,330,-999,3,1,10980
22/08/2022 01:29:04,-999,330,-999,3,1,10950
22/08/2022 01:29:20,-999,330,-999,3,1,10950
22/08/2022 01:29:36,-999,330,-999,3,1,11000
22/08/2022 01:29:52,-999,330,-999,3,1,11000
22/08/2022 01:30:08,-999,330,-999,3,1,10990
22/08/2022 01:30:24,-999,330,-999,3,1,10990
22/08/2022 01:30:40,-999,330,-999,3,1,10930
22/08/2022 01:30:56,-999,330,-999,3,1,10930
22/08/2022 01:31:12,-999,330,-999,3,1,10930
22/08/2022 01:31:28,-999,330,-999,3,1,10930
22/08/2022 01:31:44,-999,330,-999,3,1,10930
22/08/2022 01:32:00,-999,320,-999,3,0,-999
22/08/2022 01:32:16,-999,320,-999,3,0,-999
22/08/2022 01:32:32,-999,320,-999,3,0,-999
22/08/2022 01:32:48,-999,320,-999,3,0,-999
22/08/2022 01:33:04,-999,320,-999,3,0,-999
22/08/2022 01:33:20,-999,320,-999,3,0,-999
22/08/2022 01:33:36,-999,320,-999,3,0,-999
22/08/2022 01:33:52,-999,320,-999,3,0,-999
22/08/2022 01:34:08,-999,320,-999,3,0,-999
22/08/2022 01:34:24,-999,320,-999,3,0,-999
22/08/2022 01:34:40,-999,320,-999,3,0,-999
22/08/2022 01:34:56,-999,320,-999,3,0,-999
22/08/2022 01:35:12,-999,320,-999,3,0,-999
22/08/2022 01:35:28,-999,320,-999,3,0,-999
22/08/2022 01:35:44,-999,320,-999,3,0,-999
22/08/2022 01:36:00,-999,320,-999,3,0,-999
22/08/2022 01:36:16,-999,320,-999,3,0,-999
22/08/2022 01:36:32,-999,320,-999,3,0,-999
22/08/2022 01:36:48,-999,310,-999,3,0,-999
22/08/2022 01:37:04,-999,310,-999,3,0,-999
22/08/2022 01:37:20,-999,310,-999,3,0,-999
22/08/2022 01:37:36,-999,310,-999,3,0,-999
22/08/2022 01:37:52,-999,310,-999,3,0,-999
22/08/2022 01:38:08,-999,310,-999,3,0,-999
22/08/2022 01:38:24,-999,310,-999,3,0,-999
22/08/2022 01:38:40,-999,310,-999,3,0,-999
22/08/2022 01:38:56,-999,310,-999,3,0,-999
22/08/2022 01:39:12,-999,310,-999,3,0,-999
22/08/2022 01:39:28,-999,310,-999,3,0,-999
22/08/2022 01:39:44,-999,310,-999,3,0,-999
22/08/2022 01:40:00,-999,300,-999,3,0,-999
22/08/2022 01:40:16,-999,300,-999,3,0,-999
22/08/2022 01:40:32,-999,300,-999,3,0,-999
22/08/2022 01:40:48,-999,300,-999,3,0,-999
22/08/2022 01:41:04,-999,300,-999,3,0,-999
22/08/2022 01:41:20,-999,300,-999,3,0,-999
22/08/2022 01:41:36,-999,300,-999,3,0,-999
22/08/2022 01:41:52,-999,300,-999,3,0,-999
22/08/2022 01:42:08,-999,300,-999,3,0,-999
22/08/2022 01:42:24,-999,300,-999,3,0,-999
22/08/2022 01:42:40,-999,300,-999,3,0,-999
22/08/2022 01:42:56,-999,300,-999,3,0,-999
22/08/2022 01:43:12,-999,300,-999,3,0,-999
22/08/2022 01:43:28,-999,300,-999,3,0,-999
22/08/2022 01:43:44,-999,300,-999,3,0,-999
22/08/2022 01:44:00,-999,300,-999,3,0,-999
22/08/2022 01:44:16,-999,300,-999,3,0,-999
22/08/2022 01:44:32,-999,300,-999,3,0,-999
22/08/2022 01:44:48,-999,290,-999,3,0,-999
22/08/2022 01:45:04,-999,290,-999,3,0,-999
22/08/2022 01:45:20,-999,290,-999,3,0,-999
22/08/2022 01:45:36,-999,290,-999,3,0,-999
22/08/2022 01:45:52,-999,290,-999,3,0,-999
22/08/2022 01:46:08,-999,290,-999,3,0,-999
22/08/2022 01:46:24,-999,290,-999,3,0,-999
22/08/2022 01:46:40,-999,290,-999,3,0,-999
22/08/2022 01:46:56,-999,290,-999,3,0,-999
22/08/2022 01:47:12,-999,290,-999,3,0,-999
22/08/2022 01:47:28,-999,290,-999,3,0,-999
22/08/2022 01:47:44,-999,290,-999,3,0,-999
22/08/2022 01:48:00,-999,290,-999,3,0,-999
22/08/2022 01:48:16,-999,290,-999,3,0,-999
22/08/2022 01:48:32,-999,290,-999,3,0,-999
22/08/2022 01:48:48,-999,290,-999,3,0,-999
22/08/2022 01:49:04,-999,290,-999,3,0,-999
22/08/2022 01:49:20,-999,280,-999,3,0,-999
22/08/2022 01:49:36,-999,280,-999,3,0,-999
22/08/2022 01:49:52,-999,280,-999,3,0,-999
22/08/2022 01:50:08,-999,280,-999,3,0,-999
22/08/2022 01:50:24,-999,280,-999,3,0,-999
22/08/2022 01:50:40,-999,280,-999,3,0,-999
22/08/2022 01:50:56,-999,280,-999,3,0,-999
22/08/2022 01:51:12,-999,280,-999,3,0,-999
22/08/2022 01:51:28,-999,280,-999,3,0,-999
22/08/2022 01:51:44,-999,280,-999,3,0,-999
22/08/2022 01:52:00,-999,280,-999,3,0,-999
22/08/2022 01:52:16,-999,280,-999,3,0,-999
22/08/2022 01:52:32,-999,280,-999,3,0,-999
22/08/2022 01:52:48,-999,280,-999,3,0,-999
22/08/2022 01:53:04,-999,280,-999,3,0,-999
22/08/2022 01:53:20,-999,280,-999,3,0,-999
22/08/2022 01:53:36,-999,280,-999,3,0,-999
22/08/2022 01:53:52,-999,280,-999,3,0,-999
22/08/2022 01:54:08,-999,280,-999,3,0,-999
22/08/2022 01:54:24,-999,280,-999,3,0,-999
22/08/2022 01:54:40,-999,280,-999,3,0,-999
22/08/2022 01:54:56,-999,280,-999,3,0,-999
22/08/2022 01:55:12,-999,280,-999,3,0,-999
22/08/2022 01:55:28,-999,280,-999,3,0,-999
22/08/2022 01:55:44,-999,280,-999,3,0,-999
22/08/2022 01:56:00,-999,280,-999,3,0,-999
22/08/2022 01:56:16,-999,280,-999,3,0,-999
22/08/2022 01:56:32,-999,280,-999,3,0,-999
22/08/2022 01:56:48,-999,280,-999,3,0,-999
22/08/2022 01:57:04,-999,280,-999,3,0,-999
22/08/2022 01:57:20,-999,280,-999,3,0,-999
22/08/2022 01:57:36,-999,280,-999,3,0,-999
22/08/2022 01:57:52,-999,280,-999,3,0,-999
22/08/2022 01:58:08,-999,280,-999,3,0,-999
22/08/2022 01:58:24,-999,280,-999,3,0,-999
22/08/2022 01:58:40,-999,280,-999,3,0,-999
22/08/2022 01:58:56,-999,280,-999,3,0,-999
22/08/2022 01:59:12,-999,270,-999,3,0,-999
22/08/2022 01:59:28,-999,270,-999,3,0,-999
22/08/2022 01:59:44,-999,270,-999,3,0,-999
22/08/2022 02:00:00,3,270,330,3,0,-999
22/08/2022 02:00:16,3,270,330,3,0,-999
22/08/2022 02:00:32,3,270,330,3,0,-999
22/08/2022 02:00:48,3,270,330,3,0,-999
22/08/2022 02:01:04,3,270,330,3,0,-999
22/08/2022 02:01:20,3,270,330,3,0,-999
22/08/2022 02:01:36,3,270,330,3,0,-999
22/08/2022 02:01:52,3,270,330,3,0,-999
22/08/2022 02:02:08,3,270,330,3,0,-999
22/08/2022 02:02:24,3,270,330,3,0,-999
22/08/2022 02:02:40,3,270,330,3,0,-999
22/08/2022 02:02:56,3,270,330,3,0,-999
22/08/2022 02:03:12,3,270,330,3,0,-999
22/08/2022 02:03:28,3,270,330,3,0,-999
22/08/2022 02:03:44,3,270,330,3,0,-999
22/08/2022 02:04:00,3,270,330,3,0,-999
22/08/2022 02:04:16,3,270,330,3,0,-999
22/08/2022 02:04:32,3,270,330,3,0,-999
22/08/2022 02:04:48,3,270,330,3,0,-999
22/08/2022 02:05:04,3,270,330,3,0,-999
22/08/2022 02:05:20,3,260,330,3,0,-999
22/08/2022 02:05:36,3,260,330,3,0,-999
22/08/2022 02:05:52,3,260,330,3,0,-999
22/08/2022 02:06:08,3,260,330,3,0,-999
22/08/2022 02:06:24,3,260,330,3,0,-999
22/08/2022 02:06:40,3,260,330,3,0,-999
22/08/2022 02:06:56,3,260,330,3,0,-999
22/08/2022 02:07:12,3,260,330,3,0,-999
22/08/2022 02:07:28,3,260,330,3,0,-999
22/08/2022 02:07:44,3,260,330,3,0,-999
22/08/2022 02:08:00,3,250,330,3,0,-999
22/08/2022 02:08:16,3,250,330,3,0,-999
22/08/2022 02:08:32,3,250,330,3,0,-999
22/08/2022 02:08:48,3,250,330,3,0,-999
22/08/2022 02:09:04,3,250,330,3,0,-999
22/08/2022 02:09:20,3,250,330,3,0,-999
22/08/2022 02:09:36,3,250,330,3,0,-999
22/08/2022 02:09:52,3,250,330,3,0,-999
22/08/2022 02:10:08,3,240,330,3,0,-999
22/08/2022 02:10:24,3,240,330,3,0,-999
22/08/2022 02:10:40,3,240,330,3,0,-999
22/08/2022 02:10:56,3,240,330,3,0,-999
22/08/2022 02:11:12,3,240,330,3,0,-999
22/08/2022 02:11:28,3,240,330,3,0,-999
22/08/2022 02:11:44,3,240,330,3,0,-999
22/08/2022 02:12:00,3,240,330,3,0,-999
22/08/2022 02:12:16,3,240,330,3,0,-999
22/08/2022 02:12:32,3,240,330,3,0,-999
22/08/2022 02:12:48,3,240,330,3,0,-999
22/08/2022 02:13:04,3,230,330,3,0,-999
22/08/2022 02:13:20,3,230,330,3,0,-999
22/08/2022 02:13:36,3,230,330,3,0,-999
22/08/2022 02:13:52,3,230,330,3,0,-999
22/08/2022 02:14:08,3,230,330,3,0,-999
22/08/2022 02:14:24,3,230,330,3,0,-999
22/08/2022 02:14:40,3,230,330,3,0,-999
22/08/2022 02:14:56,3,230,330,3,0,-999
22/08/2022 02:15:12,3,230,330,3,1,11300
22/08/2022 02:15:28,3,230,330,3,1,11300
22/08/2022 02:15:44,3,230,330,3,1,11330
22/08/2022 02:16:00,3,230,330,3,1,11330
22/08/2022 02:16:16,3,220,330,3,1,11330
22/08/2022 02:16:32,3,220,330,3,1,11330
22/08/2022 02:16:48,3,220,330,3,1,11330
22/08/2022 02:17:04,3,220,330,3,1,11340
22/08/2022 02:17:20,3,220,330,3,1,11340
22/08/2022 02:17:36,3,220,330,3,0,-999
22/08/2022 02:17:52,3,220,330,3,0,-999
22/08/2022 02:18:08,3,220,330,3,0,-999
22/08/2022 02:18:24,3,220,330,3,0,-999
22/08/2022 02:18:40,3,220,330,3,0,-999
22/08/2022 02:18:56,3,220,330,3,0,-999
22/08/2022 02:19:12,3,220,330,3,0,-999
22/08/2022 02:19:28,3,220,330,3,0,-999
22/08/2022 02:19:44,3,210,330,3,0,-999
22/08/2022 02:20:00,3,210,330,3,0,-999
22/08/2022 02:20:16,3,210,330,3,0,-999
22/08/2022 02:20:32,3,210,330,3,0,-999
22/08/2022 02:20:48,3,210,330,3,0,-999
22/08/2022 02:21:04,3,210,330,3,0,-999
22/08/2022 02:21:20,3,210,330,3,0,-999
22/08/2022 02:21:36,3,210,330,3,0,-999
22/08/2022 02:21:52,3,210,330,3,0,-999
22/08/2022 02:22:08,3,210,330,3,0,-999
22/08/2022 02:22:24,3,210,330,3,0,-999
22/08/2022 02:22:40,3,210,330,3,0,-999
22/08/2022 02:22:56,3,210,330,3,0,-999
22/08/2022 02:23:12,3,200,330,3,0,-999
22/08/2022 02:23:28,3,200,330,3,0,-999
22/08/2022 02:23:44,3,200,330,3,0,-999
22/08/2022 02:24:00,3,200,330,3,0,-999
22/08/2022 02:24:16,3,200,330,3,0,-999
22/08/2022 02:24:32,3,200,330,3,0,-999
22/08/2022 02:24:48,3,200,330,3,0,-999
22/08/2022 02:25:04,3,200,330,3,0,-999
22/08/2022 02:25:20,3,200,330,3,0,-999
22/08/2022 02:25:36,3,200,330,3,0,-999
22/08/2022 02:25:52,3,200,330,3,0,-999
22/08/2022 02:26:08,3,200,330,3,0,-999
22/08/2022 02:26:24,3,200,330,3,0,-999
22/08/2022 02:26:40,3,200,330,3,0,-999
22/08/2022 02:26:56,3,200,330,3,0,-999
22/08/2022 02:27:12,3,200,330,3,0,-999
22/08/2022 02:27:28,3,200,330,3,0,-999
22/08/2022 02:27:44,3,190,330,3,0,-999
22/08/2022 02:28:00,3,190,330,3,0,-999
22/08/2022 02:28:16,3,190,330,3,0,-999
22/08/2022 02:28:32,3,190,330,3,0,-999
22/08/2022 02:28:48,3,190,330,3,0,-999
22/08/2022 02:29:04,3,190,330,3,0,-999
22/08/2022 02:29:20,3,190,330,3,0,-999
22/08/2022 02:29:36,3,190,330,3,0,-999
22/08/2022 02:29:52,3,190,330,3,0,-999
22/08/2022 02:30:08,3,190,330,3,0,-999
22/08/2022 02:30:24,3,190,330,3,0,-999
22/08/2022 02:30:40,3,190,330,3,0,-999
22/08/2022 02:30:56,3,190,330,3,0,-999
22/08/2022 02:31:12,3,190,330,3,0,-999
22/08/2022 02:31:28,3,190,330,3,0,-999
22/08/2022 02:31:44,3,190,330,3,0,-999
22/08/2022 02:32:00,3,190,330,3,0,-999
22/08/2022 02:32:16,3,180,330,3,0,-999
22/08/2022 02:32:32,3,180,330,3,0,-999
22/08/2022 02:32:48,3,180,330,3,0,-999
22/08/2022 02:33:04,3,180,330,3,0,-999
22/08/2022 02:33:20,3,180,330,3,0,-999
22/08/2022 02:33:36,3,180,330,3,0,-999
22/08/2022 02:33:52,3,180,330,3,0,-999
22/08/2022 02:34:08,3,180,330,3,0,-999
22/08/2022 02:34:24,3,180,330,3,0,-999
22/08/2022 02:34:40,3,180,330,3,0,-999
22/08/2022 02:34:56,3,180,330,3,0,-999
22/08/2022 02:35:12,3,180,330,3,0,-999
22/08/2022 02:35:28,3,170,330,3,0,-999
22/08/2022 02:35:44,3,170,330,3,0,-999
22/08/2022 02:36:00,3,170,330,3,0,-999
22/08/2022 02:36:16,3,170,330,3,0,-999
22/08/2022 02:36:32,3,170,330,3,0,-999
22/08/2022 02:36:48,3,170,330,3,0,-999
22/08/2022 02:37:04,3,170,330,3,0,-999
22/08/2022 02:37:20,3,170,330,3,0,-999
22/08/2022 02:37:36,3,170,330,3,0,-999
22/08/2022 02:37:52,3,170,330,3,0,-999
22/08/2022 02:38:08,3,170,330,3,0,-999
22/08/2022 02:38:24,3,160,330,3,0,-999
22/08/2022 02:38:40,3,160,330,3,0,-999
22/08/2022 02:38:56,3,160,330,3,0,-999
22/08/2022 02:39:12,3,160,330,3,0,-999
22/08/2022 02:39:28,3,160,330,3,0,-999
22/08/2022 02:39:44,3,160,330,3,0,-999
22/08/2022 02:40:00,3,160,330,3,0,-999
22/08/2022 02:40:16,3,160,330,3,0,-999
22/08/2022 02:40:32,3,160,330,3,0,-999
22/08/2022 02:40:48,3,150,330,3,0,-999
22/08/2022 02:41:04,3,150,330,3,0,-999
22/08/2022 02:41:20,3,150,330,3,0,-999
22/08/2022 02:41:36,3,150,330,3,0,-999
22/08/2022 02:41:52,3,150,330,3,0,-999
22/08/2022 02:42:08,3,150,330,3,0,-999
22/08/2022 02:42:24,3,150,330,3,0,-999
22/08/2022 02:42:40,3,150,330,3,0,-999
22/08/2022 02:42:56,3,150,330,3,0,-999
22/08/2022 02:43:12,3,150,330,3,0,-999
22/08/2022 02:43:28,3,150,330,3,0,-999
22/08/2022 02:43:44,3,150,330,3,0,-999
22/08/2022 02:44:00,3,150,330,3,0,-999
22/08/2022 02:44:16,3,150,330,3,0,-999
22/08/2022 02:44:32,3,150,330,3,0,-999
22/08/2022 02:44:48,3,150,330,3,0,-999
22/08/2022 02:45:04,3,150,330,3,0,-999
22/08/2022 02:45:20,3,150,330,3,0,-999
22/08/2022 02:45:36,3,150,330,3,0,-999
22/08/2022 02:45:52,3,150,330,3,0,-999
22/08/2022 02:46:08,3,150,330,3,0,-999
22/08/2022 02:46:24,3,150,330,3,0,-999
22/08/2022 02:46:40,3,150,330,3,0,-999
22/08/2022 02:46:56,3,150,330,3,0,-999
22/08/2022 02:47:12,3,150,330,3,0,-999
22/08/2022 02:47:28,3,150,330,3,0,-999
22/08/2022 02:47:44,3,150,330,3,0,-999
22/08/2022 02:48:00,3,150,330,3,0,-999
22/08/2022 02:48:16,3,150,330,3,0,-999
22/08/2022 02:48:32,3,150,330,3,0,-999
22/08/2022 02:48:48,3,150,330,3,0,-999
22/08/2022 02:49:04,3,150,330,3,0,-999
22/08/2022 02:49:20,3,150,330,3,0,-999
22/08/2022 02:49:36,3,150,330,3,0,-999
22/08/2022 02:49:52,3,150,330,3,0,-999
22/08/2022 02:50:08,3,150,330,3,0,-999
22/08/2022 02:50:24,3,150,330,3,0,-999
22/08/2022 02:50:40,3,150,330,3,0,-999
22/08/2022 02:50:56,3,150,330,3,0,-999
22/08/2022 02:51:12,3,150,330,3,1,11320
22/08/2022 02:51:28,3,150,330,3,1,11320
22/08/2022 02:51:44,3,150,330,3,1,11320
22/08/2022 02:52:00,3,150,330,3,1,11320
22/08/2022 02:52:16,3,150,330,3,1,11320
22/08/2022 02:52:32,3,150,330,3,1,11320
22/08/2022 02:52:48,3,160,330,3,1,11320
22/08/2022 02:53:04,3,160,330,3,1,11290
22/08/2022 02:53:20,3,160,330,3,1,11290
22/08/2022 02:53:36,3,160,330,3,1,11250
22/08/2022 02:53:52,3,160,330,3,1,11250
22/08/2022 02:54:08,3,160,330,3,1,11240
22/08/2022 02:54:24,3,160,330,3,1,11240
22/08/2022 02:54:40,3,160,330,3,1,11240
22/08/2022 02:54:56,3,160,330,3,1,11240
22/08/2022 02:55:12,3,160,330,3,1,11240
22/08/2022 02:55:28,3,170,330,3,1,11240
22/08/2022 02:55:44,3,170,330,3,1,11240
22/08/2022 02:56:00,3,170,330,3,0,-999
22/08/2022 02:56:16,3,170,330,3,0,-999
22/08/2022 02:56:32,3,170,330,3,0,-999
22/08/2022 02:56:48,3,180,330,3,0,-999
22/08/2022 02:57:04,3,180,330,3,0,-999
22/08/2022 02:57:20,3,180,330,3,0,-999
22/08/2022 02:57:36,3,180,330,3,0,-999
22/08/2022 02:57:52,3,190,330,3,1,11290
22/08/2022 02:58:08,3,190,330,3,1,11290
22/08/2022 02:58:24,3,190,330,3,1,11280
22/08/2022 02:58:40,3,190,330,3,1,11280
22/08/2022 02:58:56,3,190,330,3,1,11290
22/08/2022 02:59:12,3,200,330,3,1,11290
22/08/2022 02:59:28,3,200,330,3,1,11310
22/08/2022 02:59:44,3,200,330,3,1,11310
22/08/2022 03:00:00,3,200,190,3,1,11310
22/08/2022 03:00:16,3,200,190,3,0,-999
22/08/2022 03:00:32,3,210,190,3,0,-999
22/08/2022 03:00:48,3,210,190,3,0,-999
22/08/2022 03:01:04,3,210,190,3,0,-999
22/08/2022 03:01:20,3,210,190,3,0,-999
22/08/2022 03:01:36,3,210,190,3,0,-999
22/08/2022 03:01:52,3,210,190,3,0,-999
22/08/2022 03:02:08,3,210,190,3,0,-999
22/08/2022 03:02:24,3,220,190,3,0,-999
22/08/2022 03:02:40,3,220,190,3,0,-999
22/08/2022 03:02:56,3,220,190,3,0,-999
22/08/2022 03:03:12,3,220,190,3,0,-999
22/08/2022 03:03:28,3,220,190,3,0,-999
22/08/2022 03:03:44,3,220,190,3,0,-999
22/08/2022 03:04:00,3,220,190,3,0,-999
22/08/2022 03:04:16,3,220,190,3,0,-999
22/08/2022 03:04:32,3,220,190,3,0,-999
22/08/2022 03:04:48,3,220,190,3,0,-999
22/08/2022 03:05:04,3,220,190,3,0,-999
22/08/2022 03:05:20,3,220,190,3,0,-999
22/08/2022 03:05:36,3,220,190,3,0,-999
22/08/2022 03:05:52,3,220,190,3,0,-999
22/08/2022 03:06:08,3,220,190,3,0,-999
22/08/2022 03:06:24,3,220,190,3,0,-999
22/08/2022 03:06:40,3,220,190,3,0,-999
22/08/2022 03:06:56,3,220,190,3,0,-999
22/08/2022 03:07:12,3,220,190,3,0,-999
22/08/2022 03:07:28,3,220,190,3,0,-999
22/08/2022 03:07:44,3,220,190,3,0,-999
22/08/2022 03:08:00,3,220,190,3,0,-999
22/08/2022 03:08:16,3,220,190,3,0,-999
22/08/2022 03:08:32,3,220,190,3,0,-999
22/08/2022 03:08:48,3,220,190,3,0,-999
22/08/2022 03:09:04,3,220,190,3,0,-999
22/08/2022 03:09:20,3,220,190,3,0,-999
22/08/2022 03:09:36,3,220,190,3,0,-999
22/08/2022 03:09:52,3,220,190,3,0,-999
22/08/2022 03:10:08,3,220,190,3,0,-999
22/08/2022 03:10:24,3,220,190,3,0,-999
22/08/2022 03:10:40,3,220,190,3,0,-999
22/08/2022 03:10:56,3,220,190,3,0,-999
22/08/2022 03:11:12,3,220,190,3,0,-999
22/08/2022 03:11:28,3,220,190,3,0,-999
22/08/2022 03:11:44,3,220,190,3,0,-999
22/08/2022 03:12:00,3,220,190,3,0,-999
22/08/2022 03:12:16,3,220,190,3,0,-999
22/08/2022 03:12:32,3,230,190,3,0,-999
22/08/2022 03:12:48,3,230,190,3,0,-999
22/08/2022 03:13:04,3,230,190,3,0,-999
22/08/2022 03:13:20,3,230,190,3,0,-999
22/08/2022 03:13:36,3,230,190,3,0,-999
22/08/2022 03:13:52,3,230,190,3,0,-999
22/08/2022 03:14:08,3,230,190,3,0,-999
22/08/2022 03:14:24,3,230,190,3,0,-999
22/08/2022 03:14:40,3,230,190,3,0,-999
22/08/2022 03:14:56,3,230,190,3,0,-999
22/08/2022 03:15:12,3,230,190,3,0,-999
22/08/2022 03:15:28,3,230,190,3,0,-999
22/08/2022 03:15:44,3,230,190,3,0,-999
22/08/2022 03:16:00,3,230,190,3,0,-999
22/08/2022 03:16:16,3,230,190,3,0,-999
22/08/2022 03:16:32,3,230,190,3,0,-999
22/08/2022 03:16:48,3,230,190,3,0,-999
22/08/2022 03:17:04,3,230,190,3,0,-999
22/08/2022 03:17:20,3,230,190,3,0,-999
22/08/2022 03:17:36,3,230,190,3,0,-999
22/08/2022 03:17:52,3,230,190,3,0,-999
22/08/2022 03:18:08,3,240,190,3,0,-999
22/08/2022 03:18:24,3,240,190,3,0,-999
22/08/2022 03:18:40,3,240,190,3,0,-999
22/08/2022 03:18:56,3,240,190,3,0,-999
22/08/2022 03:19:12,3,240,190,3,0,-999
22/08/2022 03:19:28,3,240,190,3,0,-999
22/08/2022 03:19:44,3,240,190,3,0,-999
22/08/2022 03:20:00,3,240,190,3,0,-999
22/08/2022 03:20:16,3,240,190,3,0,-999
22/08/2022 03:20:32,3,240,190,3,0,-999
22/08/2022 03:20:48,3,240,190,3,0,-999
22/08/2022 03:21:04,3,240,190,3,0,-999
22/08/2022 03:21:20,3,250,190,3,0,-999
22/08/2022 03:21:36,3,250,190,3,0,-999
22/08/2022 03:21:52,3,250,190,3,1,11370
22/08/2022 03:22:08,3,250,190,3,1,11370
22/08/2022 03:22:24,3,250,190,3,1,11400
22/08/2022 03:22:40,3,250,190,3,1,11400
22/08/2022 03:22:56,3,250,190,3,1,11430
22/08/2022 03:23:12,3,250,190,3,1,11430
22/08/2022 03:23:28,3,250,190,3,1,11430
22/08/2022 03:23:44,3,250,190,3,1,11430
22/08/2022 03:24:00,3,250,190,3,1,11430
22/08/2022 03:24:16,3,250,190,3,1,11420
22/08/2022 03:24:32,3,250,190,3,1,11420
22/08/2022 03:24:48,3,250,190,3,1,11410
22/08/2022 03:25:04,3,250,190,3,1,11410
22/08/2022 03:25:20,3,250,190,3,1,11400
22/08/2022 03:25:36,3,250,190,3,1,11400
22/08/2022 03:25:52,3,250,190,3,1,11370
22/08/2022 03:26:08,3,250,190,3,1,11370
22/08/2022 03:26:24,3,250,190,3,1,11370
22/08/2022 03:26:40,3,260,190,3,1,11360
22/08/2022 03:26:56,3,260,190,3,1,11360
22/08/2022 03:27:12,3,260,190,3,1,11370
22/08/2022 03:27:28,3,260,190,3,1,11370
22/08/2022 03:27:44,3,260,190,3,1,11460
22/08/2022 03:28:00,3,260,190,3,1,11460
22/08/2022 03:28:16,3,260,190,3,1,11470
22/08/2022 03:28:32,3,260,190,3,1,11470
22/08/2022 03:28:48,3,260,190,3,1,11470
22/08/2022 03:29:04,3,260,190,3,1,11440
22/08/2022 03:29:20,3,260,190,3,1,11440
22/08/2022 03:29:36,3,260,190,3,1,11410
22/08/2022 03:29:52,3,260,190,3,1,11410
22/08/2022 03:30:08,3,260,190,3,1,11360
22/08/2022 03:30:24,3,260,190,3,1,11360
22/08/2022 03:30:40,3,260,190,3,2,11230
22/08/2022 03:30:56,3,260,190,3,2,11230
22/08/2022 03:31:12,3,260,190,3,2,11230
22/08/2022 03:31:28,3,260,190,3,1,11210
22/08/2022 03:31:44,3,260,190,3,1,11210
22/08/2022 03:32:00,3,260,190,3,1,11210
22/08/2022 03:32:16,3,260,190,3,1,11210
22/08/2022 03:32:32,3,260,190,3,1,11190
22/08/2022 03:32:48,3,260,190,3,1,11190
22/08/2022 03:33:04,3,260,190,3,1,11100
22/08/2022 03:33:20,3,260,190,3,1,11100
22/08/2022 03:33:36,3,260,190,3,1,11100
22/08/2022 03:33:52,3,260,190,3,1,11130
22/08/2022 03:34:08,3,250,190,3,1,11130
22/08/2022 03:34:24,3,250,190,3,1,11130
22/08/2022 03:34:40,3,250,190,3,1,11130
22/08/2022 03:34:56,3,250,190,3,1,10980
22/08/2022 03:35:12,3,250,190,3,1,10980
22/08/2022 03:35:28,3,250,190,3,1,10980
22/08/2022 03:35:44,3,250,190,3,1,10980
22/08/2022 03:36:00,3,250,190,3,1,10980
22/08/2022 03:36:16,3,250,190,3,1,11080
22/08/2022 03:36:32,3,250,190,3,1,11080
22/08/2022 03:36:48,3,250,190,3,1,11060
22/08/2022 03:37:04,3,250,190,3,1,11060
22/08/2022 03:37:20,3,250,190,3,1,11040
22/08/2022 03:37:36,3,250,190,3,1,11040
22/08/2022 03:37:52,3,250,190,3,1,10950
22/08/2022 03:38:08,3,250,190,3,1,10950
22/08/2022 03:38:24,3,250,190,3,1,10950
22/08/2022 03:38:40,3,250,190,3,1,10970
22/08/2022 03:38:56,3,260,190,3,1,10970
22/08/2022 03:39:12,3,260,190,3,1,10980
22/08/2022 03:39:28,3,260,190,3,1,10980
22/08/2022 03:39:44,3,260,190,3,1,10980
22/08/2022 03:40:00,3,260,190,3,1,10980
22/08/2022 03:40:16,3,260,190,3,1,11000
22/08/2022 03:40:32,3,260,190,3,1,11000
22/08/2022 03:40:48,3,260,190,3,1,11000
22/08/2022 03:41:04,3,260,190,3,1,11000
22/08/2022 03:41:20,3,260,190,3,1,11000
22/08/2022 03:41:36,3,260,190,3,1,10990
22/08/2022 03:41:52,3,260,190,3,1,10990
22/08/2022 03:42:08,3,260,190,3,1,10980
22/08/2022 03:42:24,3,260,190,3,1,10980
22/08/2022 03:42:40,3,260,190,3,1,10970
22/08/2022 03:42:56,3,260,190,3,1,10970
22/08/2022 03:43:12,3,260,190,3,1,10970
22/08/2022 03:43:28,3,260,190,3,1,10960
22/08/2022 03:43:44,3,260,190,3,1,10960
22/08/2022 03:44:00,3,260,190,3,1,10970
22/08/2022 03:44:16,3,260,190,3,1,10970
22/08/2022 03:44:32,3,260,190,3,0,-999
22/08/2022 03:44:48,3,260,190,3,0,-999
22/08/2022 03:45:04,3,260,190,3,0,-999
22/08/2022 03:45:20,3,260,190,3,0,-999
22/08/2022 03:45:36,3,260,190,3,0,-999
22/08/2022 03:45:52,3,260,190,3,0,-999
22/08/2022 03:46:08,3,260,190,3,0,-999
22/08/2022 03:46:24,3,260,190,3,0,-999
22/08/2022 03:46:40,3,260,190,3,0,-999
22/08/2022 03:46:56,3,260,190,3,0,-999
22/08/2022 03:47:12,3,260,190,3,0,-999
22/08/2022 03:47:28,3,260,190,3,0,-999
22/08/2022 03:47:44,3,260,190,3,0,-999
22/08/2022 03:48:00,3,250,190,3,0,-999
22/08/2022 03:48:16,3,250,190,3,0,-999
22/08/2022 03:48:32,3,250,190,3,0,-999
22/08/2022 03:48:48,3,250,190,3,0,-999
22/08/2022 03:49:04,3,250,190,3,0,-999
22/08/2022 03:49:20,3,250,190,3,0,-999
22/08/2022 03:49:36,3,250,190,3,0,-999
22/08/2022 03:49:52,3,250,190,3,0,-999
22/08/2022 03:50:08,3,250,190,3,0,-999
22/08/2022 03:50:24,3,250,190,3,0,-999
22/08/2022 03:50:40,3,250,190,3,0,-999
22/08/2022 03:50:56,3,250,190,3,0,-999
22/08/2022 03:51:12,3,250,190,3,0,-999
22/08/2022 03:51:28,3,250,190,3,0,-999
22/08/2022 03:51:44,3,250,190,3,0,-999
22/08/2022 03:52:00,3,250,190,3,0,-999
22/08/2022 03:52:16,3,250,190,3,0,-999
22/08/2022 03:52:32,3,250,190,3,0,-999
22/08/2022 03:52:48,3,250,190,3,0,-999
22/08/2022 03:53:04,3,250,190,3,0,-999
22/08/2022 03:53:20,3,250,190,3,0,-999
22/08/2022 03:53:36,3,250,190,3,0,-999
22/08/2022 03:53:52,3,250,190,3,0,-999
22/08/2022 03:54:08,3,250,190,3,0,-999
22/08/2022 03:54:24,3,250,190,3,0,-999
22/08/2022 03:54:40,3,250,190,3,0,-999
22/08/2022 03:54:56,3,250,190,3,0,-999
22/08/2022 03:55:12,3,250,190,3,0,-999
22/08/2022 03:55:28,3,250,190,3,0,-999
22/08/2022 03:55:44,3,250,190,3,0,-999
22/08/2022 03:56:00,3,250,190,3,0,-999
22/08/2022 03:56:16,3,250,190,3,0,-999
22/08/2022 03:56:32,3,250,190,3,0,-999
22/08/2022 03:56:48,3,250,190,3,0,-999
22/08/2022 03:57:04,3,250,190,3,0,-999
22/08/2022 03:57:20,3,250,190,3,0,-999
22/08/2022 03:57:36,3,250,190,3,0,-999
22/08/2022 03:57:52,3,250,190,3,0,-999
22/08/2022 03:58:08,3,240,190,3,0,-999
22/08/2022 03:58:24,3,240,190,3,0,-999
22/08/2022 03:58:40,3,240,190,3,0,-999
22/08/2022 03:58:56,3,240,190,3,0,-999
22/08/2022 03:59:12,3,240,190,3,0,-999
22/08/2022 03:59:28,3,240,190,3,0,-999
22/08/2022 03:59:44,3,240,190,3,0,-999
22/08/2022 04:00:00,3,240,250,3,0,-999
22/08/2022 04:00:16,3,240,250,3,0,-999
22/08/2022 04:00:32,3,240,250,3,0,-999
22/08/2022 04:00:48,3,240,250,3,0,-999
22/08/2022 04:01:04,3,240,250,3,0,-999
22/08/2022 04:01:20,3,240,250,3,0,-999
22/08/2022 04:01:36,3,240,250,3,0,-999
22/08/2022 04:01:52,3,240,250,3,0,-999
22/08/2022 04:02:08,3,240,250,3,0,-999
22/08/2022 04:02:24,3,240,250,3,0,-999
22/08/2022 04:02:40,3,240,250,3,0,-999
22/08/2022 04:02:56,3,240,250,3,0,-999
22/08/2022 04:03:12,3,240,250,3,0,-999
22/08/2022 04:03:28,3,240,250,3,0,-999
22/08/2022 04:03:44,3,250,250,3,0,-999
22/08/2022 04:04:00,3,250,250,3,0,-999
22/08/2022 04:04:16,3,250,250,3,0,-999
22/08/2022 04:04:32,3,250,250,3,0,-999
22/08/2022 04:04:48,3,250,250,3,0,-999
22/08/2022 04:05:04,3,250,250,3,0,-999
22/08/2022 04:05:20,3,250,250,3,0,-999
22/08/2022 04:05:36,3,250,250,3,0,-999
22/08/2022 04:05:52,3,250,250,3,0,-999
22/08/2022 04:06:08,3,250,250,3,0,-999
22/08/2022 04:06:24,3,250,250,3,0,-999
22/08/2022 04:06:40,3,250,250,3,0,-999
22/08/2022 04:06:56,3,250,250,3,0,-999
22/08/2022 04:07:12,3,250,250,3,0,-999
22/08/2022 04:07:28,3,250,250,3,0,-999
22/08/2022 04:07:44,3,250,250,3,0,-999
22/08/2022 04:08:00,3,250,250,3,0,-999
22/08/2022 04:08:16,3,250,250,3,0,-999
22/08/2022 04:08:32,3,250,250,3,0,-999
22/08/2022 04:08:48,3,250,250,3,0,-999
22/08/2022 04:09:04,3,250,250,3,0,-999
22/08/2022 04:09:20,3,250,250,3,0,-999
22/08/2022 04:09:36,3,250,250,3,0,-999
22/08/2022 04:09:52,3,250,250,3,0,-999
22/08/2022 04:10:08,3,250,250,3,0,-999
22/08/2022 04:10:24,3,250,250,3,0,-999
22/08/2022 04:10:40,3,250,250,3,0,-999
22/08/2022 04:10:56,3,250,250,3,0,-999
22/08/2022 04:11:12,3,250,250,3,0,-999
22/08/2022 04:11:28,3,250,250,3,0,-999
22/08/2022 04:11:44,3,250,250,3,0,-999
22/08/2022 04:12:00,3,250,250,3,0,-999
22/08/2022 04:12:16,3,250,250,3,0,-999
22/08/2022 04:12:32,3,250,250,3,0,-999
22/08/2022 04:12:48,3,250,250,3,0,-999
22/08/2022 04:13:04,3,250,250,3,0,-999
22/08/2022 04:13:20,3,250,250,3,0,-999
22/08/2022 04:13:36,3,250,250,3,0,-999
22/08/2022 04:13:52,3,250,250,3,0,-999
22/08/2022 04:14:08,3,250,250,3,0,-999
22/08/2022 04:14:24,3,250,250,3,0,-999
22/08/2022 04:14:40,3,250,250,3,0,-999
22/08/2022 04:14:56,3,250,250,3,0,-999
22/08/2022 04:15:12,3,250,250,3,0,-999
22/08/2022 04:15:28,3,250,250,3,0,-999
22/08/2022 04:15:44,3,250,250,3,0,-999
22/08/2022 04:16:00,3,250,250,3,0,-999
22/08/2022 04:16:16,3,250,250,3,0,-999
22/08/2022 04:16:32,3,250,250,3,0,-999
22/08/2022 04:16:48,3,250,250,3,0,-999
22/08/2022 04:17:04,3,250,250,3,0,-999
22/08/2022 04:17:20,3,250,250,3,0,-999
22/08/2022 04:17:36,3,250,250,3,0,-999
22/08/2022 04:17:52,3,250,250,3,0,-999
22/08/2022 04:18:08,3,250,250,3,0,-999
22/08/2022 04:18:24,3,250,250,3,0,-999
22/08/2022 04:18:40,3,250,250,3,0,-999
22/08/2022 04:18:56,3,250,250,3,0,-999
22/08/2022 04:19:12,3,240,250,3,0,-999
22/08/2022 04:19:28,3,240,250,3,0,-999
22/08/2022 04:19:44,3,240,250,3,0,-999
22/08/2022 04:20:00,3,240,250,3,0,-999
22/08/2022 04:20:16,3,240,250,3,0,-999
22/08/2022 04:20:32,3,240,250,3,0,-999
22/08/2022 04:20:48,3,240,250,3,0,-999
22/08/2022 04:21:04,3,240,250,3,0,-999
22/08/2022 04:21:20,3,240,250,3,0,-999
22/08/2022 04:21:36,3,240,250,3,0,-999
22/08/2022 04:21:52,3,240,250,3,0,-999
22/08/2022 04:22:08,3,240,250,3,0,-999
22/08/2022 04:22:24,3,240,250,3,0,-999
22/08/2022 04:22:40,3,240,250,3,0,-999
22/08/2022 04:22:56,3,240,250,3,0,-999
22/08/2022 04:23:12,3,240,250,3,0,-999
22/08/2022 04:23:28,3,240,250,3,0,-999
22/08/2022 04:23:44,3,240,250,3,0,-999
22/08/2022 04:24:00,3,240,250,3,0,-999
22/08/2022 04:24:16,3,240,250,3,0,-999
22/08/2022 04:24:32,3,240,250,3,0,-999
22/08/2022 04:24:48,3,240,250,3,0,-999
22/08/2022 04:25:04,3,240,250,3,0,-999
22/08/2022 04:25:20,3,230,250,3,0,-999
22/08/2022 04:25:36,3,230,250,3,0,-999
22/08/2022 04:25:52,3,230,250,3,0,-999
22/08/2022 04:26:08,3,230,250,3,0,-999
22/08/2022 04:26:24,3,230,250,3,0,-999
22/08/2022 04:26:40,3,230,250,3,0,-999
22/08/2022 04:26:56,3,230,250,3,0,-999
22/08/2022 04:27:12,3,230,250,3,0,-999
22/08/2022 04:27:28,3,230,250,3,0,-999
22/08/2022 04:27:44,3,230,250,3,0,-999
22/08/2022 04:28:00,3,230,250,3,0,-999
22/08/2022 04:28:16,3,230,250,3,0,-999
22/08/2022 04:28:32,3,230,250,3,0,-999
22/08/2022 04:28:48,3,230,250,3,0,-999
22/08/2022 04:29:04,3,230,250,3,0,-999
22/08/2022 04:29:20,3,230,250,3,0,-999
22/08/2022 04:29:36,3,220,250,3,0,-999
22/08/2022 04:29:52,3,220,250,3,0,-999
22/08/2022 04:30:08,3,220,250,3,0,-999
22/08/2022 04:30:24,3,220,250,3,0,-999
22/08/2022 04:30:40,3,220,250,3,0,-999
22/08/2022 04:30:56,3,220,250,3,0,-999
22/08/2022 04:31:12,3,220,250,3,0,-999
22/08/2022 04:31:28,3,220,250,3,0,-999
22/08/2022 04:31:44,3,220,250,3,0,-999
22/08/2022 04:32:00,3,220,250,3,0,-999
22/08/2022 04:32:16,3,220,250,3,0,-999
22/08/2022 04:32:32,3,220,250,3,0,-999
22/08/2022 04:32:48,3,220,250,3,0,-999
22/08/2022 04:33:04,3,220,250,3,0,-999
22/08/2022 04:33:20,3,220,250,3,0,-999
22/08/2022 04:33:36,3,210,250,3,0,-999
22/08/2022 04:33:52,3,210,250,3,0,-999
22/08/2022 04:34:08,3,210,250,3,0,-999
22/08/2022 04:34:24,3,210,250,3,0,-999
22/08/2022 04:34:40,3,210,250,3,0,-999
22/08/2022 04:34:56,3,210,250,3,0,-999
22/08/2022 04:35:12,3,210,250,3,0,-999
22/08/2022 04:35:28,3,210,250,3,0,-999
22/08/2022 04:35:44,3,210,250,3,0,-999
22/08/2022 04:36:00,3,210,250,3,0,-999
22/08/2022 04:36:16,3,210,250,3,0,-999
22/08/2022 04:36:32,3,210,250,3,0,-999
22/08/2022 04:36:48,3,210,250,3,0,-999
22/08/2022 04:37:04,3,210,250,3,0,-999
22/08/2022 04:37:20,3,210,250,3,0,-999
22/08/2022 04:37:36,3,210,250,3,0,-999
22/08/2022 04:37:52,3,210,250,3,0,-999
22/08/2022 04:38:08,3,210,250,3,0,-999
22/08/2022 04:38:24,3,210,250,3,0,-999
22/08/2022 04:38:40,3,210,250,3,0,-999
22/08/2022 04:38:56,3,210,250,3,0,-999
22/08/2022 04:39:12,3,210,250,3,0,-999
22/08/2022 04:39:28,3,210,250,3,0,-999
22/08/2022 04:39:44,3,200,250,3,0,-999
22/08/2022 04:40:00,3,200,250,3,0,-999
22/08/2022 04:40:16,3,200,250,3,0,-999
22/08/2022 04:40:32,3,200,250,3,0,-999
22/08/2022 04:40:48,3,200,250,3,0,-999
22/08/2022 04:41:04,3,200,250,3,0,-999
22/08/2022 04:41:20,3,200,250,3,0,-999
22/08/2022 04:41:36,3,200,250,3,0,-999
22/08/2022 04:41:52,3,200,250,3,0,-999
22/08/2022 04:42:08,3,200,250,3,0,-999
22/08/2022 04:42:24,3,200,250,3,0,-999
22/08/2022 04:42:40,3,200,250,3,1,11260
22/08/2022 04:42:56,3,200,250,3,1,11260
22/08/2022 04:43:12,3,200,250,3,1,11260
22/08/2022 04:43:28,3,200,250,3,1,11360
22/08/2022 04:43:44,3,200,250,3,1,11360
22/08/2022 04:44:00,3,200,250,3,1,11270
22/08/2022 04:44:16,3,200,250,3,1,11270
22/08/2022 04:44:32,3,200,250,3,1,11260
22/08/2022 04:44:48,3,200,250,3,1,11260
22/08/2022 04:45:04,3,200,250,3,1,11290
22/08/2022 04:45:20,3,200,250,3,1,11290
22/08/2022 04:45:36,3,200,250,3,1,11290
22/08/2022 04:45:52,3,200,250,3,1,11280
22/08/2022 04:46:08,3,200,250,3,1,11280
22/08/2022 04:46:24,3,200,250,3,1,11270
22/08/2022 04:46:40,3,200,250,3,1,11270
22/08/2022 04:46:56,3,200,250,3,1,11250
22/08/2022 04:47:12,3,200,250,3,1,11250
22/08/2022 04:47:28,3,200,250,3,1,11230
22/08/2022 04:47:44,3,200,250,3,1,11230
22/08/2022 04:48:00,3,200,250,3,1,11230
22/08/2022 04:48:16,3,190,250,3,1,11230
22/08/2022 04:48:32,3,190,250,3,1,11230
22/08/2022 04:48:48,3,190,250,3,0,-999
22/08/2022 04:49:04,3,190,250,3,0,-999
22/08/2022 04:49:20,3,190,250,3,0,-999
22/08/2022 04:49:36,3,190,250,3,0,-999
22/08/2022 04:49:52,3,190,250,3,0,-999
22/08/2022 04:50:08,3,190,250,3,0,-999
22/08/2022 04:50:24,3,190,250,3,0,-999
22/08/2022 04:50:40,3,190,250,3,0,-999
22/08/2022 04:50:56,3,190,250,3,0,-999
22/08/2022 04:51:12,3,190,250,3,0,-999
22/08/2022 04:51:28,3,190,250,3,0,-999
22/08/2022 04:51:44,3,190,250,3,0,-999
22/08/2022 04:52:00,3,190,250,3,0,-999
22/08/2022 04:52:16,3,190,250,3,1,10730
22/08/2022 04:52:32,3,190,250,3,1,10730
22/08/2022 04:52:48,3,190,250,3,1,10730
22/08/2022 04:53:04,3,180,250,3,1,10720
22/08/2022 04:53:20,3,180,250,3,1,10720
22/08/2022 04:53:36,3,180,250,3,1,10730
22/08/2022 04:53:52,3,180,250,3,1,10730
22/08/2022 04:54:08,3,180,250,3,1,10730
22/08/2022 04:54:24,3,180,250,3,1,10730
22/08/2022 04:54:40,3,180,250,3,1,10830
22/08/2022 04:54:56,3,180,250,3,1,10830
22/08/2022 04:55:12,3,180,250,3,1,10830
22/08/2022 04:55:28,3,180,250,3,1,10730
22/08/2022 04:55:44,3,170,250,3,1,10730
22/08/2022 04:56:00,3,170,250,3,1,10730
22/08/2022 04:56:16,3,170,250,3,1,10730
22/08/2022 04:56:32,3,170,250,3,1,10730
22/08/2022 04:56:48,3,170,250,3,1,10730
22/08/2022 04:57:04,3,170,250,3,1,10730
22/08/2022 04:57:20,3,170,250,3,1,10730
22/08/2022 04:57:36,3,170,250,3,1,10730
22/08/2022 04:57:52,3,170,250,3,1,10730
22/08/2022 04:58:08,3,170,250,3,1,10730
22/08/2022 04:58:24,3,170,250,3,1,10850
22/08/2022 04:58:40,3,170,250,3,1,10850
22/08/2022 04:58:56,3,170,250,3,1,10860
22/08/2022 04:59:12,3,170,250,3,1,10860
22/08/2022 04:59:28,3,170,250,3,1,10850
22/08/2022 04:59:44,3,160,250,3,1,10850
22/08/2022 05:00:00,3,160,210,3,1,10850
22/08/2022 05:00:16,3,160,210,3,0,-999
22/08/2022 05:00:32,3,160,210,3,0,-999
22/08/2022 05:00:48,3,160,210,3,0,-999
22/08/2022 05:01:04,3,160,210,3,0,-999
22/08/2022 05:01:20,3,160,210,3,0,-999
22/08/2022 05:01:36,3,160,210,3,0,-999
22/08/2022 05:01:52,3,160,210,3,0,-999
22/08/2022 05:02:08,3,160,210,3,0,-999
22/08/2022 05:02:24,3,160,210,3,0,-999
22/08/2022 05:02:40,3,160,210,3,0,-999
22/08/2022 05:02:56,3,160,210,3,0,-999
22/08/2022 05:03:12,3,160,210,3,0,-999
22/08/2022 05:03:28,3,160,210,3,0,-999
22/08/2022 05:03:44,3,160,210,3,0,-999
22/08/2022 05:04:00,3,160,210,3,0,-999
22/08/2022 05:04:16,3,160,210,3,0,-999
22/08/2022 05:04:32,3,160,210,3,0,-999
22/08/2022 05:04:48,3,160,210,3,0,-999
22/08/2022 05:05:04,3,160,210,3,0,-999
22/08/2022 05:05:20,3,160,210,3,0,-999
22/08/2022 05:05:36,3,160,210,3,0,-999
22/08/2022 05:05:52,3,160,210,3,0,-999
22/08/2022 05:06:08,3,160,210,3,1,11380
22/08/2022 05:06:24,3,160,210,3,1,11380
22/08/2022 05:06:40,3,160,210,3,1,11400
22/08/2022 05:06:56,3,160,210,3,1,11400
22/08/2022 05:07:12,3,160,210,3,1,11400
22/08/2022 05:07:28,3,150,210,3,1,11390
22/08/2022 05:07:44,3,150,210,3,1,11390
22/08/2022 05:08:00,3,150,210,3,1,11410
22/08/2022 05:08:16,3,150,210,3,1,11410
22/08/2022 05:08:32,3,150,210,3,1,11400
22/08/2022 05:08:48,3,150,210,3,1,11400
22/08/2022 05:09:04,3,150,210,3,1,11410
22/08/2022 05:09:20,3,150,210,3,1,11410
22/08/2022 05:09:36,3,150,210,3,1,11410
22/08/2022 05:09:52,3,150,210,3,1,11400
22/08/2022 05:10:08,3,150,210,3,1,11400
22/08/2022 05:10:24,3,150,210,3,1,11400
22/08/2022 05:10:40,3,150,210,3,1,11400
22/08/2022 05:10:56,3,150,210,3,1,11400
22/08/2022 05:11:12,3,150,210,3,1,11400
22/08/2022 05:11:28,3,150,210,3,1,11390
22/08/2022 05:11:44,3,150,210,3,1,11390
22/08/2022 05:12:00,3,150,210,3,1,11390
22/08/2022 05:12:16,3,150,210,3,1,11390
22/08/2022 05:12:32,3,140,210,3,1,11390
22/08/2022 05:12:48,3,140,210,3,1,11390
22/08/2022 05:13:04,3,140,210,3,1,11390
22/08/2022 05:13:20,3,140,210,3,1,11410
22/08/2022 05:13:36,3,140,210,3,1,11410
22/08/2022 05:13:52,3,140,210,3,1,11430
22/08/2022 05:14:08,3,140,210,3,1,11430
22/08/2022 05:14:24,3,140,210,3,1,11430
22/08/2022 05:14:40,3,140,210,3,1,11430
22/08/2022 05:14:56,3,140,210,3,1,11430
22/08/2022 05:15:12,3,140,210,3,1,11430
22/08/2022 05:15:28,3,140,210,3,1,11430
22/08/2022 05:15:44,3,140,210,3,1,11430
22/08/2022 05:16:00,3,140,210,3,1,11430
22/08/2022 05:16:16,3,140,210,3,1,11420
22/08/2022 05:16:32,3,140,210,3,1,11420
22/08/2022 05:16:48,3,130,210,3,1,11420
22/08/2022 05:17:04,3,130,210,3,1,11410
22/08/2022 05:17:20,3,130,210,3,1,11410
22/08/2022 05:17:36,3,130,210,3,1,11420
22/08/2022 05:17:52,3,130,210,3,1,11420
22/08/2022 05:18:08,3,130,210,3,1,11410
22/08/2022 05:18:24,3,130,210,3,1,11410
22/08/2022 05:18:40,3,130,210,3,1,11410
22/08/2022 05:18:56,3,130,210,3,1,11410
22/08/2022 05:19:12,3,130,210,3,1,11410
22/08/2022 05:19:28,3,130,210,3,1,11420
22/08/2022 05:19:44,3,130,210,3,1,11420
22/08/2022 05:20:00,3,130,210,3,1,11420
22/08/2022 05:20:16,3,130,210,3,1,11420
22/08/2022 05:20:32,3,130,210,3,1,11430
22/08/2022 05:20:48,3,130,210,3,1,11430
22/08/2022 05:21:04,3,130,210,3,1,11430
22/08/2022 05:21:20,3,130,210,3,1,11430
22/08/2022 05:21:36,3,130,210,3,1,11430
22/08/2022 05:21:52,3,130,210,3,1,11460
22/08/2022 05:22:08,3,130,210,3,1,11460
22/08/2022 05:22:24,3,130,210,3,1,11480
22/08/2022 05:22:40,3,130,210,3,1,11480
22/08/2022 05:22:56,3,130,210,3,1,11480
22/08/2022 05:23:12,3,130,210,3,1,11480
22/08/2022 05:23:28,3,130,210,3,1,11490
22/08/2022 05:23:44,3,130,210,3,1,11490
22/08/2022 05:24:00,3,130,210,3,1,11490
22/08/2022 05:24:16,3,130,210,3,1,11490
22/08/2022 05:24:32,3,130,210,3,1,11490
22/08/2022 05:24:48,3,130,210,3,1,11490
22/08/2022 05:25:04,3,130,210,3,1,11490
22/08/2022 05:25:20,3,130,210,3,1,11480
22/08/2022 05:25:36,3,130,210,3,1,11480
22/08/2022 05:25:52,3,130,210,3,1,11470
22/08/2022 05:26:08,3,130,210,3,1,11470
22/08/2022 05:26:24,3,130,210,3,1,11470
22/08/2022 05:26:40,3,130,210,3,1,11450
22/08/2022 05:26:56,3,130,210,3,1,11450
22/08/2022 05:27:12,3,130,210,3,1,11430
22/08/2022 05:27:28,3,130,210,3,1,11430
22/08/2022 05:27:44,3,130,210,3,1,11440
22/08/2022 05:28:00,3,130,210,3,1,11440
22/08/2022 05:28:16,3,130,210,3,1,11460
22/08/2022 05:28:32,3,130,210,3,1,11460
22/08/2022 05:28:48,3,130,210,3,1,11460
22/08/2022 05:29:04,3,130,210,3,1,11490
22/08/2022 05:29:20,3,130,210,3,1,11490
22/08/2022 05:29:36,3,130,210,3,1,11480
22/08/2022 05:29:52,3,130,210,3,1,11480
22/08/2022 05:30:08,3,130,210,3,1,11480
22/08/2022 05:30:24,3,130,210,3,1,11480
22/08/2022 05:30:40,3,130,210,3,1,11470
22/08/2022 05:30:56,3,130,210,3,1,11470
22/08/2022 05:31:12,3,130,210,3,1,11470
22/08/2022 05:31:28,3,130,210,3,1,11460
22/08/2022 05:31:44,3,130,210,3,1,11460
22/08/2022 05:32:00,3,130,210,3,1,11460
22/08/2022 05:32:16,3,130,210,3,1,11460
22/08/2022 05:32:32,3,130,210,3,1,11440
22/08/2022 05:32:48,3,130,210,3,1,11440
22/08/2022 05:33:04,3,130,210,3,1,11430
22/08/2022 05:33:20,3,130,210,3,1,11430
22/08/2022 05:33:36,3,130,210,3,1,11430
22/08/2022 05:33:52,3,130,210,3,1,11420
22/08/2022 05:34:08,3,130,210,3,1,11420
22/08/2022 05:34:24,3,130,210,3,1,11410
22/08/2022 05:34:40,3,130,210,3,1,11410
22/08/2022 05:34:56,3,130,210,3,1,11390
22/08/2022 05:35:12,3,130,210,3,1,11390
22/08/2022 05:35:28,3,130,210,3,1,11370
22/08/2022 05:35:44,3,130,210,3,1,11370
22/08/2022 05:36:00,3,130,210,3,1,11370
22/08/2022 05:36:16,3,130,210,3,1,11420
22/08/2022 05:36:32,3,130,210,3,1,11420
22/08/2022 05:36:48,3,130,210,3,1,11320
22/08/2022 05:37:04,3,130,210,3,1,11320
22/08/2022 05:37:20,3,130,210,3,1,11320
22/08/2022 05:37:36,3,130,210,3,1,11320
22/08/2022 05:37:52,3,130,210,3,1,11320
22/08/2022 05:38:08,3,130,210,3,1,11320
22/08/2022 05:38:24,3,130,210,3,1,11320
22/08/2022 05:38:40,3,130,210,3,1,11320
22/08/2022 05:38:56,3,130,210,3,1,11320
22/08/2022 05:39:12,3,130,210,3,1,11330
22/08/2022 05:39:28,3,130,210,3,1,11330
22/08/2022 05:39:44,3,130,210,3,1,11270
22/08/2022 05:40:00,3,130,210,3,1,11270
22/08/2022 05:40:16,3,130,210,3,1,11270
22/08/2022 05:40:32,3,130,210,3,1,11270
22/08/2022 05:40:48,3,130,210,3,1,11270
22/08/2022 05:41:04,3,130,210,3,1,11320
22/08/2022 05:41:20,3,130,210,3,1,11320
22/08/2022 05:41:36,3,130,210,3,1,11320
22/08/2022 05:41:52,3,130,210,3,1,11320
22/08/2022 05:42:08,3,130,210,3,1,11320
22/08/2022 05:42:24,3,130,210,3,1,11320
22/08/2022 05:42:40,3,130,210,3,1,11320
22/08/2022 05:42:56,3,130,210,3,1,11320
22/08/2022 05:43:12,3,130,210,3,1,11320
22/08/2022 05:43:28,3,130,210,3,1,11320
22/08/2022 05:43:44,3,130,210,3,1,11320
22/08/2022 05:44:00,3,130,210,3,1,11320
22/08/2022 05:44:16,3,130,210,3,1,11320
22/08/2022 05:44:32,3,130,210,3,1,11310
22/08/2022 05:44:48,3,130,210,3,1,11310
22/08/2022 05:45:04,3,130,210,3,2,11100
22/08/2022 05:45:20,3,130,210,3,2,11100
22/08/2022 05:45:36,3,130,210,3,2,11100
22/08/2022 05:45:52,3,130,210,3,1,11100
22/08/2022 05:46:08,3,130,210,3,1,11100
22/08/2022 05:46:24,3,130,210,3,1,11100
22/08/2022 05:46:40,3,130,210,3,1,11100
22/08/2022 05:46:56,3,130,210,3,1,11260
22/08/2022 05:47:12,3,140,210,3,1,11260
22/08/2022 05:47:28,3,140,210,3,1,11280
22/08/2022 05:47:44,3,140,210,3,1,11280
22/08/2022 05:48:00,3,140,210,3,1,11280
22/08/2022 05:48:16,3,140,210,3,1,11320
22/08/2022 05:48:32,3,140,210,3,1,11320
22/08/2022 05:48:48,3,140,210,3,1,11260
22/08/2022 05:49:04,3,140,210,3,1,11260
22/08/2022 05:49:20,3,140,210,3,1,11230
22/08/2022 05:49:36,3,140,210,3,1,11230
22/08/2022 05:49:52,3,140,210,3,1,11220
22/08/2022 05:50:08,3,140,210,3,1,11220
22/08/2022 05:50:24,3,140,210,3,1,11220
22/08/2022 05:50:40,3,140,210,3,1,11220
22/08/2022 05:50:56,3,140,210,3,1,11220
22/08/2022 05:51:12,3,140,210,3,1,11250
22/08/2022 05:51:28,3,140,210,3,1,11250
22/08/2022 05:51:44,3,140,210,3,1,11240
22/08/2022 05:52:00,3,130,210,3,1,11240
22/08/2022 05:52:16,3,130,210,3,1,11260
22/08/2022 05:52:32,3,130,210,3,1,11260
22/08/2022 05:52:48,3,130,210,3,1,11260
22/08/2022 05:53:04,3,130,210,3,1,11240
22/08/2022 05:53:20,3,130,210,3,1,11240
22/08/2022 05:53:36,3,130,210,3,1,11200
22/08/2022 05:53:52,3,130,210,3,1,11200
22/08/2022 05:54:08,3,130,210,3,1,11210
22/08/2022 05:54:24,3,130,210,3,1,11210
22/08/2022 05:54:40,3,130,210,3,1,11210
22/08/2022 05:54:56,3,130,210,3,1,11210
22/08/2022 05:55:12,3,130,210,3,1,11210
22/08/2022 05:55:28,3,130,210,3,1,11210
22/08/2022 05:55:44,3,130,210,3,1,11210
22/08/2022 05:56:00,3,130,210,3,1,11220
22/08/2022 05:56:16,3,130,210,3,1,11220
22/08/2022 05:56:32,3,130,210,3,1,11220
22/08/2022 05:56:48,3,130,210,3,1,11220
22/08/2022 05:57:04,3,130,210,3,1,11230
22/08/2022 05:57:20,3,130,210,3,1,11230
22/08/2022 05:57:36,3,130,210,3,1,11230
22/08/2022 05:57:52,3,130,210,3,1,11220
22/08/2022 05:58:08,3,130,210,3,1,11220
22/08/2022 05:58:24,3,130,210,3,1,11220
22/08/2022 05:58:40,3,130,210,3,1,11220
22/08/2022 05:58:56,3,130,210,3,1,11250
22/08/2022 05:59:12,3,130,210,3,1,11250
22/08/2022 05:59:28,3,130,210,3,1,11250
22/08/2022 05:59:44,3,130,210,3,1,11250
22/08/2022 06:00:00,3,130,130,3,1,11250
22/08/2022 06:00:16,3,130,130,3,1,11260
22/08/2022 06:00:32,3,130,130,3,1,11260
22/08/2022 06:00:48,3,130,130,3,1,11260
22/08/2022 06:01:04,3,130,130,3,1,11260
22/08/2022 06:01:20,3,130,130,3,1,11270
22/08/2022 06:01:36,3,130,130,3,1,11270
22/08/2022 06:01:52,3,130,130,3,1,11290
22/08/2022 06:02:08,3,130,130,3,1,11290
22/08/2022 06:02:24,3,130,130,3,1,11290
22/08/2022 06:02:40,3,130,130,3,1,11280
22/08/2022 06:02:56,3,130,130,3,1,11280
22/08/2022 06:03:12,3,130,130,3,1,11250
22/08/2022 06:03:28,3,130,130,3,1,11250
22/08/2022 06:03:44,3,130,130,3,1,11220
22/08/2022 06:04:00,3,130,130,3,1,11220
22/08/2022 06:04:16,3,130,130,3,1,11210
22/08/2022 06:04:32,3,130,130,3,1,11210
22/08/2022 06:04:48,3,130,130,3,1,11210
22/08/2022 06:05:04,3,130,130,3,1,11210
22/08/2022 06:05:20,3,130,130,3,1,11210
22/08/2022 06:05:36,3,130,130,3,1,11230
22/08/2022 06:05:52,3,130,130,3,1,11230
22/08/2022 06:06:08,3,130,130,3,1,11220
22/08/2022 06:06:24,3,130,130,3,1,11220
22/08/2022 06:06:40,3,130,130,3,1,11210
22/08/2022 06:06:56,3,130,130,3,1,11210
22/08/2022 06:07:12,3,130,130,3,1,11210
22/08/2022 06:07:28,3,130,130,3,1,11200
22/08/2022 06:07:44,3,130,130,3,1,11200
22/08/2022 06:08:00,3,130,130,3,1,11190
22/08/2022 06:08:16,3,130,130,3,1,11190
22/08/2022 06:08:32,3,130,130,3,1,11200
22/08/2022 06:08:48,3,130,130,3,1,11200
22/08/2022 06:09:04,3,130,130,3,1,11210
22/08/2022 06:09:20,3,130,130,3,1,11210
22/08/2022 06:09:36,3,130,130,3,1,11210
22/08/2022 06:09:52,3,130,130,3,1,11200
22/08/2022 06:10:08,3,130,130,3,1,11200
22/08/2022 06:10:24,3,130,130,3,1,11200
22/08/2022 06:10:40,3,130,130,3,1,11200
22/08/2022 06:10:56,3,130,130,3,1,11200
22/08/2022 06:11:12,3,140,130,3,1,11200
22/08/2022 06:11:28,3,140,130,3,1,11200
22/08/2022 06:11:44,3,140,130,3,1,11200
22/08/2022 06:12:00,3,140,130,3,1,11200
22/08/2022 06:12:16,3,140,130,3,1,11190
22/08/2022 06:12:32,3,140,130,3,1,11190
22/08/2022 06:12:48,3,140,130,3,1,11190
22/08/2022 06:13:04,3,140,130,3,1,11190
22/08/2022 06:13:20,3,140,130,3,1,11200
22/08/2022 06:13:36,3,140,130,3,1,11200
22/08/2022 06:13:52,3,140,130,3,1,11210
22/08/2022 06:14:08,3,140,130,3,1,11210
22/08/2022 06:14:24,3,140,130,3,1,11210
22/08/2022 06:14:40,3,140,130,3,1,11210
22/08/2022 06:14:56,3,140,130,3,1,11210
22/08/2022 06:15:12,3,140,130,3,1,11210
22/08/2022 06:15:28,3,140,130,3,1,11210
22/08/2022 06:15:44,3,140,130,3,1,11220
22/08/2022 06:16:00,3,140,130,3,1,11220
22/08/2022 06:16:16,3,140,130,3,1,11220
22/08/2022 06:16:32,3,140,130,3,1,11220
22/08/2022 06:16:48,3,140,130,3,1,11220
22/08/2022 06:17:04,3,130,130,3,1,11210
22/08/2022 06:17:20,3,130,130,3,1,11210
22/08/2022 06:17:36,3,130,130,3,1,11210
22/08/2022 06:17:52,3,130,130,3,1,11210
22/08/2022 06:18:08,3,130,130,3,1,11210
22/08/2022 06:18:24,3,130,130,3,1,11210
22/08/2022 06:18:40,3,130,130,3,1,11160
22/08/2022 06:18:56,3,130,130,3,1,11160
22/08/2022 06:19:12,3,130,130,3,1,11160
22/08/2022 06:19:28,3,130,130,3,1,11150
22/08/2022 06:19:44,3,130,130,3,1,11150
22/08/2022 06:20:00,3,130,130,3,1,11090
22/08/2022 06:20:16,3,130,130,3,1,11090
22/08/2022 06:20:32,3,130,130,3,1,11100
22/08/2022 06:20:48,3,130,130,3,1,11100
22/08/2022 06:21:04,3,130,130,3,1,11100
22/08/2022 06:21:20,3,130,130,3,1,11100
22/08/2022 06:21:36,3,130,130,3,1,11100
22/08/2022 06:21:52,3,130,130,3,1,11090
22/08/2022 06:22:08,3,130,130,3,1,11090
22/08/2022 06:22:24,3,130,130,3,1,11040
22/08/2022 06:22:40,3,130,130,3,1,11040
22/08/2022 06:22:56,3,130,130,3,2,10870
22/08/2022 06:23:12,3,130,130,3,2,10870
22/08/2022 06:23:28,3,130,130,3,1,11140
22/08/2022 06:23:44,3,130,130,3,1,11140
22/08/2022 06:24:00,3,130,130,3,1,11140
22/08/2022 06:24:16,3,130,130,3,1,11190
22/08/2022 06:24:32,3,130,130,3,1,11190
22/08/2022 06:24:48,3,130,130,3,1,11210
22/08/2022 06:25:04,3,130,130,3,1,11210
22/08/2022 06:25:20,3,130,130,3,1,11210
22/08/2022 06:25:36,3,130,130,3,1,11210
22/08/2022 06:25:52,3,130,130,3,1,11210
22/08/2022 06:26:08,3,130,130,3,1,11210
22/08/2022 06:26:24,3,130,130,3,1,11210
22/08/2022 06:26:40,3,130,130,3,1,11210
22/08/2022 06:26:56,3,130,130,3,1,11210
22/08/2022 06:27:12,3,130,130,3,1,11190
22/08/2022 06:27:28,3,130,130,3,1,11190
22/08/2022 06:27:44,3,130,130,3,1,11190
22/08/2022 06:28:00,3,130,130,3,1,11190
22/08/2022 06:28:16,3,130,130,3,1,11190
22/08/2022 06:28:32,3,130,130,3,1,11190
22/08/2022 06:28:48,3,130,130,3,1,11190
22/08/2022 06:29:04,3,130,130,3,1,11190
22/08/2022 06:29:20,3,130,130,3,1,11190
22/08/2022 06:29:36,3,130,130,3,0,-999
22/08/2022 06:29:52,3,130,130,3,0,-999
22/08/2022 06:30:08,3,130,130,3,0,-999
22/08/2022 06:30:24,3,130,130,3,0,-999
22/08/2022 06:30:40,3,130,130,3,0,-999
22/08/2022 06:30:56,3,130,130,3,0,-999
22/08/2022 06:31:12,3,130,130,3,0,-999
22/08/2022 06:31:28,3,130,130,3,0,-999
22/08/2022 06:31:44,3,130,130,3,0,-999
22/08/2022 06:32:00,3,130,130,3,0,-999
22/08/2022 06:32:16,3,140,130,3,0,-999
22/08/2022 06:32:32,3,140,130,3,0,-999
22/08/2022 06:32:48,3,140,130,3,0,-999
22/08/2022 06:33:04,3,140,130,3,0,-999
22/08/2022 06:33:20,3,140,130,3,0,-999
22/08/2022 06:33:36,3,140,130,3,0,-999
22/08/2022 06:33:52,3,140,130,3,0,-999
22/08/2022 06:34:08,3,140,130,3,0,-999
22/08/2022 06:34:24,3,140,130,3,0,-999
22/08/2022 06:34:40,3,140,130,3,0,-999
22/08/2022 06:34:56,3,140,130,3,0,-999
22/08/2022 06:35:12,3,140,130,3,0,-999
22/08/2022 06:35:28,3,140,130,3,0,-999
22/08/2022 06:35:44,3,140,130,3,0,-999
22/08/2022 06:36:00,3,140,130,3,0,-999
22/08/2022 06:36:16,3,140,130,3,0,-999
22/08/2022 06:36:32,3,140,130,3,0,-999
22/08/2022 06:36:48,3,140,130,3,0,-999
22/08/2022 06:37:04,3,140,130,3,0,-999
22/08/2022 06:37:20,3,140,130,3,0,-999
22/08/2022 06:37:36,3,140,130,3,0,-999
22/08/2022 06:37:52,3,140,130,3,0,-999
22/08/2022 06:38:08,3,140,130,3,0,-999
22/08/2022 06:38:24,3,140,130,3,0,-999
22/08/2022 06:38:40,3,140,130,3,1,10680
22/08/2022 06:38:56,3,140,130,3,1,10680
22/08/2022 06:39:12,3,140,130,3,1,10680
22/08/2022 06:39:28,3,140,130,3,1,10680
22/08/2022 06:39:44,3,140,130,3,1,10670
22/08/2022 06:40:00,3,140,130,3,1,10670
22/08/2022 06:40:16,3,140,130,3,1,10650
22/08/2022 06:40:32,3,140,130,3,1,10650
22/08/2022 06:40:48,3,140,130,3,1,10650
22/08/2022 06:41:04,3,140,130,3,1,10640
22/08/2022 06:41:20,3,150,130,3,1,10640
22/08/2022 06:41:36,3,150,130,3,1,10650
22/08/2022 06:41:52,3,150,130,3,1,10650
22/08/2022 06:42:08,3,150,130,3,1,10640
22/08/2022 06:42:24,3,150,130,3,1,10640
22/08/2022 06:42:40,3,150,130,3,1,10640
22/08/2022 06:42:56,3,150,130,3,1,10640
22/08/2022 06:43:12,3,150,130,3,1,10640
22/08/2022 06:43:28,3,150,130,3,1,10640
22/08/2022 06:43:44,3,150,130,3,1,10640
22/08/2022 06:44:00,3,150,130,3,1,10640
22/08/2022 06:44:16,3,150,130,3,1,10640
22/08/2022 06:44:32,3,150,130,3,1,10630
22/08/2022 06:44:48,3,160,130,3,1,10630
22/08/2022 06:45:04,3,160,130,3,1,10640
22/08/2022 06:45:20,3,160,130,3,1,10640
22/08/2022 06:45:36,3,160,130,3,1,10640
22/08/2022 06:45:52,3,160,130,3,1,10640
22/08/2022 06:46:08,3,160,130,3,1,10640
22/08/2022 06:46:24,3,160,130,3,0,-999
22/08/2022 06:46:40,3,160,130,3,0,-999
22/08/2022 06:46:56,3,160,130,3,0,-999
22/08/2022 06:47:12,3,160,130,3,0,-999
22/08/2022 06:47:28,3,160,130,3,0,-999
22/08/2022 06:47:44,3,160,130,3,0,-999
22/08/2022 06:48:00,3,170,130,3,0,-999
22/08/2022 06:48:16,3,170,130,3,0,-999
22/08/2022 06:48:32,3,170,130,3,0,-999
22/08/2022 06:48:48,3,170,130,3,0,-999
22/08/2022 06:49:04,3,170,130,3,0,-999
22/08/2022 06:49:20,3,170,130,3,0,-999
22/08/2022 06:49:36,3,170,130,3,0,-999
22/08/2022 06:49:52,3,180,130,3,0,-999
22/08/2022 06:50:08,3,180,130,3,0,-999
22/08/2022 06:50:24,3,180,130,3,0,-999
22/08/2022 06:50:40,3,180,130,3,0,-999
22/08/2022 06:50:56,3,180,130,3,0,-999
22/08/2022 06:51:12,3,180,130,3,0,-999
22/08/2022 06:51:28,3,180,130,3,0,-999
22/08/2022 06:51:44,3,180,130,3,0,-999
22/08/2022 06:52:00,3,180,130,3,0,-999
22/08/2022 06:52:16,3,180,130,3,0,-999
22/08/2022 06:52:32,3,180,130,3,0,-999
22/08/2022 06:52:48,3,180,130,3,0,-999
22/08/2022 06:53:04,3,180,130,3,0,-999
22/08/2022 06:53:20,3,180,130,3,0,-999
22/08/2022 06:53:36,3,180,130,3,0,-999
22/08/2022 06:53:52,3,180,130,3,0,-999
22/08/2022 06:54:08,3,180,130,3,0,-999
22/08/2022 06:54:24,3,180,130,3,0,-999
22/08/2022 06:54:40,3,180,130,3,0,-999
22/08/2022 06:54:56,3,180,130,3,0,-999
22/08/2022 06:55:12,3,180,130,3,0,-999
22/08/2022 06:55:28,3,180,130,3,0,-999
22/08/2022 06:55:44,3,180,130,3,0,-999
22/08/2022 06:56:00,3,180,130,3,0,-999
22/08/2022 06:56:16,3,180,130,3,0,-999
22/08/2022 06:56:32,3,180,130,3,0,-999
22/08/2022 06:56:48,3,180,130,3,0,-999
22/08/2022 06:57:04,3,180,130,3,0,-999
22/08/2022 06:57:20,3,180,130,3,0,-999
22/08/2022 06:57:36,3,170,130,3,0,-999
22/08/2022 06:57:52,3,170,130,3,0,-999
22/08/2022 06:58:08,3,170,130,3,0,-999
22/08/2022 06:58:24,3,170,130,3,0,-999
22/08/2022 06:58:40,3,170,130,3,0,-999
22/08/2022 06:58:56,3,170,130,3,0,-999
22/08/2022 06:59:12,3,170,130,3,0,-999
22/08/2022 06:59:28,3,170,130,3,0,-999
22/08/2022 06:59:44,3,160,130,3,0,-999
22/08/2022 07:00:00,3,160,140,3,0,-999
22/08/2022 07:00:16,3,160,140,3,0,-999
22/08/2022 07:00:32,3,160,140,3,0,-999
22/08/2022 07:00:48,3,160,140,3,0,-999
22/08/2022 07:01:04,3,160,140,3,0,-999
22/08/2022 07:01:20,3,160,140,3,0,-999
22/08/2022 07:01:36,3,150,140,3,0,-999
22/08/2022 07:01:52,3,150,140,3,0,-999
22/08/2022 07:02:08,3,150,140,3,0,-999
22/08/2022 07:02:24,3,150,140,3,0,-999
22/08/2022 07:02:40,3,140,140,3,0,-999
22/08/2022 07:02:56,3,140,140,3,0,-999
22/08/2022 07:03:12,3,140,140,3,0,-999
22/08/2022 07:03:28,3,140,140,3,0,-999
22/08/2022 07:03:44,3,140,140,3,0,-999
22/08/2022 07:04:00,3,140,140,3,0,-999
22/08/2022 07:04:16,3,140,140,3,0,-999
22/08/2022 07:04:32,3,140,140,3,0,-999
22/08/2022 07:04:48,3,140,140,3,0,-999
22/08/2022 07:05:04,3,140,140,3,0,-999
22/08/2022 07:05:20,3,140,140,3,0,-999
22/08/2022 07:05:36,3,140,140,3,0,-999
22/08/2022 07:05:52,3,140,140,3,0,-999
22/08/2022 07:06:08,3,140,140,3,0,-999
22/08/2022 07:06:24,3,140,140,3,0,-999
22/08/2022 07:06:40,3,140,140,3,0,-999
22/08/2022 07:06:56,3,140,140,3,0,-999
22/08/2022 07:07:12,3,140,140,3,0,-999
22/08/2022 07:07:28,3,140,140,3,0,-999
22/08/2022 07:07:44,3,140,140,3,0,-999
22/08/2022 07:08:00,3,140,140,3,0,-999
22/08/2022 07:08:16,3,140,140,3,0,-999
22/08/2022 07:08:32,3,140,140,3,0,-999
22/08/2022 07:08:48,3,140,140,3,0,-999
22/08/2022 07:09:04,3,140,140,3,0,-999
22/08/2022 07:09:20,3,140,140,3,0,-999
22/08/2022 07:09:36,3,140,140,3,0,-999
22/08/2022 07:09:52,3,140,140,3,0,-999
22/08/2022 07:10:08,3,140,140,3,0,-999
22/08/2022 07:10:24,3,140,140,3,0,-999
22/08/2022 07:10:40,3,140,140,3,0,-999
22/08/2022 07:10:56,3,140,140,3,0,-999
22/08/2022 07:11:12,3,140,140,3,0,-999
22/08/2022 07:11:28,3,140,140,3,0,-999
22/08/2022 07:11:44,3,140,140,3,0,-999
22/08/2022 07:12:00,3,140,140,3,0,-999
22/08/2022 07:12:16,3,140,140,3,0,-999
22/08/2022 07:12:32,3,140,140,3,0,-999
22/08/2022 07:12:48,3,140,140,3,0,-999
22/08/2022 07:13:04,3,140,140,3,0,-999
22/08/2022 07:13:20,3,140,140,3,1,10730
22/08/2022 07:13:36,3,140,140,3,1,10730
22/08/2022 07:13:52,3,140,140,3,1,10740
22/08/2022 07:14:08,3,140,140,3,1,10740
22/08/2022 07:14:24,3,140,140,3,1,10740
22/08/2022 07:14:40,3,150,140,3,0,-999
22/08/2022 07:14:56,3,150,140,3,0,-999
22/08/2022 07:15:12,3,150,140,3,0,-999
22/08/2022 07:15:28,3,160,140,3,0,-999
22/08/2022 07:15:44,3,160,140,3,0,-999
22/08/2022 07:16:00,3,160,140,3,0,-999
22/08/2022 07:16:16,3,170,140,3,1,10780
22/08/2022 07:16:32,3,170,140,3,1,10780
22/08/2022 07:16:48,3,170,140,3,1,10780
22/08/2022 07:17:04,3,170,140,3,0,-999
22/08/2022 07:17:20,3,170,140,3,0,-999
22/08/2022 07:17:36,3,170,140,3,0,-999
22/08/2022 07:17:52,3,170,140,3,0,-999
22/08/2022 07:18:08,3,170,140,3,0,-999
22/08/2022 07:18:24,3,170,140,3,0,-999
22/08/2022 07:18:40,3,170,140,3,0,-999
22/08/2022 07:18:56,3,170,140,3,0,-999
22/08/2022 07:19:12,3,170,140,3,0,-999
22/08/2022 07:19:28,3,170,140,3,0,-999
22/08/2022 07:19:44,3,170,140,3,0,-999
22/08/2022 07:20:00,3,170,140,3,0,-999
22/08/2022 07:20:16,3,170,140,3,0,-999
22/08/2022 07:20:32,3,180,140,3,0,-999
22/08/2022 07:20:48,3,180,140,3,0,-999
22/08/2022 07:21:04,3,180,140,3,1,10810
22/08/2022 07:21:20,3,180,140,3,1,10810
22/08/2022 07:21:36,3,180,140,3,1,10810
22/08/2022 07:21:52,3,180,140,3,0,-999
22/08/2022 07:22:08,3,180,140,3,0,-999
22/08/2022 07:22:24,3,180,140,3,0,-999
22/08/2022 07:22:40,3,180,140,3,0,-999
22/08/2022 07:22:56,3,180,140,3,0,-999
22/08/2022 07:23:12,3,180,140,3,0,-999
22/08/2022 07:23:28,3,180,140,3,0,-999
22/08/2022 07:23:44,3,180,140,3,0,-999
22/08/2022 07:24:00,3,180,140,3,0,-999
22/08/2022 07:24:16,3,180,140,3,0,-999
22/08/2022 07:24:32,3,180,140,3,0,-999
22/08/2022 07:24:48,3,180,140,3,0,-999
22/08/2022 07:25:04,3,180,140,3,0,-999
22/08/2022 07:25:20,3,180,140,3,1,10830
22/08/2022 07:25:36,3,190,140,3,1,10830
22/08/2022 07:25:52,3,190,140,3,1,10830
22/08/2022 07:26:08,3,190,140,3,1,10830
22/08/2022 07:26:24,3,190,140,3,1,10830
22/08/2022 07:26:40,3,190,140,3,1,10820
22/08/2022 07:26:56,3,190,140,3,1,10820
22/08/2022 07:27:12,3,190,140,3,1,10830
22/08/2022 07:27:28,3,190,140,3,1,10830
22/08/2022 07:27:44,3,190,140,3,1,10800
22/08/2022 07:28:00,3,190,140,3,1,10800
22/08/2022 07:28:16,3,190,140,3,1,10790
22/08/2022 07:28:32,3,190,140,3,1,10790
22/08/2022 07:28:48,3,190,140,3,1,10790
22/08/2022 07:29:04,3,190,140,3,1,10800
22/08/2022 07:29:20,3,190,140,3,1,10800
22/08/2022 07:29:36,3,190,140,3,0,-999
22/08/2022 07:29:52,3,190,140,3,0,-999
22/08/2022 07:30:08,3,190,140,3,0,-999
22/08/2022 07:30:24,3,190,140,3,0,-999
22/08/2022 07:30:40,3,190,140,3,0,-999
22/08/2022 07:30:56,3,190,140,3,0,-999
22/08/2022 07:31:12,3,190,140,3,0,-999
22/08/2022 07:31:28,3,200,140,3,0,-999
22/08/2022 07:31:44,3,200,140,3,0,-999
22/08/2022 07:32:00,3,200,140,3,0,-999
22/08/2022 07:32:16,3,200,140,3,0,-999
22/08/2022 07:32:32,3,200,140,3,0,-999
22/08/2022 07:32:48,3,200,140,3,0,-999
22/08/2022 07:33:04,3,200,140,3,0,-999
22/08/2022 07:33:20,3,200,140,3,0,-999
22/08/2022 07:33:36,3,200,140,3,0,-999
22/08/2022 07:33:52,3,200,140,3,0,-999
22/08/2022 07:34:08,3,200,140,3,0,-999
22/08/2022 07:34:24,3,200,140,3,0,-999
22/08/2022 07:34:40,3,200,140,3,0,-999
22/08/2022 07:34:56,3,200,140,3,0,-999
22/08/2022 07:35:12,3,200,140,3,0,-999
22/08/2022 07:35:28,3,200,140,3,0,-999
22/08/2022 07:35:44,3,200,140,3,0,-999
22/08/2022 07:36:00,3,200,140,3,0,-999
22/08/2022 07:36:16,3,200,140,3,0,-999
22/08/2022 07:36:32,3,200,140,3,0,-999
22/08/2022 07:36:48,3,200,140,3,0,-999
22/08/2022 07:37:04,3,200,140,3,0,-999
22/08/2022 07:37:20,3,200,140,3,0,-999
22/08/2022 07:37:36,3,200,140,3,0,-999
22/08/2022 07:37:52,3,200,140,3,0,-999
22/08/2022 07:38:08,3,210,140,3,0,-999
22/08/2022 07:38:24,3,210,140,3,0,-999
22/08/2022 07:38:40,3,210,140,3,0,-999
22/08/2022 07:38:56,3,210,140,3,0,-999
22/08/2022 07:39:12,3,210,140,3,0,-999
22/08/2022 07:39:28,3,210,140,3,0,-999
22/08/2022 07:39:44,3,210,140,3,0,-999
22/08/2022 07:40:00,3,210,140,3,0,-999
22/08/2022 07:40:16,3,210,140,3,0,-999
22/08/2022 07:40:32,3,210,140,3,0,-999
22/08/2022 07:40:48,3,210,140,3,0,-999
22/08/2022 07:41:04,3,210,140,3,0,-999
22/08/2022 07:41:20,3,210,140,3,0,-999
22/08/2022 07:41:36,3,210,140,3,0,-999
22/08/2022 07:41:52,3,210,140,3,0,-999
22/08/2022 07:42:08,3,210,140,3,0,-999
22/08/2022 07:42:24,3,210,140,3,0,-999
22/08/2022 07:42:40,3,210,140,3,0,-999
22/08/2022 07:42:56,3,210,140,3,0,-999
22/08/2022 07:43:12,3,200,140,3,0,-999
22/08/2022 07:43:28,3,200,140,3,0,-999
22/08/2022 07:43:44,3,200,140,3,0,-999
22/08/2022 07:44:00,3,200,140,3,0,-999
22/08/2022 07:44:16,3,200,140,3,0,-999
22/08/2022 07:44:32,3,200,140,3,0,-999
22/08/2022 07:44:48,3,200,140,3,0,-999
22/08/2022 07:45:04,3,200,140,3,0,-999
22/08/2022 07:45:20,3,200,140,3,0,-999
22/08/2022 07:45:36,3,200,140,3,0,-999
22/08/2022 07:45:52,3,200,140,3,0,-999
22/08/2022 07:46:08,3,190,140,3,0,-999
22/08/2022 07:46:24,3,190,140,3,0,-999
22/08/2022 07:46:40,3,190,140,3,0,-999
22/08/2022 07:46:56,3,150,140,3,0,-999
22/08/2022 07:47:12,3,150,140,3,0,-999
22/08/2022 07:47:28,3,150,140,3,0,-999
22/08/2022 07:47:44,3,130,140,3,0,-999
22/08/2022 07:48:00,3,130,140,3,0,-999
22/08/2022 07:48:16,3,130,140,3,0,-999
22/08/2022 07:48:32,3,130,140,3,0,-999
22/08/2022 07:48:48,3,130,140,3,0,-999
22/08/2022 07:49:04,3,130,140,3,0,-999
22/08/2022 07:49:20,3,130,140,3,0,-999
22/08/2022 07:49:36,3,130,140,3,0,-999
22/08/2022 07:49:52,3,130,140,3,0,-999
22/08/2022 07:50:08,3,120,140,3,0,-999
22/08/2022 07:50:24,3,120,140,3,0,-999
22/08/2022 07:50:40,3,120,140,3,0,-999
22/08/2022 07:50:56,3,120,140,3,0,-999
22/08/2022 07:51:12,3,120,140,3,0,-999
22/08/2022 07:51:28,3,120,140,3,0,-999
22/08/2022 07:51:44,3,120,140,3,0,-999
22/08/2022 07:52:00,3,120,140,3,0,-999
22/08/2022 07:52:16,3,120,140,3,0,-999
22/08/2022 07:52:32,3,120,140,3,0,-999
22/08/2022 07:52:48,3,120,140,3,0,-999
22/08/2022 07:53:04,3,120,140,3,0,-999
22/08/2022 07:53:20,3,120,140,3,0,-999
22/08/2022 07:53:36,3,120,140,3,0,-999
22/08/2022 07:53:52,3,120,140,3,0,-999
22/08/2022 07:54:08,3,120,140,3,0,-999
22/08/2022 07:54:24,3,120,140,3,0,-999
22/08/2022 07:54:40,3,120,140,3,0,-999
22/08/2022 07:54:56,3,120,140,3,0,-999
22/08/2022 07:55:12,3,120,140,3,0,-999
22/08/2022 07:55:28,3,120,140,3,0,-999
22/08/2022 07:55:44,3,120,140,3,0,-999
22/08/2022 07:56:00,3,120,140,3,0,-999
22/08/2022 07:56:16,3,120,140,3,0,-999
22/08/2022 07:56:32,3,120,140,3,0,-999
22/08/2022 07:56:48,3,120,140,3,0,-999
22/08/2022 07:57:04,3,120,140,3,0,-999
22/08/2022 07:57:20,3,120,140,3,0,-999
22/08/2022 07:57:36,3,120,140,3,0,-999
22/08/2022 07:57:52,3,120,140,3,0,-999
22/08/2022 07:58:08,3,120,140,3,0,-999
22/08/2022 07:58:24,3,120,140,3,0,-999
22/08/2022 07:58:40,3,120,140,3,0,-999
22/08/2022 07:58:56,3,120,140,3,0,-999
22/08/2022 07:59:12,3,120,140,3,0,-999
22/08/2022 07:59:28,3,120,140,3,0,-999
22/08/2022 07:59:44,3,120,140,3,0,-999
22/08/2022 08:00:00,3,120,170,3,0,-999
22/08/2022 08:00:16,3,120,170,3,0,-999
22/08/2022 08:00:32,3,110,170,3,0,-999
22/08/2022 08:00:48,3,110,170,3,0,-999
22/08/2022 08:01:04,3,110,170,3,0,-999
22/08/2022 08:01:20,3,110,170,3,0,-999
22/08/2022 08:01:36,3,110,170,3,0,-999
22/08/2022 08:01:52,3,110,170,3,0,-999
22/08/2022 08:02:08,3,110,170,3,0,-999
22/08/2022 08:02:24,3,110,170,3,0,-999
22/08/2022 08:02:40,3,110,170,3,0,-999
22/08/2022 08:02:56,3,110,170,3,0,-999
22/08/2022 08:03:12,3,110,170,3,0,-999
22/08/2022 08:03:28,3,110,170,3,0,-999
22/08/2022 08:03:44,3,100,170,3,0,-999
22/08/2022 08:04:00,3,100,170,3,0,-999
22/08/2022 08:04:16,3,100,170,3,0,-999
22/08/2022 08:04:32,3,100,170,3,0,-999
22/08/2022 08:04:48,3,100,170,3,0,-999
22/08/2022 08:05:04,3,100,170,3,0,-999
22/08/2022 08:05:20,3,100,170,3,0,-999
22/08/2022 08:05:36,3,100,170,3,0,-999
22/08/2022 08:05:52,3,100,170,3,0,-999
22/08/2022 08:06:08,3,100,170,3,0,-999
22/08/2022 08:06:24,3,100,170,3,0,-999
22/08/2022 08:06:40,3,100,170,3,0,-999
22/08/2022 08:06:56,3,100,170,3,0,-999
22/08/2022 08:07:12,3,90,170,3,0,-999
22/08/2022 08:07:28,3,90,170,3,0,-999
22/08/2022 08:07:44,3,90,170,3,0,-999
22/08/2022 08:08:00,3,90,170,3,0,-999
22/08/2022 08:08:16,3,90,170,3,0,-999
22/08/2022 08:08:32,3,90,170,3,0,-999
22/08/2022 08:08:48,3,90,170,3,0,-999
22/08/2022 08:09:04,3,90,170,3,0,-999
22/08/2022 08:09:20,3,90,170,3,0,-999
22/08/2022 08:09:36,3,90,170,3,0,-999
22/08/2022 08:09:52,3,90,170,3,0,-999
22/08/2022 08:10:08,3,90,170,3,0,-999
22/08/2022 08:10:24,3,90,170,3,0,-999
22/08/2022 08:10:40,3,90,170,3,0,-999
22/08/2022 08:10:56,3,90,170,3,0,-999
22/08/2022 08:11:12,3,90,170,3,0,-999
22/08/2022 08:11:28,3,100,170,3,0,-999
22/08/2022 08:11:44,3,100,170,3,0,-999
22/08/2022 08:12:00,3,100,170,3,0,-999
22/08/2022 08:12:16,3,100,170,3,0,-999
22/08/2022 08:12:32,3,180,170,3,0,-999
22/08/2022 08:12:48,3,180,170,3,0,-999
22/08/2022 08:13:04,3,180,170,3,0,-999
22/08/2022 08:13:20,3,180,170,3,1,10940
22/08/2022 08:13:36,3,220,170,3,1,10940
22/08/2022 08:13:52,3,220,170,3,1,10940
22/08/2022 08:14:08,3,220,170,3,1,10940
22/08/2022 08:14:24,3,220,170,3,1,10940
22/08/2022 08:14:40,3,220,170,3,1,10910
22/08/2022 08:14:56,3,220,170,3,1,10910
22/08/2022 08:15:12,3,220,170,3,1,10900
22/08/2022 08:15:28,3,220,170,3,1,10900
22/08/2022 08:15:44,3,220,170,3,1,10900
22/08/2022 08:16:00,3,220,170,3,1,10900
22/08/2022 08:16:16,3,220,170,3,1,10900
22/08/2022 08:16:32,3,220,170,3,1,10900
22/08/2022 08:16:48,3,220,170,3,1,10900
22/08/2022 08:17:04,3,210,170,3,1,10890
22/08/2022 08:17:20,3,210,170,3,1,10890
22/08/2022 08:17:36,3,210,170,3,1,10910
22/08/2022 08:17:52,3,210,170,3,1,10910
22/08/2022 08:18:08,3,210,170,3,0,-999
22/08/2022 08:18:24,3,210,170,3,0,-999
22/08/2022 08:18:40,3,210,170,3,0,-999
22/08/2022 08:18:56,3,210,170,3,0,-999
22/08/2022 08:19:12,3,210,170,3,0,-999
22/08/2022 08:19:28,3,210,170,3,0,-999
22/08/2022 08:19:44,3,210,170,3,0,-999
22/08/2022 08:20:00,3,210,170,3,0,-999
22/08/2022 08:20:16,3,210,170,3,0,-999
22/08/2022 08:20:32,3,210,170,3,0,-999
22/08/2022 08:20:48,3,210,170,3,0,-999
22/08/2022 08:21:04,3,210,170,3,0,-999
22/08/2022 08:21:20,3,210,170,3,0,-999
22/08/2022 08:21:36,3,210,170,3,0,-999
22/08/2022 08:21:52,3,210,170,3,0,-999
22/08/2022 08:22:08,3,210,170,3,0,-999
22/08/2022 08:22:24,3,210,170,3,0,-999
22/08/2022 08:22:40,3,210,170,3,0,-999
22/08/2022 08:22:56,3,210,170,3,0,-999
22/08/2022 08:23:12,3,210,170,3,0,-999
22/08/2022 08:23:28,3,200,170,3,0,-999
22/08/2022 08:23:44,3,200,170,3,0,-999
22/08/2022 08:24:00,3,200,170,3,0,-999
22/08/2022 08:24:16,3,200,170,3,1,10910
22/08/2022 08:24:32,3,200,170,3,1,10910
22/08/2022 08:24:48,3,200,170,3,1,10920
22/08/2022 08:25:04,3,200,170,3,1,10920
22/08/2022 08:25:20,3,200,170,3,1,10920
22/08/2022 08:25:36,3,190,170,3,1,10920
22/08/2022 08:25:52,3,190,170,3,1,10930
22/08/2022 08:26:08,3,190,170,3,1,10930
22/08/2022 08:26:24,3,190,170,3,1,10930
22/08/2022 08:26:40,3,190,170,3,1,10930
22/08/2022 08:26:56,3,190,170,3,1,10930
22/08/2022 08:27:12,3,190,170,3,1,10950
22/08/2022 08:27:28,3,190,170,3,1,10950
22/08/2022 08:27:44,3,180,170,3,1,10990
22/08/2022 08:28:00,3,180,170,3,1,10990
22/08/2022 08:28:16,3,180,170,3,1,10970
22/08/2022 08:28:32,3,180,170,3,1,10970
22/08/2022 08:28:48,3,180,170,3,1,10970
22/08/2022 08:29:04,3,170,170,3,1,11000
22/08/2022 08:29:20,3,170,170,3,1,11000
22/08/2022 08:29:36,3,170,170,3,1,10950
22/08/2022 08:29:52,3,170,170,3,1,10950
22/08/2022 08:30:08,3,170,170,3,0,-999
22/08/2022 08:30:24,3,170,170,3,0,-999
22/08/2022 08:30:40,3,160,170,3,0,-999
22/08/2022 08:30:56,3,160,170,3,0,-999
22/08/2022 08:31:12,3,160,170,3,0,-999
22/08/2022 08:31:28,3,160,170,3,1,10910
22/08/2022 08:31:44,3,160,170,3,1,10910
22/08/2022 08:32:00,3,160,170,3,1,10900
22/08/2022 08:32:16,3,150,170,3,1,10900
22/08/2022 08:32:32,3,150,170,3,0,-999
22/08/2022 08:32:48,3,150,170,3,0,-999
22/08/2022 08:33:04,3,150,170,3,0,-999
22/08/2022 08:33:20,3,150,170,3,0,-999
22/08/2022 08:33:36,3,150,170,3,0,-999
22/08/2022 08:33:52,3,150,170,3,0,-999
22/08/2022 08:34:08,3,150,170,3,0,-999
22/08/2022 08:34:24,3,150,170,3,0,-999
22/08/2022 08:34:40,3,150,170,3,0,-999
22/08/2022 08:34:56,3,150,170,3,0,-999
22/08/2022 08:35:12,3,140,170,3,0,-999
22/08/2022 08:35:28,3,140,170,3,0,-999
22/08/2022 08:35:44,3,140,170,3,0,-999
22/08/2022 08:36:00,3,140,170,3,0,-999
22/08/2022 08:36:16,3,140,170,3,0,-999
22/08/2022 08:36:32,3,140,170,3,0,-999
22/08/2022 08:36:48,3,140,170,3,0,-999
22/08/2022 08:37:04,3,140,170,3,0,-999
22/08/2022 08:37:20,3,140,170,3,0,-999
22/08/2022 08:37:36,3,140,170,3,0,-999
22/08/2022 08:37:52,3,140,170,3,0,-999
22/08/2022 08:38:08,3,140,170,3,0,-999
22/08/2022 08:38:24,3,140,170,3,0,-999
22/08/2022 08:38:40,3,140,170,3,1,10790
22/08/2022 08:38:56,3,140,170,3,1,10790
22/08/2022 08:39:12,3,140,170,3,1,10780
22/08/2022 08:39:28,3,130,170,3,1,10780
22/08/2022 08:39:44,3,130,170,3,2,10800
22/08/2022 08:40:00,3,130,170,3,2,10800
22/08/2022 08:40:16,3,130,170,3,1,10970
22/08/2022 08:40:32,3,130,170,3,1,10970
22/08/2022 08:40:48,3,130,170,3,1,10970
22/08/2022 08:41:04,3,130,170,3,1,10930
22/08/2022 08:41:20,3,130,170,3,1,10930
22/08/2022 08:41:36,3,130,170,3,1,10880
22/08/2022 08:41:52,3,130,170,3,1,10880
22/08/2022 08:42:08,3,130,170,3,1,10860
22/08/2022 08:42:24,3,130,170,3,1,10860
22/08/2022 08:42:40,3,130,170,3,1,10890
22/08/2022 08:42:56,3,130,170,3,1,10890
22/08/2022 08:43:12,3,130,170,3,1,10890
22/08/2022 08:43:28,3,140,170,3,1,10890
22/08/2022 08:43:44,3,140,170,3,1,10890
22/08/2022 08:44:00,3,140,170,3,1,10880
22/08/2022 08:44:16,3,140,170,3,1,10880
22/08/2022 08:44:32,3,140,170,3,1,10860
22/08/2022 08:44:48,3,150,170,3,1,10860
22/08/2022 08:45:04,3,160,170,3,1,10850
22/08/2022 08:45:20,3,160,170,3,1,10850
22/08/2022 08:45:36,3,170,170,3,1,10850
22/08/2022 08:45:52,3,170,170,3,1,10800
22/08/2022 08:46:08,3,170,170,3,1,10800
22/08/2022 08:46:24,3,170,170,3,1,10700
22/08/2022 08:46:40,3,180,170,3,1,10700
22/08/2022 08:46:56,3,180,170,3,1,10700
22/08/2022 08:47:12,3,180,170,3,1,10700
22/08/2022 08:47:28,3,180,170,3,1,10780
22/08/2022 08:47:44,3,180,170,3,1,10780
22/08/2022 08:48:00,3,180,170,3,1,10780
22/08/2022 08:48:16,3,180,170,3,1,10790
22/08/2022 08:48:32,3,190,170,3,1,10790
22/08/2022 08:48:48,3,190,170,3,1,10770
22/08/2022 08:49:04,3,190,170,3,1,10770
22/08/2022 08:49:20,3,190,170,3,1,10760
22/08/2022 08:49:36,3,190,170,3,1,10760
22/08/2022 08:49:52,3,190,170,3,1,10780
22/08/2022 08:50:08,3,200,170,3,1,10780
22/08/2022 08:50:24,3,200,170,3,1,10780
22/08/2022 08:50:40,3,200,170,3,1,10780
22/08/2022 08:50:56,3,200,170,3,1,10780
22/08/2022 08:51:12,3,200,170,3,1,10720
22/08/2022 08:51:28,3,200,170,3,1,10720
22/08/2022 08:51:44,3,200,170,3,1,10720
22/08/2022 08:52:00,3,200,170,3,1,10720
22/08/2022 08:52:16,3,200,170,3,1,10800
22/08/2022 08:52:32,3,200,170,3,1,10800
22/08/2022 08:52:48,3,210,170,3,1,10800
22/08/2022 08:53:04,3,210,170,3,1,10790
22/08/2022 08:53:20,3,210,170,3,1,10790
22/08/2022 08:53:36,3,210,170,3,1,10700
22/08/2022 08:53:52,3,210,170,3,1,10700
22/08/2022 08:54:08,3,210,170,3,1,10700
22/08/2022 08:54:24,3,210,170,3,1,10700
22/08/2022 08:54:40,3,210,170,3,1,10780
22/08/2022 08:54:56,3,210,170,3,1,10780
22/08/2022 08:55:12,3,210,170,3,1,10780
22/08/2022 08:55:28,3,210,170,3,0,-999
22/08/2022 08:55:44,3,220,170,3,0,-999
22/08/2022 08:56:00,3,220,170,3,0,-999
22/08/2022 08:56:16,3,220,170,3,0,-999
22/08/2022 08:56:32,3,220,170,3,0,-999
22/08/2022 08:56:48,3,220,170,3,0,-999
22/08/2022 08:57:04,3,220,170,3,0,-999
22/08/2022 08:57:20,3,220,170,3,0,-999
22/08/2022 08:57:36,3,220,170,3,0,-999
22/08/2022 08:57:52,3,220,170,3,0,-999
22/08/2022 08:58:08,3,220,170,3,0,-999
22/08/2022 08:58:24,3,220,170,3,0,-999
22/08/2022 08:58:40,3,230,170,3,0,-999
22/08/2022 08:58:56,3,230,170,3,0,-999
22/08/2022 08:59:12,3,230,170,3,0,-999
22/08/2022 08:59:28,3,230,170,3,0,-999
22/08/2022 08:59:44,3,230,170,3,0,-999
22/08/2022 09:00:00,3,230,170,3,0,-999
22/08/2022 09:00:16,3,230,170,3,0,-999
22/08/2022 09:00:32,3,240,170,3,0,-999
22/08/2022 09:00:48,3,240,170,3,0,-999
22/08/2022 09:01:04,3,240,170,3,0,-999
22/08/2022 09:01:20,3,240,170,3,0,-999
22/08/2022 09:01:36,3,240,170,3,0,-999
22/08/2022 09:01:52,3,240,170,3,0,-999
22/08/2022 09:02:08,3,240,170,3,0,-999
22/08/2022 09:02:24,3,240,170,3,0,-999
22/08/2022 09:02:40,3,240,170,3,0,-999
22/08/2022 09:02:56,3,240,170,3,0,-999
22/08/2022 09:03:12,3,240,170,3,0,-999
22/08/2022 09:03:28,3,250,170,3,0,-999
22/08/2022 09:03:44,3,250,170,3,0,-999
22/08/2022 09:04:00,3,250,170,3,0,-999
22/08/2022 09:04:16,3,250,170,3,0,-999
22/08/2022 09:04:32,3,250,170,3,0,-999
22/08/2022 09:04:48,3,250,170,3,0,-999
22/08/2022 09:05:04,3,250,170,3,0,-999
22/08/2022 09:05:20,3,250,170,3,0,-999
22/08/2022 09:05:36,3,250,170,3,0,-999
22/08/2022 09:05:52,3,250,170,3,0,-999
22/08/2022 09:06:08,3,250,170,3,0,-999
22/08/2022 09:06:24,3,250,170,3,0,-999
22/08/2022 09:06:40,3,250,170,3,0,-999
22/08/2022 09:06:56,3,250,170,3,0,-999
22/08/2022 09:07:12,3,250,170,3,0,-999
22/08/2022 09:07:28,3,250,170,3,1,10970
22/08/2022 09:07:44,3,250,170,3,1,10970
22/08/2022 09:08:00,3,250,170,3,1,11030
22/08/2022 09:08:16,3,250,170,3,1,11030
22/08/2022 09:08:32,3,250,170,3,1,11000
22/08/2022 09:08:48,3,250,170,3,1,11000
22/08/2022 09:09:04,3,250,170,3,1,10880
22/08/2022 09:09:20,3,250,170,3,1,10880
22/08/2022 09:09:36,3,250,170,3,1,10880
22/08/2022 09:09:52,3,250,170,3,1,10820
22/08/2022 09:10:08,3,250,170,3,1,10820
22/08/2022 09:10:24,3,250,170,3,1,10820
22/08/2022 09:10:40,3,250,170,3,1,10820
22/08/2022 09:10:56,3,250,170,3,1,10820
22/08/2022 09:11:12,3,250,170,3,1,10820
22/08/2022 09:11:28,3,250,170,3,1,10930
22/08/2022 09:11:44,3,250,170,3,1,10930
22/08/2022 09:12:00,3,250,170,3,1,10930
22/08/2022 09:12:16,3,250,170,3,1,10910
22/08/2022 09:12:32,3,250,170,3,1,10910
22/08/2022 09:12:48,3,250,170,3,1,10870
22/08/2022 09:13:04,3,250,170,3,1,10870
22/08/2022 09:13:20,3,250,170,3,1,10840
22/08/2022 09:13:36,3,250,170,3,1,10840
22/08/2022 09:13:52,3,250,170,3,1,10840
22/08/2022 09:14:08,3,250,170,3,1,10840
22/08/2022 09:14:24,3,250,170,3,1,10840
22/08/2022 09:14:40,3,250,170,3,0,-999
22/08/2022 09:14:56,3,250,170,3,0,-999
22/08/2022 09:15:12,3,250,170,3,0,-999
22/08/2022 09:15:28,3,250,170,3,0,-999
22/08/2022 09:15:44,3,250,170,3,0,-999
22/08/2022 09:16:00,3,250,170,3,0,-999
22/08/2022 09:16:16,3,250,170,3,0,-999
22/08/2022 09:16:32,3,250,170,3,0,-999
22/08/2022 09:16:48,3,250,170,3,0,-999
22/08/2022 09:17:04,3,250,170,3,0,-999
22/08/2022 09:17:20,3,250,170,3,0,-999
22/08/2022 09:17:36,3,250,170,3,0,-999
22/08/2022 09:17:52,3,250,170,3,0,-999
22/08/2022 09:18:08,3,250,170,3,0,-999
22/08/2022 09:18:24,3,250,170,3,0,-999
22/08/2022 09:18:40,3,260,170,3,0,-999
22/08/2022 09:18:56,3,260,170,3,0,-999
22/08/2022 09:19:12,3,260,170,3,0,-999
22/08/2022 09:19:28,3,260,170,3,0,-999
22/08/2022 09:19:44,3,260,170,3,0,-999
22/08/2022 09:20:00,3,260,170,3,0,-999
22/08/2022 09:20:16,3,260,170,3,0,-999
22/08/2022 09:20:32,3,260,170,3,0,-999
22/08/2022 09:20:48,3,260,170,3,0,-999
22/08/2022 09:21:04,3,260,170,3,0,-999
22/08/2022 09:21:20,3,260,170,3,0,-999
22/08/2022 09:21:36,3,260,170,3,0,-999
22/08/2022 09:21:52,3,260,170,3,0,-999
22/08/2022 09:22:08,3,270,170,3,0,-999
22/08/2022 09:22:24,3,270,170,3,0,-999
22/08/2022 09:22:40,3,270,170,3,0,-999
22/08/2022 09:22:56,3,270,170,3,0,-999
22/08/2022 09:23:12,3,270,170,3,0,-999
22/08/2022 09:23:28,3,270,170,3,0,-999
22/08/2022 09:23:44,3,270,170,3,0,-999
22/08/2022 09:24:00,3,270,170,3,0,-999
22/08/2022 09:24:16,3,270,170,3,0,-999
22/08/2022 09:24:32,3,270,170,3,0,-999
22/08/2022 09:24:48,3,270,170,3,0,-999
22/08/2022 09:25:04,3,270,170,3,0,-999
22/08/2022 09:25:20,3,270,170,3,0,-999
22/08/2022 09:25:36,3,270,170,3,0,-999
22/08/2022 09:25:52,3,270,170,3,0,-999
22/08/2022 09:26:08,3,270,170,3,0,-999
22/08/2022 09:26:24,3,270,170,3,0,-999
22/08/2022 09:26:40,3,270,170,3,0,-999
22/08/2022 09:26:56,3,270,170,3,0,-999
22/08/2022 09:27:12,3,270,170,3,0,-999
22/08/2022 09:27:28,3,270,170,3,0,-999
22/08/2022 09:27:44,3,270,170,3,0,-999
22/08/2022 09:28:00,3,270,170,3,0,-999
22/08/2022 09:28:16,3,270,170,3,0,-999
22/08/2022 09:28:32,3,270,170,3,0,-999
22/08/2022 09:28:48,3,270,170,3,0,-999
22/08/2022 09:29:04,3,270,170,3,0,-999
22/08/2022 09:29:20,3,270,170,3,0,-999
22/08/2022 09:29:36,3,270,170,3,0,-999
22/08/2022 09:29:52,3,270,170,3,0,-999
22/08/2022 09:30:08,3,270,170,3,0,-999
22/08/2022 09:30:24,3,270,170,3,0,-999
22/08/2022 09:30:40,3,270,170,3,0,-999
22/08/2022 09:30:56,3,270,170,3,0,-999
22/08/2022 09:31:12,3,270,170,3,0,-999
22/08/2022 09:31:28,3,270,170,3,0,-999
22/08/2022 09:31:44,3,270,170,3,0,-999
22/08/2022 09:32:00,3,270,170,3,0,-999
22/08/2022 09:32:16,3,280,170,3,0,-999
22/08/2022 09:32:32,3,280,170,3,0,-999
22/08/2022 09:32:48,3,280,170,3,0,-999
22/08/2022 09:33:04,3,280,170,3,0,-999
22/08/2022 09:33:20,3,280,170,3,0,-999
22/08/2022 09:33:36,3,290,170,3,0,-999
22/08/2022 09:33:52,3,290,170,3,0,-999
22/08/2022 09:34:08,3,290,170,3,0,-999
22/08/2022 09:34:24,3,290,170,3,0,-999
22/08/2022 09:34:40,3,290,170,3,0,-999
22/08/2022 09:34:56,3,290,170,3,0,-999
22/08/2022 09:35:12,3,290,170,3,0,-999
22/08/2022 09:35:28,3,290,170,3,0,-999
22/08/2022 09:35:44,3,290,170,3,0,-999
22/08/2022 09:36:00,3,300,170,3,0,-999
22/08/2022 09:36:16,3,300,170,3,0,-999
22/08/2022 09:36:32,3,300,170,3,0,-999
22/08/2022 09:36:48,3,1030,170,3,0,-999
22/08/2022 09:37:04,3,1040,170,3,0,-999
22/08/2022 09:37:20,3,1060,170,3,0,-999
22/08/2022 09:37:36,3,1070,170,3,0,-999
22/08/2022 09:37:52,3,1080,170,3,0,-999
22/08/2022 09:38:08,3,1080,170,3,0,-999
22/08/2022 09:38:24,3,1080,170,3,0,-999
22/08/2022 09:38:40,3,1070,170,3,0,-999
22/08/2022 09:38:56,3,1060,170,3,0,-999
22/08/2022 09:39:12,3,1060,170,3,0,-999
22/08/2022 09:39:28,3,1050,170,3,0,-999
22/08/2022 09:39:44,3,1040,170,3,0,-999
22/08/2022 09:40:00,3,1020,170,3,0,-999
22/08/2022 09:40:16,3,1000,170,3,0,-999
22/08/2022 09:40:32,3,1000,170,3,0,-999
22/08/2022 09:40:48,3,990,170,3,0,-999
22/08/2022 09:41:04,3,980,170,3,0,-999
22/08/2022 09:41:20,3,960,170,3,0,-999
22/08/2022 09:41:36,3,970,170,3,0,-999
22/08/2022 09:41:52,3,990,170,3,0,-999
22/08/2022 09:42:08,3,970,170,3,0,-999
22/08/2022 09:42:24,3,950,170,3,0,-999
22/08/2022 09:42:40,3,930,170,3,0,-999
22/08/2022 09:42:56,3,920,170,3,0,-999
22/08/2022 09:43:12,3,910,170,3,0,-999
22/08/2022 09:43:28,3,910,170,3,0,-999
22/08/2022 09:43:44,3,900,170,3,0,-999
22/08/2022 09:44:00,3,910,170,3,0,-999
22/08/2022 09:44:16,3,910,170,3,0,-999
22/08/2022 09:44:32,3,910,170,3,0,-999
22/08/2022 09:44:48,3,910,170,3,0,-999
22/08/2022 09:45:04,3,900,170,3,0,-999
22/08/2022 09:45:20,3,910,170,3,0,-999
22/08/2022 09:45:36,3,920,170,3,0,-999
22/08/2022 09:45:52,3,920,170,3,0,-999
22/08/2022 09:46:08,3,930,170,3,0,-999
22/08/2022 09:46:24,3,920,170,3,0,-999
22/08/2022 09:46:40,3,460,170,3,0,-999
22/08/2022 09:46:56,3,460,170,3,0,-999
22/08/2022 09:47:12,3,460,170,3,0,-999
22/08/2022 09:47:28,3,460,170,3,0,-999
22/08/2022 09:47:44,3,460,170,3,0,-999
22/08/2022 09:48:00,3,460,170,3,0,-999
22/08/2022 09:48:16,3,460,170,3,0,-999
22/08/2022 09:48:32,3,460,170,3,0,-999
22/08/2022 09:48:48,3,460,170,3,0,-999
22/08/2022 09:49:04,3,460,170,3,0,-999
22/08/2022 09:49:20,3,460,170,3,0,-999
22/08/2022 09:49:36,3,460,170,3,0,-999
22/08/2022 09:49:52,3,460,170,3,0,-999
22/08/2022 09:50:08,3,460,170,3,0,-999
22/08/2022 09:50:24,3,460,170,3,0,-999
22/08/2022 09:50:40,3,460,170,3,0,-999
22/08/2022 09:50:56,3,460,170,3,0,-999
22/08/2022 09:51:12,3,460,170,3,0,-999
22/08/2022 09:51:28,3,460,170,3,0,-999
22/08/2022 09:51:44,3,460,170,3,0,-999
22/08/2022 09:52:00,3,460,170,3,0,-999
22/08/2022 09:52:16,3,450,170,3,0,-999
22/08/2022 09:52:32,3,450,170,3,0,-999
22/08/2022 09:52:48,3,450,170,3,0,-999
22/08/2022 09:53:04,3,450,170,3,0,-999
22/08/2022 09:53:20,3,440,170,3,0,-999
22/08/2022 09:53:36,3,440,170,3,1,10500
22/08/2022 09:53:52,3,440,170,3,1,10500
22/08/2022 09:54:08,3,440,170,3,1,10320
22/08/2022 09:54:24,3,430,170,3,1,10320
22/08/2022 09:54:40,3,430,170,3,1,10320
22/08/2022 09:54:56,3,430,170,3,1,10320
22/08/2022 09:55:12,3,420,170,3,1,10320
22/08/2022 09:55:28,3,420,170,3,0,-999
22/08/2022 09:55:44,3,420,170,3,0,-999
22/08/2022 09:56:00,3,420,170,3,0,-999
22/08/2022 09:56:16,3,420,170,3,0,-999
22/08/2022 09:56:32,3,420,170,3,0,-999
22/08/2022 09:56:48,3,420,170,3,0,-999
22/08/2022 09:57:04,3,420,170,3,0,-999
22/08/2022 09:57:20,3,410,170,3,0,-999
22/08/2022 09:57:36,3,410,170,3,0,-999
22/08/2022 09:57:52,3,400,170,3,0,-999
22/08/2022 09:58:08,3,400,170,3,0,-999
22/08/2022 09:58:24,3,400,170,3,0,-999
22/08/2022 09:58:40,3,400,170,3,0,-999
